id,target
0,654.6982225046967
1,705.5898026611083
2,807.8643382203378
3,676.8514323204812
4,696.7044803762943
5,750.1251997093085
6,292.0554523768102
7,702.5401602401554
8,760.7355270048159
9,684.5920458353085
10,743.0769490826302
11,711.6853579928462
12,312.37923994222257
13,716.5643945614094
14,416.87954017425216
15,711.1233428452443
16,695.4041803353044
17,390.98569607914925
18,773.1868680043598
19,301.4301607439006
20,431.89387892669174
21,702.4647534916663
22,853.6718416925877
23,701.2377794284398
24,673.7873944440835
25,306.173125993745
26,306.4768053099046
27,690.4440392824278
28,361.75069367490755
29,699.8876932034545
30,765.2378456629701
31,735.2207581383008
32,396.5708941976255
33,748.8752566120456
34,314.6599641247668
35,698.7532610107208
36,682.2323804888615
37,675.5367840879612
38,714.7268283076493
39,299.4037697212041
40,680.7327890077905
41,847.06805780702
42,725.5233734911579
43,302.70258842321545
44,766.5132464395394
45,712.985069433347
46,753.2175687575794
47,652.1735245850966
48,729.232868639589
49,721.4983703356436
50,837.6550349708523
51,710.6296863233417
52,649.6802344602008
53,405.7211180009923
54,762.9132290405962
55,673.9745170309885
56,707.2668294354717
57,706.3894983411581
58,390.34655887652383
59,751.059721708737
60,676.5385692945348
61,703.8010192595406
62,697.1996924692388
63,834.7749128924656
64,288.8107268214311
65,747.5951811460033
66,706.1020253844657
67,722.8381403422064
68,687.9787828521418
69,715.2163294754323
70,717.5425658181248
71,724.5815984003347
72,653.7550524317772
73,679.4418384197795
74,746.3833149703253
75,810.0974497900269
76,317.46648770296173
77,704.931546110824
78,327.9630177769216
79,849.4646584621538
80,696.1926167730502
81,684.3881224910526
82,676.1403162387512
83,508.0272778526055
84,751.7172512318458
85,677.2929511633778
86,708.7788257696619
87,716.6982292602023
88,697.3818550020786
89,700.1706173991994
90,307.71102588790905
91,688.1387518704881
92,293.5322660471498
93,671.0737665579555
94,761.5431166102471
95,714.2034311118989
96,668.2422261490966
97,676.9024485985346
98,697.5902594969282
99,721.4867901372514
100,780.1291526833227
101,411.8158419204145
102,750.9050852015885
103,220.76961665156335
104,661.9998527683946
105,620.8778871982199
106,672.4370701982504
107,519.2243966554216
108,676.0280099806032
109,326.98455959868693
110,306.1517952757962
111,399.4317592507746
112,404.03964143984985
113,520.2067421558323
114,397.28929964044767
115,833.1079392490675
116,309.6372378110695
117,753.2240244806515
118,293.3359357544571
119,701.4707053341358
120,735.123148953555
121,660.3189896881485
122,277.59095875345076
123,676.5988710254518
124,813.6466777404609
125,707.1768135047416
126,680.625926040934
127,295.3127025616775
128,705.0444402113546
129,399.72472456469666
130,729.8983992293352
131,713.3566271714831
132,733.4981935570685
133,673.8470896784942
134,719.6161789067571
135,299.51445698501067
136,684.8980101477981
137,537.9678135341796
138,675.8538022399222
139,724.5800479687423
140,428.80446336860297
141,682.9913083435132
142,681.7416341300216
143,687.4370784142756
144,746.386016699393
145,405.8361026426141
146,651.5687574200197
147,728.2133910233874
148,696.0154206976691
149,398.63870703285585
150,853.2705462655291
151,849.5366580045818
152,683.0845280875128
153,682.240261505631
154,726.1915772950165
155,679.6533070375211
156,665.3988643780223
157,722.9547417151484
158,821.2673926237894
159,721.4975940429731
160,757.0505734114003
161,654.1202805829996
162,694.4923374798393
163,735.1030602394001
164,722.6610780138366
165,570.7863892729297
166,740.4734384619762
167,394.6394636574348
168,675.5293280539415
169,654.7750816698511
170,297.5084240646197
171,743.1146858730391
172,724.5622072229718
173,733.5681930351085
174,684.3997043876107
175,302.38488443445533
176,336.2849752074269
177,760.1015507172131
178,842.1199436041221
179,726.327295111628
180,660.6275023731502
181,701.8018955654865
182,772.922591702408
183,591.0072328102227
184,698.931459441807
185,752.9964929947689
186,755.8450127519562
187,753.4733755461316
188,712.2405432895196
189,208.05168736948326
190,683.9331808695705
191,703.5229660621012
192,727.7924151788186
193,706.251618246751
194,401.05821097642115
195,405.97191548132065
196,707.2487914172196
197,701.8862054067881
198,691.7710421057584
199,732.5841210673918
200,672.4977621894461
201,691.8707082964254
202,684.1337374126313
203,722.0581932748385
204,678.637527585038
205,718.616766115324
206,682.3107323265857
207,295.1841879113794
208,706.8858863355366
209,643.5758702981072
210,709.7118235324868
211,688.5645892878609
212,748.5192977576812
213,723.9598462091102
214,674.3155098570267
215,852.1356522531128
216,679.3347705420688
217,715.3572974947344
218,720.6199375459956
219,667.9676053026601
220,392.5118642655892
221,847.8335792151559
222,656.02862169875
223,751.8999669777897
224,296.55462037072743
225,749.6536329254479
226,646.8003967197315
227,203.90608727367197
228,672.2656091612341
229,304.9479311188625
230,746.8661790495602
231,743.7797164505524
232,662.0735121283942
233,714.4732129148706
234,817.5470077772636
235,783.068862808369
236,684.3025904969974
237,679.5375998392127
238,689.9666603634209
239,704.757960011216
240,678.4005791523582
241,772.8720225673906
242,192.5403001909005
243,322.5959991300619
244,703.4248762046907
245,747.9494062828571
246,181.26041133532135
247,740.8612933907862
248,294.80269609078255
249,303.4016441307343
250,697.477476055784
251,671.4010074154594
252,700.5152190662064
253,714.5754154383678
254,680.3767574267456
255,651.8708294818293
256,191.5523404364219
257,400.7298052180612
258,740.5080767022671
259,409.20676961190696
260,727.0727482338156
261,748.5866794197742
262,268.97978855963197
263,598.178552345939
264,403.8189483864484
265,412.83284349265244
266,693.4547697547198
267,551.8965464383978
268,768.1777158795562
269,718.8844001312129
270,671.9356237480641
271,707.2670608888742
272,723.5746800211037
273,410.515629062182
274,648.3365829359097
275,750.5219878892751
276,169.11648563251617
277,812.7463122401114
278,500.79590897433565
279,701.0048850850236
280,713.6038650185537
281,699.6598868010844
282,678.8969028336264
283,660.5009391683438
284,717.5274438180676
285,754.243075912247
286,717.4197214666277
287,294.1252513117847
288,729.0413634579127
289,686.9188534896305
290,723.8131372934929
291,717.9809397951562
292,672.0153052005247
293,720.3977277310194
294,701.5640435346863
295,730.2346123180666
296,712.2234842876251
297,299.06501217848745
298,295.01496667796994
299,687.4409597823435
300,723.4594210665382
301,641.9392203067102
302,727.60444484918
303,746.6112054821691
304,714.3014364522934
305,695.5943562494991
306,754.0335257567732
307,655.1720098305375
308,400.1777965478309
309,779.8258866725836
310,765.5381995780843
311,739.7734799346941
312,714.0762959816478
313,292.70989595175735
314,653.8510863778743
315,677.9498403684664
316,673.1751439435999
317,848.5782824565385
318,689.3457480799442
319,291.3130359129943
320,710.7133769256092
321,703.7863872548422
322,265.4982546757066
323,657.5247047647451
324,411.306119073691
325,850.5673491340397
326,707.8406823540201
327,838.7805741934861
328,767.3159685791738
329,767.34241047366
330,772.1786357954153
331,724.9947472618575
332,750.3210240766998
333,303.2231284138408
334,292.8870849451833
335,310.29192710799094
336,237.42007799762155
337,738.0132893241037
338,704.2260749019052
339,720.4167004301551
340,730.7339468689295
341,401.041074374036
342,726.9759292728469
343,710.8970871703432
344,751.4973104481128
345,832.3028619905147
346,705.8749638982044
347,637.9020958099181
348,301.35827296436355
349,326.5526638635271
350,703.7670408717681
351,700.2975426201191
352,676.7590766138459
353,228.97039146295504
354,730.8552312455532
355,717.1103599084296
356,750.7284211663002
357,723.756337490318
358,700.8087853596554
359,668.6232834055642
360,690.0746721802066
361,776.063014464725
362,759.5116846446314
363,677.4823333111952
364,852.8511838314731
365,715.6043612257836
366,682.7896150793536
367,676.4500922506786
368,397.8406031854963
369,728.9436962989125
370,408.31578285581384
371,527.7175047412336
372,722.2631657002894
373,700.3368554903592
374,711.2304654454445
375,845.9813972666689
376,181.5086746149786
377,665.6632509214088
378,667.5619803497326
379,705.0177628003506
380,447.7196669989899
381,682.7586033874973
382,714.8396830367474
383,664.2064008463776
384,667.2025584342506
385,732.3221680479958
386,472.25319815322064
387,686.3479959607164
388,303.565862248478
389,750.8189915455534
390,851.1014852533431
391,716.4688083929461
392,734.3176980290511
393,708.5583395671955
394,696.5720089658354
395,729.8636492003009
396,716.5567509542899
397,787.4148914601592
398,705.6978694746531
399,779.4492647239443
400,716.5823506650024
401,736.7460390731082
402,698.0112057340217
403,496.3754102932801
404,724.1477013135277
405,758.8988919710994
406,722.7699551453366
407,673.8162958201416
408,709.9518182889143
409,314.3217438373534
410,295.0781686003145
411,728.7843694094777
412,708.7144553590625
413,555.1216214668098
414,318.06735941921374
415,708.7867219131874
416,396.3693009378175
417,306.3983706898081
418,757.6387281431981
419,680.6271967198178
420,676.7639164492683
421,719.0447304109733
422,696.1390924827089
423,722.5528669504894
424,675.6038339272293
425,626.2041704332029
426,692.5008342395333
427,729.6200395798423
428,704.8421868256955
429,723.8134088207859
430,774.1888691065622
431,699.2664338934582
432,297.4660915132029
433,436.9685678150813
434,694.540409278549
435,746.5910507453787
436,749.712079369592
437,748.7317140579623
438,733.6744882177519
439,296.1547046847913
440,445.5811898452572
441,728.0888646458093
442,670.2418507252071
443,786.2459715872526
444,748.2346190122984
445,644.2566599215613
446,702.7687048139221
447,683.9611496595976
448,701.447456212582
449,284.92630507861145
450,514.0402941652264
451,697.9179075133555
452,656.1033520521792
453,183.24621664584635
454,676.401039861748
455,701.5562853901243
456,760.1919149078254
457,739.3623215050336
458,734.861231959919
459,676.8612055375985
460,711.3684376965267
461,691.5939338958339
462,741.3550422742867
463,701.1768166757843
464,292.7363407962349
465,704.3327200082415
466,678.3817586740392
467,416.0708607935534
468,752.439269817256
469,295.18889373200204
470,668.5777175296923
471,747.7796826575982
472,523.4228943900058
473,687.8273687132562
474,684.6006509910952
475,405.75150913994486
476,848.3367193694829
477,700.6076848607927
478,837.1563847996898
479,289.57436222004867
480,427.60125661009806
481,694.8080838329838
482,725.3550089455135
483,248.12576838737937
484,696.5561417657387
485,718.7680855896099
486,485.6215474986484
487,687.9831844932074
488,662.5406442333443
489,684.4310962802726
490,736.6669484977549
491,733.94878288387
492,654.8664007604415
493,303.10609654540565
494,644.0629425258492
495,657.5331580618156
496,717.5259071636603
497,730.4531748564941
498,679.7199741695339
499,628.4303887197168
500,293.56193953997234
501,725.6304884213629
502,318.6221264720904
503,412.8222931332624
504,702.3600871262375
505,768.1109042466526
506,677.8711504455532
507,673.7762072414026
508,725.4139204619023
509,406.5267023154005
510,427.40223531299273
511,764.671931923311
512,702.4109621148972
513,713.8829914728357
514,740.6273787138061
515,663.8261880535172
516,851.990442836411
517,761.4057843667417
518,707.3344466720366
519,660.1406687737543
520,706.8243112844654
521,675.3011736479393
522,681.1426126739162
523,711.3711162021332
524,626.0580249562763
525,288.2833606296648
526,406.8643927917937
527,695.953300577636
528,724.09897542392
529,810.1411977907883
530,706.3551932150679
531,733.6812179547838
532,667.0344599169067
533,716.2604447350257
534,707.330892521076
535,705.4751681369492
536,702.7863350309426
537,680.6193488123813
538,672.1609967987184
539,650.5934945720321
540,675.1604898558484
541,262.99667393776576
542,849.1865870691812
543,729.5027189291562
544,725.2212289059984
545,679.7484416592363
546,664.0226630760362
547,842.5931405235276
548,142.2456796754875
549,658.0794728769588
550,682.5719794001322
551,549.3976309785293
552,312.17066960762116
553,725.1164323481011
554,297.4888487039539
555,423.2695612212224
556,739.9855405657602
557,727.379220459423
558,293.7335159053688
559,680.1037351100682
560,522.0034941051152
561,697.2374354023199
562,756.2076481636133
563,289.227557167748
564,713.4557994172322
565,396.98873100491187
566,849.674213761154
567,673.1464132606515
568,827.0807093984627
569,708.7286261570628
570,317.51249658224657
571,678.4741892385381
572,665.4068344759426
573,705.1144619873392
574,674.9443988936677
575,750.3282282072773
576,734.3192751533974
577,440.69713952061505
578,754.0524790650127
579,768.443121143798
580,740.3759805295095
581,705.8044609694329
582,734.044473343327
583,742.4548200930725
584,707.0575300929148
585,774.5168704150966
586,710.282921343389
587,773.0208421682598
588,748.8680825973945
589,694.6789812659165
590,663.5188698114903
591,727.9142479523111
592,750.7891151145408
593,305.99809474487785
594,676.1910076368453
595,692.6835719385813
596,693.1522025567001
597,711.843250065072
598,848.4995929845725
599,643.2070651328479
600,654.7266213419828
601,673.1084750067076
602,749.2056407935776
603,851.3799686605946
604,767.5950380369851
605,179.05065130708425
606,296.08332147320334
607,752.7102586945285
608,658.8363463405976
609,750.2616183998342
610,678.1074728659023
611,707.7578196842221
612,571.6650269006674
613,702.2754004395644
614,741.9985196318657
615,827.694546671938
616,703.9046168107512
617,637.491539487519
618,666.6449765023649
619,304.55806218178134
620,750.0801251062185
621,712.3193103202456
622,321.16923779308325
623,678.638320086073
624,489.98219351985176
625,842.5017461530786
626,716.2634170655805
627,691.3883954312593
628,694.5463975794896
629,716.8420898396269
630,207.41574754655238
631,741.9903931389231
632,663.9506203380248
633,671.8658811563029
634,747.9643614851705
635,650.2650953120467
636,675.9566430391712
637,686.4705255897942
638,738.6008276041739
639,691.27499584164
640,684.5895165608819
641,672.5398331102375
642,309.42660272490417
643,299.73460086829664
644,655.0400633108569
645,753.5576444965487
646,693.56315979363
647,655.2694553771538
648,635.8806408445423
649,671.1832035393495
650,219.82531453300152
651,400.4346170151358
652,676.4618636527086
653,696.3210504942781
654,280.40410323922134
655,688.6369041698035
656,705.9955469655368
657,674.0855174644854
658,726.1928237397711
659,842.381328364194
660,654.7146281794544
661,302.6300109766164
662,696.7557252889296
663,405.3644759333874
664,703.2358118357829
665,687.5568845563515
666,764.9651080868533
667,850.9018291507441
668,712.4677462427107
669,766.7159737407517
670,706.3878075996994
671,399.472139525152
672,670.7321631933676
673,766.7696429211358
674,851.4817520110805
675,748.9853936129067
676,401.0082839378856
677,686.0064288513951
678,700.4306591438537
679,402.6668078581742
680,683.1372119801932
681,727.979353939717
682,851.5760728097856
683,667.9798959877355
684,741.9934462171963
685,410.2578998455653
686,744.4336843300798
687,720.4367301938947
688,719.7047915020028
689,438.5664273749165
690,718.9697202344643
691,722.6719977819603
692,299.58426021931984
693,701.004462941172
694,664.9794705761017
695,729.338199177081
696,680.4255042602032
697,743.5931048352888
698,732.0777552195502
699,709.6863103109647
700,744.8348607419113
701,721.7872174275201
702,777.7971851534112
703,720.3466275631362
704,301.3633244995782
705,676.2808492210578
706,565.7805170657177
707,307.5355088311167
708,746.2385213499152
709,688.5530033462044
710,725.2009017677741
711,737.8996994829049
712,681.7913914512145
713,848.8552078144423
714,654.585465011014
715,678.2900780404307
716,730.5797783311508
717,660.9085450640791
718,666.5850244017706
719,681.9877982493235
720,667.6788253003964
721,688.5159144311649
722,724.0218919696189
723,163.79687633328365
724,674.5124643872266
725,650.1870307275851
726,686.3322656395272
727,691.1511041845441
728,706.6983716837947
729,396.18293487943527
730,655.0150651943264
731,315.2726297798639
732,688.5770968957005
733,667.2019414581762
734,496.3108807385586
735,730.2413742644744
736,397.2932838870332
737,744.0445978439684
738,631.8658895263516
739,297.70875334785023
740,690.467144936073
741,829.3413010674483
742,299.2780872927664
743,694.0070578299859
744,676.6922630487156
745,297.60349053729243
746,652.8412991191362
747,692.0104940115892
748,709.0101821821374
749,673.7189243564304
750,716.7590072506623
751,827.3309216516043
752,404.6929353947132
753,248.0717551448485
754,702.4973696814753
755,293.97722065393106
756,677.7480352118126
757,207.1539614502231
758,654.6737370156987
759,264.24716868701523
760,406.2105417635737
761,850.5568615242837
762,394.72767938139214
763,755.9070092304725
764,300.1812439897995
765,736.9355331933089
766,781.5054181255983
767,776.4726133543013
768,741.4229541092609
769,645.0828192211077
770,673.9412511705559
771,388.4548195025129
772,677.9665102093867
773,673.5384408186328
774,410.14855419207356
775,393.0361570341884
776,748.5457111532829
777,692.829454340912
778,401.50092235631706
779,708.3623498189146
780,416.8833794942998
781,400.13642539331926
782,671.651232921111
783,748.3613850792036
784,744.4826889311618
785,700.2604687148088
786,742.3189399647677
787,302.28491738189246
788,404.5343225880408
789,399.2110764989115
790,698.0293387166618
791,778.1817735107237
792,685.5255210590337
793,749.011265152531
794,477.2481666404703
795,738.9534108612083
796,681.665591160144
797,707.1563574786331
798,751.6785620812399
799,732.5692521681572
800,687.1804302046171
801,613.7572833483191
802,701.7750080356273
803,668.6287523266815
804,663.6789065069871
805,677.1260243864522
806,685.873947745432
807,697.7596608204971
808,830.3521941489771
809,698.3862763248131
810,716.1525258253128
811,543.39522018308
812,690.6473924748316
813,301.75404402139327
814,400.6921659209529
815,699.775923838684
816,775.3820537333319
817,701.7360740399012
818,728.9874123378718
819,839.1955088043505
820,231.07084300484365
821,719.8131474003226
822,700.042571434362
823,644.945485155168
824,413.1364953531077
825,307.56795551342816
826,736.6081750749008
827,742.596208006088
828,541.4229100036164
829,699.9732812087944
830,301.6502024549252
831,736.1678107462784
832,730.4511768889225
833,279.7188314947537
834,726.2918787882364
835,718.5624795260011
836,812.7922121622046
837,716.0484762211731
838,733.8873710648245
839,421.026172563747
840,728.6263042556493
841,844.8211289009736
842,717.0122521524934
843,691.0699587267251
844,719.3440916165961
845,738.7396139640991
846,444.21907978555566
847,396.112815498758
848,686.3556922889622
849,260.0352767938871
850,655.135580474863
851,400.6102148248759
852,745.1188249833311
853,327.8717476401417
854,294.39996962467313
855,735.0860229159007
856,711.3305772676022
857,734.2957233823267
858,703.3429203228428
859,847.1603286782068
860,729.5125778040543
861,399.5519163645514
862,811.8620924092018
863,396.92795080976316
864,707.0411025321082
865,228.28667332274807
866,424.1948698189122
867,730.4877989564793
868,207.54222007010856
869,742.331251233797
870,515.9476299242378
871,728.4153101637355
872,686.9773888399103
873,727.7717146030169
874,308.56353446980256
875,707.1296265020854
876,779.1563452279427
877,680.2113171718865
878,680.1677170153788
879,674.3060834329453
880,401.84444627381146
881,396.5971558346355
882,192.36517956499551
883,717.0936416577432
884,724.9806766342108
885,719.2487775335665
886,682.8583061058538
887,692.3768832241055
888,695.1022227320191
889,744.3269437126783
890,672.6373037168485
891,753.4556360649726
892,741.9254230061565
893,272.6676236677726
894,412.46086735135935
895,682.4356531184851
896,411.16459393820776
897,666.4533146000834
898,708.8046535408226
899,700.9952832395581
900,719.2848101990481
901,692.3899949713498
902,414.2046126178485
903,673.1364953687664
904,524.0222852036117
905,807.5502866998211
906,699.9772161351191
907,732.39264143809
908,404.65718675880265
909,745.954002262862
910,198.20708995452907
911,658.6338182283907
912,638.9403222433473
913,413.3768689479794
914,726.0681598095821
915,708.9196318181323
916,676.2516263595727
917,702.7732575355151
918,834.0546521090421
919,685.8567824763364
920,667.5398811596934
921,171.210888849716
922,400.25460394589464
923,752.5085142199026
924,720.3865528263702
925,304.50143940065254
926,285.4027143686579
927,667.9039340853188
928,400.5866599071352
929,847.5977452886142
930,662.6600769540294
931,677.3266216838799
932,640.0576704939112
933,722.7869441318587
934,397.38726826483406
935,171.03091086748276
936,737.3648501004081
937,661.0136159721501
938,669.4424553517017
939,678.4898741423413
940,409.9408985266759
941,398.4991728791446
942,682.7427577677446
943,307.57463312623355
944,754.3238518927346
945,405.53363394476236
946,673.2957068101246
947,708.2652663655276
948,747.4235825111741
949,842.4262673771123
950,299.7351529602583
951,722.4066240111854
952,743.356843507215
953,691.8225359735576
954,402.472155993905
955,681.1244252715209
956,685.8538135781929
957,650.4435302242385
958,695.2514038342316
959,751.7748066792626
960,698.2940981693599
961,704.7012207941987
962,402.11850006952005
963,668.7195189979627
964,699.0346143000804
965,731.1892092526364
966,400.32873461365915
967,684.146134974824
968,209.768925967312
969,680.0284900238215
970,728.361779491848
971,720.4013397823678
972,710.3285554226292
973,300.79464867907876
974,664.8099471816317
975,406.8171834059635
976,293.5484988699347
977,659.790606611429
978,718.14577073294
979,721.3542089928034
980,305.129093996032
981,312.5299673467429
982,737.3138872029737
983,695.6239897419896
984,567.6591274893523
985,682.3055810449604
986,812.4737453811792
987,730.4674747926239
988,298.0521298919767
989,771.5974231272578
990,704.293090370032
991,681.9311008971224
992,393.8317456893252
993,719.178024481231
994,675.7978580944094
995,414.32343064290325
996,649.8923713576578
997,746.9114700908024
998,300.76433484873024
999,467.065288326148
1000,691.6686392877914
1001,397.00836314770174
1002,703.4301877684085
1003,648.9175278305431
1004,596.1089763225975
1005,757.0686420841377
1006,704.6475201203493
1007,752.289290681033
1008,821.3763473506976
1009,681.9100707699047
1010,723.3865975751937
1011,686.5422812518683
1012,724.3467843886798
1013,686.5734807009569
1014,700.0710344871951
1015,673.8361434746757
1016,329.5306894879823
1017,666.1138589215816
1018,353.6297916950855
1019,399.340372566008
1020,391.9681605612454
1021,689.5491925048888
1022,769.8636526985858
1023,696.7544153830274
1024,532.9501425847772
1025,716.2555781076798
1026,733.5191917104596
1027,681.6887504220696
1028,548.080937500841
1029,401.6067702687146
1030,683.8526648287079
1031,690.40117781625
1032,821.359659538282
1033,695.2849849661125
1034,306.469206334486
1035,748.5253142866455
1036,300.6430364460165
1037,660.1002147356717
1038,666.385804272533
1039,648.6694783664063
1040,714.0770453443815
1041,406.24901726872184
1042,847.2177451234388
1043,402.41268728257296
1044,403.74390281608896
1045,417.4972752437054
1046,705.3655080179368
1047,387.90382914928057
1048,354.3030349000635
1049,705.0260264092943
1050,294.3311654639215
1051,713.7836662382559
1052,729.8127933930097
1053,719.966670706416
1054,718.9559804953932
1055,724.1420606425595
1056,681.8485307457161
1057,401.09405324425285
1058,675.7143813052314
1059,737.008598742382
1060,309.02958037768286
1061,699.1064316403504
1062,665.7588812995624
1063,672.2873942504782
1064,673.1078066621221
1065,401.5660199243258
1066,753.3510517026481
1067,652.7556026491272
1068,310.3883602846952
1069,687.6449475633169
1070,709.4758768860677
1071,679.2507717072867
1072,652.4354391085187
1073,724.8937499296903
1074,729.6895248719279
1075,703.0645178354455
1076,295.61578168174077
1077,739.6846634972048
1078,302.1504766713596
1079,842.7911466230718
1080,246.26168014261435
1081,685.6308535701636
1082,519.2392374952724
1083,667.4577164419437
1084,721.5533038662484
1085,748.3579200958859
1086,311.8906105779954
1087,494.6250547988833
1088,648.8455770088167
1089,581.3334333725152
1090,197.04676758445487
1091,727.4469448765924
1092,775.3279547694377
1093,638.6616293013499
1094,725.5248927463585
1095,745.700998457208
1096,693.2118026000734
1097,232.37544993962973
1098,706.100017838295
1099,667.8389875793877
1100,294.78506369188227
1101,730.9053655113898
1102,683.1857522824264
1103,709.67019778936
1104,774.7833573043829
1105,182.23779053695705
1106,254.81866678247553
1107,684.8469883188639
1108,658.1307349644544
1109,755.6227503214515
1110,710.712511573225
1111,681.424495764155
1112,683.249300602623
1113,753.2130267753781
1114,732.0881148459666
1115,674.5920797969009
1116,311.22299196715653
1117,714.7131599199288
1118,722.2036569198726
1119,293.6375229146644
1120,308.51139492313
1121,292.7495445871108
1122,761.9145075352277
1123,397.79997810132386
1124,693.8012240499406
1125,712.0641162621436
1126,200.5609148447332
1127,207.77374671987343
1128,766.9154961000218
1129,405.3757651784611
1130,742.6454847412368
1131,725.0322556709422
1132,664.1784479272525
1133,716.0613879298747
1134,393.4661298231527
1135,409.7605636648914
1136,528.463254605231
1137,310.7025484571459
1138,683.0008616500073
1139,700.2776810966608
1140,682.7562541696574
1141,749.0858835236862
1142,710.1354180025097
1143,759.6579338020881
1144,650.8043223950214
1145,679.5847486417163
1146,707.8857855547874
1147,672.6294742349219
1148,534.143346734884
1149,672.49163548733
1150,832.9358667257652
1151,678.8543346662582
1152,676.8859145350928
1153,235.26890021267468
1154,684.3670331022292
1155,532.029698350635
1156,826.8182476349507
1157,687.6251393298941
1158,768.6878118004215
1159,314.13199711449914
1160,671.8553358549484
1161,701.4034561674202
1162,342.22778876769377
1163,720.876605622776
1164,750.2663690384178
1165,708.1478659499872
1166,723.6472192011289
1167,702.8938616340977
1168,401.08019360640964
1169,663.5731783505499
1170,689.5098617253083
1171,411.3236433103114
1172,731.1284069226232
1173,708.5818345144266
1174,711.2890020872287
1175,731.542615789268
1176,306.1642335876334
1177,742.1737945767163
1178,677.116444642205
1179,740.6290873751027
1180,281.43823719733007
1181,705.9132187341994
1182,297.74615009059846
1183,736.1380318792562
1184,741.631755279293
1185,847.6785648780458
1186,654.0841457150233
1187,843.9601109048405
1188,752.3203530723024
1189,706.5569456925059
1190,200.87523780652515
1191,730.6463064024498
1192,689.6518364484905
1193,174.24604977297457
1194,729.1009241872523
1195,678.4320286183479
1196,781.2278250452139
1197,712.6832688376145
1198,680.6823806385147
1199,433.83797063644363
1200,707.1409782508641
1201,264.3650550939905
1202,408.1968497114802
1203,407.563451708963
1204,704.166313405773
1205,681.6184836079949
1206,680.1860059338073
1207,672.8920967826059
1208,569.8367169590364
1209,665.8003178857782
1210,187.5432084523605
1211,849.4047274210751
1212,260.3078984530621
1213,721.2788655232471
1214,400.88265601036466
1215,755.3581124361023
1216,667.9765370720903
1217,660.7244743928859
1218,768.6255810340484
1219,712.5972996236732
1220,778.7336649627042
1221,689.9813486512061
1222,410.6502147524695
1223,296.9899178626441
1224,660.5420071109687
1225,712.7003299726534
1226,683.1858326857451
1227,309.27262155280283
1228,686.4781019563454
1229,431.6851997200007
1230,703.5806099312507
1231,672.0678990473855
1232,676.431171778679
1233,690.0860668604842
1234,681.5187217713228
1235,668.8645739838497
1236,679.2210723847008
1237,743.0211169262731
1238,413.67789081113267
1239,265.60716144960304
1240,708.6679598743751
1241,730.2819562834051
1242,712.5448450905081
1243,674.2000365977244
1244,401.76258818101326
1245,708.4572100512836
1246,401.260925140437
1247,229.69388958253938
1248,723.7366328742651
1249,677.8989740479393
1250,418.0861092333601
1251,401.00544041202494
1252,734.7272745593723
1253,415.1295446689252
1254,695.7318217308554
1255,737.0978774605761
1256,676.1853691609099
1257,412.1497333232978
1258,706.4961037211042
1259,755.3776426615385
1260,729.853288257076
1261,183.65036962536942
1262,753.319929517237
1263,406.53548023858883
1264,692.758218257914
1265,731.6356000055719
1266,402.9998797408505
1267,718.2113037491077
1268,698.1729753175119
1269,745.6780315667692
1270,718.8032964594803
1271,681.1598060556287
1272,392.62596016102515
1273,682.1484087549707
1274,416.2090417509363
1275,702.5835994428328
1276,708.5248182553969
1277,685.6148557342725
1278,676.5104557496836
1279,744.8512631352927
1280,750.9795760376398
1281,726.0020226720353
1282,150.58339247043625
1283,752.1051467452302
1284,179.02197546879148
1285,723.2089671119887
1286,671.3737096919868
1287,690.5857592770108
1288,703.1949712615349
1289,684.2888623843149
1290,681.4062599204997
1291,712.4165408565888
1292,247.3085021420158
1293,707.0917459980222
1294,686.6058222091224
1295,854.3453614753423
1296,654.6159536854723
1297,429.73516288848566
1298,750.3475298540254
1299,749.6941162527849
1300,694.4943579277485
1301,717.8145706801537
1302,744.6289452553559
1303,700.1311905978057
1304,668.8574981811349
1305,171.210888849716
1306,367.9909770046004
1307,548.0577771174268
1308,391.6288990344329
1309,751.1566002831557
1310,413.39443397762284
1311,407.3126289297231
1312,712.0385474560023
1313,693.0529667179005
1314,789.7746528336412
1315,402.55420701875727
1316,854.4462131046394
1317,780.5075649930469
1318,652.64711806797
1319,697.0386586946756
1320,698.0133705934832
1321,706.734629904713
1322,725.3246244724822
1323,407.52610225942215
1324,735.8199972634484
1325,685.1301872237436
1326,667.4967441215254
1327,701.891968743936
1328,683.8689766208964
1329,726.3153752235844
1330,761.5156642270715
1331,816.2402695240062
1332,729.5624681909128
1333,715.326872641939
1334,702.4992611915429
1335,702.9209753909602
1336,849.3570530367515
1337,529.7738113308582
1338,294.7503557667085
1339,677.4728950968497
1340,724.4773936605832
1341,646.7432355123341
1342,579.908443589707
1343,681.6527725460263
1344,705.8663063729939
1345,660.2403367128965
1346,707.5038329338025
1347,676.2155330634645
1348,655.8951177296337
1349,739.2266697134752
1350,678.9649237868547
1351,728.3126233962565
1352,407.3438305314468
1353,403.3295263663003
1354,802.9360804596612
1355,252.01697219205698
1356,843.4372864821166
1357,672.0593420922489
1358,729.5277620115311
1359,749.6340765836546
1360,679.9723306760465
1361,755.2656764751075
1362,696.2204899017364
1363,682.2865292411307
1364,664.2296449642257
1365,683.5915350778631
1366,716.8649416426668
1367,721.0927074990092
1368,730.1536991425836
1369,416.6805058725936
1370,727.8287267184799
1371,728.5746944594523
1372,673.5370399209389
1373,721.4518470393793
1374,396.4450130867733
1375,683.8884206645083
1376,672.1097179696251
1377,662.9752535315816
1378,651.5253165429579
1379,678.3579023871417
1380,721.6255328230636
1381,306.3289800574869
1382,727.4179974753669
1383,701.1146322567827
1384,682.8374421290046
1385,685.2510551458784
1386,671.8451501571437
1387,531.8632622609612
1388,705.9911828294513
1389,714.541212780025
1390,651.8405454822129
1391,173.03027728405453
1392,706.220610956078
1393,711.8491663233749
1394,711.5079531483237
1395,307.6563810065108
1396,739.1017836195015
1397,657.8440078215827
1398,305.9720328110716
1399,736.0826103616564
1400,728.2092118567518
1401,699.4394838823737
1402,687.8370490890431
1403,756.2315045591519
1404,395.3924070560438
1405,549.4042898076463
1406,713.1278087436712
1407,401.45386643874207
1408,695.987754911145
1409,539.3376098784951
1410,697.7216421921263
1411,292.13820905727516
1412,700.3801037895041
1413,715.2707538730469
1414,673.7587391632918
1415,845.1662373492443
1416,712.5003660251048
1417,698.365082362096
1418,682.9977214994009
1419,689.7224841387839
1420,736.8026463912189
1421,708.3090850380243
1422,395.20066969801553
1423,709.3857630073859
1424,752.9851498185147
1425,706.5748535516043
1426,405.0046381995021
1427,667.2498438421023
1428,270.4524164319257
1429,675.2303856633591
1430,721.6861312896607
1431,174.01844021411495
1432,747.6509251448983
1433,753.8193798394144
1434,815.7979948641739
1435,719.2843610905483
1436,403.2530306902868
1437,679.016067840637
1438,732.6083670988364
1439,717.3576962404998
1440,681.8782569839482
1441,729.6680845662399
1442,398.33240788188687
1443,817.372594797602
1444,728.8730879800579
1445,302.71869893532875
1446,725.4893261361575
1447,722.9719956347479
1448,748.8877201831497
1449,706.3233173845285
1450,681.9664113806012
1451,810.3309048544269
1452,742.3443862181338
1453,707.2723571685855
1454,298.7411404056254
1455,299.1984596762394
1456,678.7489779923487
1457,700.2352138779682
1458,661.9338090736786
1459,703.2754465923152
1460,698.9087764699784
1461,750.89691397706
1462,693.4272937638068
1463,401.27866681507106
1464,298.7457987622004
1465,248.29123386955422
1466,758.4237609370028
1467,839.9523074115019
1468,717.148176500885
1469,717.0883328451035
1470,406.71047248610796
1471,705.3671719967508
1472,406.9244947986873
1473,414.291081501333
1474,692.8657785314095
1475,707.1008172887123
1476,295.6887705366412
1477,751.9518225990656
1478,705.6874889407098
1479,273.93592421249224
1480,641.6553039251828
1481,645.2813289130643
1482,294.65104298896335
1483,684.7925235571145
1484,698.4385941201125
1485,663.1730518151493
1486,737.144612297253
1487,673.662259505503
1488,756.5210174893987
1489,659.1434480732917
1490,848.8829459586101
1491,702.1066478250806
1492,727.9933652391287
1493,386.08016151559076
1494,294.7417690898702
1495,683.5083808788859
1496,718.6599288568418
1497,741.5320867313826
1498,763.3340255822205
1499,314.61155814373654
1500,713.1914713781357
1501,823.544235218078
1502,294.27418360338805
1503,667.587854325383
1504,258.74827642177934
1505,302.1339649190573
1506,696.5556530751921
1507,726.2573697040173
1508,710.2833276161214
1509,399.6892596522002
1510,674.9495841872422
1511,675.4277128117619
1512,688.5698303903246
1513,306.17895842158305
1514,188.94728453717966
1515,692.0989627977103
1516,715.8680128733994
1517,315.77084125759984
1518,677.0487009156069
1519,686.6610686239005
1520,742.5916334741999
1521,422.6388575410897
1522,713.6860288694234
1523,769.1227744286642
1524,677.0968248437231
1525,731.104015104064
1526,716.5832271157428
1527,719.3226874362438
1528,679.5815892509218
1529,734.8450153330143
1530,722.2898473757564
1531,740.923687334836
1532,660.6994371107293
1533,696.3911444411561
1534,525.0501172497079
1535,734.9525784164911
1536,397.2081505828348
1537,681.2288337612949
1538,684.9655421014155
1539,260.89431799423784
1540,738.7276541865243
1541,700.6102989125166
1542,320.1432634411814
1543,745.7885586624662
1544,725.3228852235633
1545,649.8260622980354
1546,705.169346482823
1547,171.210888849716
1548,406.56396939928317
1549,714.1806855833556
1550,749.2082843617495
1551,684.751968946133
1552,674.6662653553592
1553,638.4229081972315
1554,769.1977667792937
1555,678.8536639066833
1556,506.2649484603701
1557,700.9385082569069
1558,670.504864725352
1559,709.3298954723011
1560,666.2627955739248
1561,300.44438503348
1562,725.6076713858816
1563,401.1092785801941
1564,671.4036006266493
1565,711.2555516250167
1566,323.61755960518695
1567,739.850720479681
1568,750.3530390176954
1569,709.2332539501926
1570,669.6525231448827
1571,719.1214666550572
1572,757.7070125478393
1573,371.3215522415095
1574,846.5126860133049
1575,261.91957380156674
1576,402.09508521020183
1577,706.3863859847302
1578,196.73299242520704
1579,686.8010319177127
1580,687.42438191441
1581,748.0610431845943
1582,295.30811573488324
1583,328.81393883343134
1584,729.4303789418698
1585,400.4459428732967
1586,699.1970102638021
1587,720.6511350901087
1588,672.2100302701564
1589,735.5220134702414
1590,301.34125810364577
1591,733.5451188142702
1592,828.7228605453006
1593,683.3414877792268
1594,745.0191948867072
1595,748.5991364710708
1596,407.1730854774784
1597,750.4610988913804
1598,715.8705629874274
1599,717.0188812701315
1600,673.1125230431624
1601,665.615178502872
1602,705.6124390206485
1603,677.2207860634385
1604,704.5538373741176
1605,692.8731900179295
1606,295.3148585441278
1607,400.0588120480581
1608,710.7516500075085
1609,717.0715082729238
1610,398.2114873925313
1611,678.0532677594994
1612,683.4233697372061
1613,657.9104734177799
1614,714.3411349335041
1615,674.1151838096863
1616,678.2010375307655
1617,689.1917107964994
1618,704.0470231726389
1619,234.7254928049503
1620,644.3524222758031
1621,302.55100207505666
1622,239.66911254817052
1623,680.4013057265805
1624,678.5801538500675
1625,403.0627998785585
1626,678.1698626141147
1627,727.4200488679792
1628,721.8402715494093
1629,706.3044973509407
1630,728.6670911775324
1631,708.2336711677917
1632,698.6614741320981
1633,697.6932918548725
1634,736.7903529614616
1635,748.1054589278937
1636,744.5975371357064
1637,413.9407701891073
1638,310.0864813297165
1639,696.308683363987
1640,741.2087081732726
1641,178.02762551468805
1642,712.5065017974417
1643,312.18886937866347
1644,737.3191952618861
1645,733.4976344770926
1646,703.3309409473552
1647,719.9611300594682
1648,713.4959774354242
1649,704.8768018468162
1650,696.6818440315224
1651,830.4112335840746
1652,735.4194114857745
1653,239.3056473531944
1654,722.4534129973391
1655,401.5743645900198
1656,695.6314946129876
1657,672.424122288469
1658,720.7678745565731
1659,722.5452042059593
1660,314.0725516667476
1661,722.3977949963917
1662,741.4595388420853
1663,676.2264680481726
1664,694.5700675133623
1665,703.776506102462
1666,685.2114979782265
1667,311.8231945080112
1668,853.0660787664636
1669,729.8099732683546
1670,698.4953846435523
1671,780.5338005460976
1672,691.1845471423339
1673,679.9580420437176
1674,693.4087892190583
1675,717.0578902360553
1676,721.4529788592273
1677,696.3136035507775
1678,712.5970912016742
1679,409.70835896828595
1680,695.9184136346526
1681,708.6718027259556
1682,737.4582514664723
1683,723.8781870624362
1684,690.7761897410155
1685,704.522955213899
1686,291.1691124444659
1687,734.691909756378
1688,265.1987364879825
1689,724.0464877253003
1690,729.3822790756603
1691,735.8778285564849
1692,735.6401244939277
1693,816.4188070674152
1694,680.905806202795
1695,311.6017117178084
1696,264.1890627918185
1697,673.825190148659
1698,672.6487721671549
1699,641.5163253560376
1700,695.8288682192133
1701,661.7066197543822
1702,413.0853150848049
1703,257.87649293253196
1704,298.5515159645954
1705,653.717851502294
1706,734.6748485942682
1707,848.6579270161812
1708,848.7405190509886
1709,703.9157924074262
1710,404.82056935441943
1711,679.7023874046314
1712,735.7369224918881
1713,648.1991464801224
1714,686.4663384993999
1715,400.31185050023015
1716,703.0462622703704
1717,665.0317745009172
1718,672.3240188438033
1719,736.9691160619856
1720,715.7160032608832
1721,704.1304172120433
1722,338.0066670750853
1723,672.852501472259
1724,830.1324264794983
1725,752.7546801861528
1726,701.9707405819792
1727,373.43842186449405
1728,674.4291867300932
1729,662.7195328172884
1730,718.8925169716356
1731,703.9179926028473
1732,703.8418726760812
1733,677.5506499262655
1734,752.0560040294508
1735,749.591513141524
1736,707.1533435444203
1737,189.5122990056105
1738,679.051833584362
1739,699.1955270390873
1740,741.9801537939715
1741,657.4794673445181
1742,672.3555720828606
1743,732.9008467414156
1744,242.42583485405083
1745,704.3365923077929
1746,723.3126320674066
1747,306.6380824577592
1748,706.9334548342491
1749,851.0840474492422
1750,451.7189746303499
1751,710.122475148259
1752,302.7067799679598
1753,587.8654711263348
1754,667.9335486279092
1755,725.3611456524085
1756,816.1825193501572
1757,181.5086746149786
1758,747.2246008516179
1759,784.6583517464417
1760,678.1934399504569
1761,699.7253017322133
1762,811.4087268804137
1763,699.0100193002132
1764,649.484105422732
1765,742.0618260358345
1766,831.7358852826268
1767,423.97766163346216
1768,707.6338598353353
1769,684.8231577456231
1770,693.2518632650799
1771,701.3825921450901
1772,717.8334530203061
1773,396.5998678187092
1774,293.2349758950906
1775,405.29095864353496
1776,840.3305141530752
1777,671.7003464153911
1778,308.01377098705046
1779,811.894740351221
1780,730.3533139479445
1781,748.0967634184848
1782,405.51842894659677
1783,672.4935976713817
1784,702.9252183973161
1785,414.3617595435042
1786,676.9670908039266
1787,672.5522915742833
1788,703.2666834381204
1789,728.8709595284874
1790,732.0126869365091
1791,678.1985644644433
1792,288.79099347083286
1793,722.937879897802
1794,312.8576553402674
1795,732.6860166779029
1796,664.2962310605134
1797,702.7282446383846
1798,728.1841813489042
1799,660.5840555387567
1800,398.62621556044166
1801,686.7961612277137
1802,670.7114375731554
1803,502.7172217038728
1804,682.0813710394372
1805,756.5516110922365
1806,774.4055686359826
1807,801.3797636993978
1808,685.3233248613689
1809,673.6051590866167
1810,660.8746105599786
1811,712.0200699600052
1812,656.16599794449
1813,232.12442573481695
1814,290.7869134703539
1815,693.5093124283338
1816,705.2198833956796
1817,713.5696293270809
1818,651.7041113826158
1819,626.1935788487539
1820,732.0061863337502
1821,300.43734706419133
1822,726.2775226624125
1823,679.5245752271557
1824,671.5837024076842
1825,675.4324202664839
1826,736.5584562070841
1827,691.8532214011205
1828,846.2371476862486
1829,689.6681442446113
1830,729.8682322290023
1831,721.4557710773129
1832,690.9243451311337
1833,698.6787774705513
1834,402.3864646506937
1835,673.4971514246104
1836,707.6294155285194
1837,661.4868535109235
1838,312.1077227177393
1839,437.5579381826878
1840,789.3634536403721
1841,406.70849958514816
1842,674.8831746279905
1843,747.2004253783432
1844,699.5757242711813
1845,771.9677942663536
1846,735.3405239127684
1847,677.7922159971666
1848,196.68005448908798
1849,729.2584934978793
1850,673.4561631641674
1851,680.5011792977566
1852,648.2881411681519
1853,684.0116412595603
1854,727.4682425231895
1855,677.5478729461142
1856,674.8343948571406
1857,729.3835894470814
1858,653.0747934992648
1859,216.1718583999255
1860,695.5896490455506
1861,823.989303097589
1862,238.97266087821743
1863,711.3057927242746
1864,401.0099977081011
1865,649.8736216929783
1866,679.6006188817092
1867,403.89552023312376
1868,693.0501373247087
1869,669.4495617205537
1870,680.5250223331968
1871,715.9968650816836
1872,296.0201510063309
1873,679.1557547182504
1874,704.4190534243876
1875,302.0540717427448
1876,737.142170369689
1877,691.1843566109397
1878,724.4809256598354
1879,742.8436673327726
1880,735.5183039661849
1881,684.6153979552607
1882,662.3444121265549
1883,692.0637184381497
1884,563.1425578672012
1885,700.6905849787918
1886,385.34221181792157
1887,672.0889938518541
1888,746.5652188548136
1889,249.2648949133922
1890,689.1801565921353
1891,705.0693257776401
1892,746.9565772895131
1893,748.028924168254
1894,849.155244891163
1895,684.4701526635295
1896,736.3737007700701
1897,699.436360995804
1898,716.5173263881519
1899,653.5347047925642
1900,808.7873855184572
1901,694.6375143180514
1902,720.3786620254906
1903,810.3381412544437
1904,393.5034567445881
1905,655.5535043286785
1906,661.6947718140827
1907,403.90690501942055
1908,693.0292569505079
1909,706.0158976166656
1910,702.7199908400199
1911,829.786941606609
1912,319.9755102302552
1913,671.7149982879288
1914,682.0294206498635
1915,713.3997164797639
1916,636.1799275799434
1917,679.1719483201133
1918,749.5686162821175
1919,728.483847589052
1920,731.1516857947759
1921,682.0322505045538
1922,395.9072990941966
1923,708.8236072517573
1924,664.0046332649682
1925,728.0876301732558
1926,306.5456203706494
1927,771.8154829213742
1928,392.033511526643
1929,718.865852442299
1930,298.0608781816107
1931,730.3594666322796
1932,673.8262990903432
1933,399.9859402887006
1934,695.8060614843982
1935,319.43012221419036
1936,701.443070874623
1937,682.378804146758
1938,254.83240566048238
1939,665.604543129166
1940,490.55597683582636
1941,698.8216939170717
1942,399.19405831736213
1943,669.5952169443693
1944,403.80156888224815
1945,776.9337167307076
1946,663.7298712164643
1947,550.6694560948664
1948,696.2794641204458
1949,701.2941694633732
1950,736.4308289207888
1951,688.7251325839071
1952,297.34536746794123
1953,739.8273300854369
1954,712.6375814479478
1955,717.8773125206245
1956,707.5497483260997
1957,698.0705271133609
1958,697.5188698926632
1959,712.671359580556
1960,652.6599692614792
1961,718.60524597966
1962,639.7490823311027
1963,718.6408844438121
1964,416.6118630717093
1965,701.3314477156617
1966,670.7895386079432
1967,231.7996632075638
1968,406.26549827280496
1969,721.0957023608054
1970,309.4790418617562
1971,301.8445227269433
1972,746.6305760688981
1973,315.30332755094304
1974,750.6170624980966
1975,748.6859410383274
1976,316.80634991320136
1977,750.7483803634179
1978,705.7760383566765
1979,695.0868568378546
1980,683.258847574376
1981,851.5616686579497
1982,701.1943734316117
1983,298.5375099658221
1984,447.01707311869797
1985,697.6320794429926
1986,399.43809152159224
1987,403.12202649475194
1988,712.1320753924127
1989,714.426161725746
1990,399.6333132567108
1991,739.5605862518204
1992,318.31929813909545
1993,303.2479656869913
1994,851.9774976329768
1995,709.0993368722262
1996,710.6615042762372
1997,707.2581572903619
1998,706.0970623978603
1999,685.9218130246423
2000,395.03459898587215
2001,418.3061466330352
2002,854.0951510843569
2003,701.8649372152373
2004,762.1311816619051
2005,418.9991520523649
2006,767.3974967170705
2007,265.18742207156976
2008,661.7091854523085
2009,732.9644828591612
2010,850.6020071996807
2011,403.8723544732591
2012,496.4405208242964
2013,782.2972545697708
2014,651.072860798448
2015,835.773017161545
2016,712.6202041375342
2017,734.3055026472636
2018,700.8062938049607
2019,712.610589092298
2020,722.5056761968262
2021,739.9089877072668
2022,291.92932675644283
2023,676.7618912709761
2024,658.8659913476929
2025,701.4590229987751
2026,307.7677772365907
2027,725.5918966986864
2028,645.6614312697027
2029,720.4928366104295
2030,738.7952255022997
2031,717.3577413650838
2032,678.4127104097485
2033,677.7750779500361
2034,681.7926507082237
2035,733.0118589963142
2036,688.4493067739278
2037,672.4707474644626
2038,771.9160178309326
2039,299.4427565772318
2040,753.4481156994478
2041,775.5839915423105
2042,720.7238673628692
2043,740.1432042610757
2044,683.8235503511941
2045,676.5336502618546
2046,697.2577966806818
2047,646.407522538942
2048,420.3560706049208
2049,705.4168135518997
2050,700.5218645413644
2051,539.8362782755784
2052,707.4024610612718
2053,582.1524160997252
2054,685.1901942453937
2055,704.0869380734105
2056,705.4568949161588
2057,289.8671956211109
2058,405.2564290567665
2059,225.00553230177854
2060,742.7912324177986
2061,679.4473088934449
2062,830.9882180877107
2063,706.3074307646039
2064,753.533123751617
2065,321.34578115906515
2066,262.61387115504846
2067,693.123302360829
2068,709.1808149111123
2069,314.96993182499165
2070,321.9097449452518
2071,671.554632684302
2072,347.3897114785072
2073,673.7540032773677
2074,379.31794748629557
2075,400.23089808371657
2076,658.7113804001813
2077,678.5377560919435
2078,661.2729444519159
2079,696.6707471690945
2080,552.6593467975155
2081,428.3364341582558
2082,692.6931046913892
2083,275.4305440153016
2084,480.9978062756952
2085,699.2636784877784
2086,702.8541465780113
2087,416.2188322761019
2088,725.3924203945865
2089,401.41401137244435
2090,736.7564475035542
2091,405.1354298333588
2092,631.6487821187596
2093,717.0976814690956
2094,679.7391473977027
2095,773.4497981726381
2096,709.6756317281826
2097,725.1075944985382
2098,684.4473015817273
2099,459.10316709695786
2100,708.6358991096131
2101,722.523504401079
2102,683.6847285969443
2103,409.0851467906564
2104,746.7962842359002
2105,691.6571689057953
2106,700.8236201244696
2107,739.4613918187556
2108,755.199949309361
2109,751.9228422623909
2110,700.5452696757549
2111,727.133019774314
2112,673.5362918487934
2113,318.2617240565615
2114,295.61277876885
2115,710.6974891791988
2116,400.5339876247104
2117,727.1772658531778
2118,676.6139242749496
2119,695.8863042992381
2120,637.706761001285
2121,673.0352694069214
2122,546.9660224236475
2123,399.97459104590666
2124,676.7133203400085
2125,682.5510985749384
2126,704.8110006314893
2127,839.4733759821268
2128,666.5326083822289
2129,683.0220070719802
2130,701.2253006366736
2131,673.5991689251103
2132,704.9476647471736
2133,699.9832864341662
2134,703.8109195044924
2135,429.6926797789903
2136,332.54963014723415
2137,401.46641231168786
2138,664.2030190531217
2139,488.83790745728254
2140,396.2571601855213
2141,701.2367981810021
2142,245.4715144655703
2143,181.76738707250382
2144,704.7525761828437
2145,736.1098383837691
2146,685.1196379799052
2147,687.1562694756324
2148,716.1200078600784
2149,722.3182015093578
2150,674.7843755803914
2151,685.8794290807307
2152,728.4305693100453
2153,775.2648088352812
2154,734.5301359522997
2155,631.9839306330767
2156,708.1359105266781
2157,674.2148417691567
2158,732.3337336450961
2159,738.9884486308395
2160,684.2290264855758
2161,646.5938821690531
2162,846.6738910953255
2163,701.3226098293111
2164,735.7128792897972
2165,734.3039427076004
2166,677.2359031419385
2167,847.7463838797614
2168,668.0437620346355
2169,529.4784487194019
2170,845.568223058205
2171,742.4879044648184
2172,749.1768393089753
2173,747.5260280125184
2174,421.22086737253125
2175,677.8038732818013
2176,660.6245849514586
2177,712.580664728384
2178,717.0714188638658
2179,674.7909584700449
2180,299.9262032391916
2181,849.034271628243
2182,679.9616722579061
2183,748.2520191941801
2184,661.2901505882758
2185,644.1017200133933
2186,307.36592351685664
2187,750.9845652609745
2188,713.686825081333
2189,733.1102568901227
2190,703.1500039529465
2191,739.5405397170168
2192,414.49584639822024
2193,703.3101728091181
2194,707.6346026013753
2195,648.9752382538901
2196,726.0926288945731
2197,423.10878255570367
2198,737.0853260987461
2199,707.6429153413087
2200,404.0503844344184
2201,698.8435935473428
2202,445.54661703599623
2203,163.8018042669063
2204,703.8383287457389
2205,705.8810345628358
2206,672.8584353676781
2207,692.8548167559055
2208,727.520704171158
2209,751.1626529617023
2210,177.44638791913326
2211,507.4501334459644
2212,698.9036170362036
2213,736.9480028397647
2214,677.7423401186714
2215,709.0829083239903
2216,705.3907714720062
2217,742.3668802915796
2218,693.6101142654419
2219,851.8390955138624
2220,670.3669288389747
2221,778.1400318739426
2222,695.9019002847742
2223,719.9263483626439
2224,666.2995186595475
2225,708.630023919725
2226,709.464114583426
2227,686.2464269248247
2228,422.38130145194754
2229,749.1449491366998
2230,725.369661213638
2231,693.8012364797391
2232,837.842165037194
2233,710.0415506368902
2234,745.9273194252856
2235,419.5819320806488
2236,284.18141397767715
2237,783.5293241084418
2238,699.6715857662391
2239,724.149912202857
2240,469.32724181520393
2241,700.7920384813722
2242,668.2931197212341
2243,712.970467443297
2244,764.1324518224718
2245,673.6685512264451
2246,729.9446553991608
2247,740.4755672916922
2248,703.2323997554465
2249,692.6081834219234
2250,712.9431120323892
2251,711.430846779753
2252,239.44570378400545
2253,757.250401451948
2254,691.372068570125
2255,718.527128337869
2256,304.0394200734072
2257,732.8137153124705
2258,749.5737889471235
2259,747.9405244927067
2260,406.81526102182124
2261,652.8831336661442
2262,757.1160622583793
2263,201.10427725536078
2264,825.0497758098614
2265,301.88523400855104
2266,674.1813545205132
2267,695.8407359802671
2268,656.9048773500576
2269,721.3542358245869
2270,676.6694678920977
2271,408.04893372462266
2272,754.0822927491673
2273,720.7337279697887
2274,346.0396130331424
2275,685.7528218063128
2276,747.1183127680101
2277,698.240507195766
2278,834.7808777199098
2279,744.9460963695512
2280,767.6113311099762
2281,399.1722615773097
2282,399.81009995721564
2283,329.98485966822864
2284,689.6131648190626
2285,733.2824227980143
2286,408.4076721283403
2287,717.008649067458
2288,681.9325716381913
2289,297.2223064682339
2290,744.1682131801163
2291,683.9020675927324
2292,764.7238484652239
2293,742.8571487884252
2294,657.4283622350633
2295,313.20150588024933
2296,676.209010123366
2297,751.3804167038692
2298,776.2459755940308
2299,687.4819218994431
2300,744.2400055655213
2301,669.1996042665379
2302,737.1881263891929
2303,400.1553213484101
2304,714.9121679494904
2305,655.3060379928852
2306,736.5691446654653
2307,410.3503892792233
2308,673.4847505743172
2309,705.9999535316508
2310,657.8075788852457
2311,716.6582015573406
2312,812.2487863920517
2313,760.6124876728034
2314,681.7283841755789
2315,696.3104154933483
2316,681.0260683180372
2317,395.9796124651191
2318,732.703776947252
2319,701.2272296015421
2320,703.5747784004076
2321,697.9193941553455
2322,300.89468868182564
2323,665.795250553992
2324,683.2941151260944
2325,412.0284391095021
2326,293.1875726730755
2327,723.3241504529112
2328,657.1544084208897
2329,752.111184082291
2330,299.95549348458866
2331,402.6884382837597
2332,770.254096079029
2333,703.6113230504873
2334,302.1806984070024
2335,744.5018127086403
2336,682.7373300424923
2337,302.18174177640134
2338,718.6341655605718
2339,705.5895983194416
2340,730.3586156655912
2341,315.1199421551231
2342,382.334309386386
2343,743.9326662722648
2344,733.056537469677
2345,451.3577269636728
2346,725.6138375010191
2347,698.6106148824381
2348,708.476470543106
2349,683.3411425514068
2350,615.4850482708737
2351,656.046772924945
2352,738.2994197180653
2353,702.2405739506962
2354,408.445806216732
2355,833.6672475139524
2356,675.377905469071
2357,814.167251121951
2358,648.7505112201645
2359,544.5822415305619
2360,396.797611380759
2361,743.2196506565334
2362,680.1645588721814
2363,295.42590785605967
2364,753.4077218809621
2365,667.3749282392889
2366,675.7585644655824
2367,686.3389366091185
2368,678.9351847531027
2369,669.8125193917457
2370,833.966822325707
2371,330.6369312501296
2372,680.350565755947
2373,700.1169163237847
2374,540.6103944646658
2375,696.3628879058678
2376,725.558503730378
2377,401.7049754709071
2378,394.827533324977
2379,416.89610230136657
2380,669.3739642577181
2381,632.7486191479868
2382,677.8507277017811
2383,188.3478749506521
2384,294.1212395471662
2385,402.81330345584314
2386,317.0226995590544
2387,399.07107661896333
2388,688.8511513728924
2389,849.3104225619521
2390,691.6457746229595
2391,827.7931991663417
2392,192.40742623352168
2393,716.6637702571476
2394,744.8683140524861
2395,250.191481492807
2396,301.5056738279063
2397,293.96221797097235
2398,677.5016479396054
2399,683.4612508408878
2400,747.4522292390991
2401,847.0415642230685
2402,736.3928400797305
2403,698.0394314246577
2404,728.6926061153941
2405,403.41337430243243
2406,435.304076899807
2407,179.46749754294694
2408,708.7300286847403
2409,181.42833192274503
2410,745.9443707135657
2411,694.3458325617863
2412,712.1599890711651
2413,738.1845709071082
2414,298.1169988441381
2415,721.244929465404
2416,729.4182636022103
2417,649.013323731839
2418,705.3388286357165
2419,752.5118688649308
2420,539.9011597355995
2421,410.1343807497456
2422,688.1529263878382
2423,550.1090160050576
2424,727.7716936533068
2425,733.5155221659429
2426,795.6148475755581
2427,669.9502632114621
2428,787.8160929396818
2429,564.927976624926
2430,685.6309567032255
2431,687.0022757459653
2432,720.3937549571741
2433,710.6278320157999
2434,707.5044251904907
2435,670.5659166368071
2436,301.7040057077779
2437,684.4193351471152
2438,302.39189664787153
2439,692.9999282146458
2440,667.7889786383832
2441,719.0927644613039
2442,716.93603760362
2443,310.32452560399537
2444,701.6630803441498
2445,758.3524823910655
2446,723.3976639800571
2447,700.626294361615
2448,405.71319130866226
2449,840.8075348567102
2450,701.6980544818151
2451,684.7412044529294
2452,650.4806185963469
2453,675.8512126041757
2454,735.1100927322734
2455,736.6844204780597
2456,734.8517598739479
2457,680.1019934898308
2458,327.7061283378197
2459,678.4501273531391
2460,750.3693777142317
2461,781.4932985990208
2462,722.1174328327851
2463,695.6421420464255
2464,652.0935835597121
2465,673.7172103197097
2466,750.9779620716228
2467,710.5718322050195
2468,304.6702667383849
2469,663.1694980881455
2470,718.1915993823571
2471,402.6922631657248
2472,693.7393251080938
2473,669.4960074676641
2474,373.3830138476173
2475,404.3318809204131
2476,738.3865242556423
2477,814.4221256715413
2478,295.2659544879919
2479,820.2114986242253
2480,691.3171308150138
2481,726.1704254403214
2482,686.6637672254773
2483,827.863524708571
2484,443.11257010763893
2485,213.4439722091749
2486,684.4370053113929
2487,718.6522434669323
2488,305.1462908065047
2489,675.6443600218342
2490,748.8844391074599
2491,719.920172667722
2492,409.8284252251476
2493,695.5263020214758
2494,294.4039180386754
2495,300.61555620434757
2496,681.5596563779561
2497,659.9931531035568
2498,647.551589966459
2499,299.8205215873514
2500,775.1711030477268
2501,313.5995397730887
2502,396.88418279359263
2503,234.02459859240264
2504,297.3520389772982
2505,742.1455970972751
2506,743.0136287593887
2507,690.6423639042903
2508,670.4788509213201
2509,672.0971304608657
2510,309.8714609777067
2511,830.6953212717156
2512,712.1320821222716
2513,698.056947120871
2514,819.0450793112211
2515,700.3626498947518
2516,847.4422065584483
2517,707.9264862951824
2518,291.83830560460285
2519,747.712934852318
2520,698.6439922085519
2521,726.9927121235023
2522,699.9692609254356
2523,767.5000261975813
2524,735.6167000657879
2525,651.3584557646988
2526,726.8325175049026
2527,329.4990184338122
2528,686.4265858804098
2529,753.6164088052278
2530,675.7548999070019
2531,407.4371793980737
2532,726.0264801885745
2533,414.9329846429418
2534,668.886171552461
2535,730.0947676892939
2536,739.84598045803
2537,760.534175974489
2538,679.1388422596309
2539,299.94504049129546
2540,659.2105411837686
2541,845.7448101689556
2542,736.5783130326445
2543,656.7937039992684
2544,745.1387866575317
2545,696.514290390634
2546,835.2979196904708
2547,677.4483898695038
2548,704.0091462987368
2549,744.9626265643598
2550,692.5723906903859
2551,566.4201569843391
2552,403.4036848768446
2553,397.8286607834471
2554,652.107695662747
2555,713.3853186305444
2556,403.2907876790251
2557,725.6375508318098
2558,686.3871011342565
2559,737.2564440145429
2560,675.1663741646553
2561,723.8655004127617
2562,317.43573918887006
2563,296.64651340458687
2564,736.0720868180788
2565,314.0337808211832
2566,651.9371824408192
2567,682.0194734755519
2568,679.3116166730686
2569,401.70103400687793
2570,826.7997980130399
2571,664.1171966241926
2572,676.4768268321528
2573,693.3330085174616
2574,730.0104672330682
2575,181.96387114049566
2576,705.3656282138053
2577,694.6962683442439
2578,702.4097479682621
2579,686.6593965892491
2580,409.3896959200922
2581,728.7893474590375
2582,779.878041766887
2583,685.1414568916684
2584,688.200779955052
2585,748.950989355893
2586,652.1910899953256
2587,405.90262042276146
2588,490.1549950254579
2589,173.02053458567394
2590,713.7763472102138
2591,688.9188181037373
2592,647.7541806079687
2593,673.008088332356
2594,695.2982297526063
2595,411.0208459780729
2596,705.877995875248
2597,719.960062678974
2598,312.40213003459144
2599,699.9151910668842
2600,725.6615711872132
2601,722.966052989992
2602,397.64098094056595
2603,667.4862415066217
2604,399.8161819250211
2605,674.8822457556682
2606,678.1929676012761
2607,724.9451605276972
2608,680.5748636090624
2609,663.8143536665613
2610,732.3378692671668
2611,688.1019793183091
2612,316.68934167492836
2613,682.2729823538623
2614,680.7203853967403
2615,722.5545200512913
2616,698.8420954029941
2617,394.07503881039116
2618,723.5618198143646
2619,746.0266280998545
2620,411.0206493785962
2621,774.1134730248968
2622,687.5629273916369
2623,684.6013024960716
2624,720.3409136531855
2625,728.052846373289
2626,673.8679675332423
2627,716.110115656601
2628,413.391675795371
2629,703.1120655804286
2630,682.4528652310148
2631,405.61461430453596
2632,671.915836517325
2633,726.8405649969836
2634,679.2099691763402
2635,702.5190233099496
2636,718.3999447425894
2637,724.7868513828519
2638,540.4085025591734
2639,682.8648506418346
2640,699.2254924031906
2641,409.5925235098719
2642,653.2411278031869
2643,718.0239975152299
2644,662.8163311604994
2645,704.0575928224604
2646,665.7555018086218
2647,678.2983258766047
2648,702.4511819196181
2649,294.8262037514373
2650,703.9396196305403
2651,692.0105120958276
2652,719.5612198168283
2653,731.7036215407826
2654,408.635794882792
2655,727.4208611579297
2656,678.4190700237192
2657,702.7713105177708
2658,702.3477761657798
2659,668.3068168244473
2660,741.279698551612
2661,751.7871534830123
2662,687.2137159873728
2663,235.40148391242587
2664,814.6974964333403
2665,728.3302087210279
2666,752.9923552948101
2667,730.1345799896337
2668,704.1319879644919
2669,404.1085922530742
2670,733.7837159403718
2671,754.0935438851814
2672,356.2856931941235
2673,719.2085511181393
2674,730.5498823337839
2675,739.9331191162337
2676,824.2270373607538
2677,290.9575740157723
2678,673.2622088187477
2679,404.7958684506113
2680,671.7760436996737
2681,679.571564465633
2682,325.8122170387695
2683,237.95641231770946
2684,301.5521665213631
2685,681.5602448930074
2686,829.7493326671818
2687,664.1100938610689
2688,709.8653151672572
2689,328.3489289526484
2690,716.9812656835767
2691,686.3313824079842
2692,663.2199452346866
2693,399.7976337820842
2694,744.6133201405186
2695,676.2218725322382
2696,669.1941740936757
2697,707.8919060503079
2698,220.6314342346987
2699,673.5457035863745
2700,681.4819849936505
2701,709.4536896299511
2702,751.1027450134291
2703,379.9803396309452
2704,301.4279202772961
2705,298.15128109202817
2706,694.3568263050186
2707,743.327258810479
2708,704.4573455267358
2709,715.8006029419914
2710,699.4525237357973
2711,698.2285356298496
2712,643.6810697166155
2713,698.202768595086
2714,694.1413374551453
2715,689.7189040191196
2716,771.549307977877
2717,702.8101214491622
2718,302.13276467238677
2719,687.8339005880929
2720,723.071174866312
2721,754.9328508407805
2722,382.81634703829445
2723,732.6004495789966
2724,713.3336088642142
2725,689.5767931142107
2726,760.7466186267899
2727,673.3511654950315
2728,686.0472527057352
2729,765.0944784166892
2730,692.9581771439732
2731,724.4026136011423
2732,730.3075542803979
2733,695.5644468454199
2734,692.3549864914296
2735,317.775146910375
2736,676.2880837303624
2737,647.1733340648144
2738,727.0862602020981
2739,704.1074466560251
2740,702.7833994492242
2741,298.90960570782596
2742,674.2120558897799
2743,695.1881868572028
2744,749.9340695972293
2745,697.063153780463
2746,682.1478762597792
2747,715.5368830832625
2748,806.2041589647332
2749,720.2462668361619
2750,674.612494351125
2751,689.7705666214821
2752,690.2480264378381
2753,295.9843779855079
2754,710.4677614161621
2755,293.8976193832614
2756,666.1485597271601
2757,182.78565222548292
2758,669.7101944897352
2759,750.5569667135929
2760,391.76481909079774
2761,719.6735172276875
2762,846.0001939778592
2763,395.99992245481076
2764,305.4317319868798
2765,657.8358704928669
2766,688.0168517653125
2767,745.3217867065739
2768,754.1301913287806
2769,706.1017055320673
2770,402.25859919132137
2771,706.5416303684437
2772,682.5255233477021
2773,194.16077250052996
2774,676.6175935669837
2775,393.3829121626795
2776,665.1076645675574
2777,296.7813023975235
2778,309.2997051243859
2779,738.7030410091129
2780,565.6904386433266
2781,335.72549935474
2782,411.75184698692
2783,195.46455209862154
2784,708.8409704508068
2785,684.7982013625714
2786,721.3842398163316
2787,693.3110330181376
2788,732.2797895619781
2789,684.1544051250331
2790,736.4821271035743
2791,697.7263179838145
2792,699.8669810428173
2793,700.2902011556503
2794,687.5365923768219
2795,703.7333686134222
2796,722.6378408572028
2797,651.3294234060946
2798,411.6536266522194
2799,702.1426227697721
2800,724.7734510597464
2801,643.090711364045
2802,300.0736964064223
2803,652.61427842457
2804,288.4886434143318
2805,719.4497490366421
2806,716.5749562252482
2807,700.154030682622
2808,681.0878901216595
2809,726.8620641535487
2810,697.8196463197419
2811,747.8609235327576
2812,297.2923353206419
2813,293.86034450701794
2814,683.97162540075
2815,454.27991606975627
2816,700.9518774644508
2817,738.1044167839237
2818,734.3532869827599
2819,305.89150750168534
2820,321.9609084449783
2821,378.23973143634345
2822,404.5051467889077
2823,674.9837872711418
2824,704.0549723421252
2825,398.2046210280966
2826,672.9363562069052
2827,409.7280635801733
2828,738.5657571644886
2829,255.82966652192977
2830,237.55547587673203
2831,730.2770503633755
2832,684.5725420158218
2833,655.202308742231
2834,646.667781329375
2835,301.8391459602853
2836,668.4058197421069
2837,663.7495754734105
2838,846.9621157352801
2839,685.1324129564815
2840,665.4345646471143
2841,664.0355839708164
2842,422.6338177660642
2843,671.377433537896
2844,675.3579763940933
2845,679.1151435967149
2846,526.2830211371182
2847,840.7843044516908
2848,293.5355142184852
2849,733.0742855530299
2850,741.6762518526497
2851,678.4385113409439
2852,707.7091754649932
2853,691.5956804114417
2854,711.8587619407888
2855,689.0757461829486
2856,761.1722198113077
2857,702.5640367497548
2858,703.985375818105
2859,397.64458100011666
2860,749.0920895771796
2861,736.1234499059346
2862,775.9587087134796
2863,665.6660154567334
2864,751.6872908370013
2865,684.6912582701322
2866,653.4076945815208
2867,683.5222054700478
2868,768.7005159176871
2869,676.0406055875785
2870,684.5512630727842
2871,752.2722816660724
2872,713.9746921847543
2873,317.55648953053
2874,487.742863166684
2875,679.0767449429269
2876,247.53126689244976
2877,832.9031709542878
2878,750.1024292022626
2879,750.0787885322319
2880,750.66368151366
2881,402.60325034471623
2882,707.7965412759735
2883,687.2506667097505
2884,713.5835996827406
2885,723.5571782901962
2886,406.37436602934866
2887,282.870475309434
2888,755.6332911634438
2889,702.6380745991543
2890,710.5239672549747
2891,445.33774575493146
2892,742.9231240146719
2893,711.7503975381044
2894,649.3179201793123
2895,731.4537356615787
2896,834.7061653592627
2897,758.4474900649699
2898,395.8116082173519
2899,190.9930779703344
2900,682.8083278970818
2901,677.3004141513186
2902,677.1754171896476
2903,704.5529012200985
2904,675.7713434333214
2905,653.0774967133618
2906,397.6728565690689
2907,312.458523005586
2908,673.9842639233842
2909,841.8651779449559
2910,750.1303687791533
2911,819.6240643481267
2912,414.30727420619405
2913,698.9313950915471
2914,713.5993721735151
2915,680.363350262593
2916,771.5021997722716
2917,400.2693721838748
2918,686.7726748209977
2919,729.6707683202129
2920,246.74389111176015
2921,647.3662200851101
2922,725.9992431519911
2923,301.7863678836452
2924,707.8676834625292
2925,752.808852895841
2926,687.22188328637
2927,730.0348904327323
2928,698.2791651133987
2929,741.0248648029533
2930,743.0901596449603
2931,334.8694126724704
2932,326.7125426863623
2933,399.557761055294
2934,690.7227360361413
2935,735.3433046509892
2936,334.630850353021
2937,847.3568889198115
2938,377.826275269671
2939,316.384797918942
2940,815.6184230465344
2941,684.8817333514262
2942,663.2288006696955
2943,371.3994525372788
2944,421.64433697104545
2945,710.7527298277953
2946,746.5113216723848
2947,697.2810930363062
2948,704.9349514193257
2949,681.0251075129005
2950,684.923149610746
2951,411.9066919974321
2952,752.0267307481856
2953,293.787092665333
2954,702.6652208821622
2955,702.8815917066588
2956,710.8406964438188
2957,713.6351267970873
2958,720.2645479192397
2959,668.839476202968
2960,726.1843539494806
2961,764.2491503328934
2962,726.745199771473
2963,714.9716797015985
2964,693.4060908212418
2965,650.3965393369069
2966,674.4673123653471
2967,400.168389533912
2968,706.7027128322004
2969,394.7970740046359
2970,678.0042964493464
2971,752.6630146150746
2972,689.150318142575
2973,831.478742059736
2974,296.95402808125476
2975,309.6212944178547
2976,282.83320197498546
2977,229.3922102002793
2978,693.8756866652493
2979,399.2247234426217
2980,723.1653479747539
2981,832.737253518363
2982,718.5749087308174
2983,588.024446196643
2984,778.4087837787356
2985,469.39235983804656
2986,751.1217093319547
2987,725.0021151781307
2988,402.2235530389016
2989,763.1431020851045
2990,739.8533777454122
2991,315.85485230947853
2992,849.8882015623901
2993,732.5154842177897
2994,652.9563101035748
2995,691.114405736079
2996,638.0390286066671
2997,439.1679121831893
2998,694.918038418537
2999,732.439994127234
3000,515.7146537807173
3001,846.9401365174962
3002,752.0342542471627
3003,711.2859616258959
3004,717.8058886677803
3005,773.2716603305262
3006,681.3609642865598
3007,742.905404025724
3008,734.617589606821
3009,298.73002852725074
3010,709.9592854278476
3011,676.3179778116722
3012,674.4306798397549
3013,756.473334468899
3014,679.5344055472652
3015,407.42761415695253
3016,422.91579396696
3017,252.5939714550596
3018,318.4005452084339
3019,245.66443142367564
3020,747.9228523114642
3021,306.7704204245601
3022,832.8880934633077
3023,720.1094357724337
3024,660.2704266886333
3025,662.4032784897967
3026,848.9008661526295
3027,799.4668026264935
3028,735.4681775662292
3029,752.8912795735056
3030,702.0869994454325
3031,703.382655672628
3032,772.8899559482579
3033,825.9001093034442
3034,755.226646666202
3035,720.1617556169118
3036,717.6075170236309
3037,297.4328988623965
3038,707.6825889483624
3039,678.4666490507951
3040,672.6314259229445
3041,720.0243980222344
3042,408.04612152767413
3043,835.4579697378047
3044,709.8407541936475
3045,168.87441104305356
3046,694.9484700565216
3047,690.8113521532755
3048,308.74851101652735
3049,699.2677842639339
3050,678.2190808669384
3051,725.0242856864278
3052,751.366457050623
3053,707.779551026927
3054,403.50155954473263
3055,679.4410316716271
3056,657.3801489460966
3057,695.9665266337292
3058,741.0264210901483
3059,706.6068001455068
3060,404.7925520231928
3061,295.2110427260905
3062,333.80407251442915
3063,701.368958466352
3064,300.2422592979045
3065,649.1369377038351
3066,391.72701793096303
3067,736.4509171376939
3068,761.9264576196052
3069,730.3451930764614
3070,679.629743362984
3071,704.0185763813728
3072,314.78064812608795
3073,732.9391340882615
3074,707.5044085729388
3075,662.9894653535698
3076,756.3167499748597
3077,717.8736528527004
3078,295.9514786629481
3079,752.4078686100315
3080,749.4852454560787
3081,783.0924717419455
3082,315.041778437578
3083,293.2175606793472
3084,717.7903276591503
3085,698.7418594011561
3086,732.5240654672143
3087,317.10018204834745
3088,711.3343920470975
3089,182.23779053695705
3090,710.7755519080872
3091,696.6296181803816
3092,830.5390939241227
3093,296.6731972752987
3094,726.4231777137917
3095,716.8433338052697
3096,702.1204958964886
3097,668.0140333971957
3098,738.8838307106485
3099,665.8286942139072
3100,777.5504738536686
3101,395.8279396316299
3102,688.4988007656214
3103,298.0192641580127
3104,309.2431879976135
3105,726.0123663801012
3106,693.2286536080298
3107,730.3168198576275
3108,673.9517159873727
3109,700.2354021063924
3110,815.219769918112
3111,313.5226868271306
3112,674.2675621110839
3113,703.1984268473308
3114,708.8881798277281
3115,395.4666328622069
3116,721.8822807350183
3117,681.4563255595117
3118,816.5968783251847
3119,396.16270948415377
3120,749.6356873259723
3121,706.8341962206938
3122,415.0918723744208
3123,680.119497346674
3124,754.5936005467613
3125,734.9566629311528
3126,702.0382574396269
3127,671.6462406413231
3128,727.5328263438851
3129,702.9442660333656
3130,746.852226742739
3131,748.0372272724671
3132,847.7629573401658
3133,717.9566555199884
3134,295.9781060524335
3135,723.5045419850502
3136,700.1390057337318
3137,688.1451823619692
3138,693.2296427008196
3139,712.9265512667191
3140,257.08693303631975
3141,714.926156578419
3142,735.2497223558461
3143,316.5878269344261
3144,749.7241893516277
3145,846.2648769305341
3146,701.3194579035065
3147,709.134501714515
3148,709.3328849686478
3149,679.8617257933682
3150,717.0530785341695
3151,730.6625541720958
3152,674.5601658648528
3153,732.3002112306561
3154,710.8118811607154
3155,522.5437315972619
3156,683.9766454148069
3157,678.7744279737312
3158,255.08084871011772
3159,310.38180462008603
3160,266.85731143253986
3161,664.6226607896982
3162,179.9286386773328
3163,397.5036012199615
3164,671.5358175355112
3165,722.1866639048302
3166,719.8034086018154
3167,818.5500519424056
3168,734.5355468993504
3169,747.3696683838515
3170,442.80504559797987
3171,829.1389444013591
3172,754.2453533367341
3173,841.6441850129133
3174,701.6555987028866
3175,400.70399120417085
3176,682.6956100693872
3177,401.9847182817166
3178,737.3153556583104
3179,647.1511367313873
3180,396.78200297964133
3181,821.1010070794889
3182,639.9901086017951
3183,765.7426765445164
3184,733.6709646376167
3185,704.9950858282518
3186,739.3325173164824
3187,718.5863040212366
3188,695.7343502687659
3189,825.7046293222259
3190,731.0558860101773
3191,729.9214340924389
3192,303.845420139972
3193,398.8728255217405
3194,727.142112572998
3195,720.0977730251258
3196,169.58027665244003
3197,678.8334372263934
3198,666.6063612030056
3199,297.32588409955684
3200,719.8934629466037
3201,296.77543808709095
3202,754.4592836961313
3203,751.5824201436268
3204,201.8786455630866
3205,711.7864941247248
3206,715.2820945957685
3207,288.5643044401305
3208,646.7329871364093
3209,821.3244859508864
3210,702.5919567514011
3211,402.34763084672466
3212,326.2204099405157
3213,309.1615034750537
3214,311.9474000447537
3215,734.1011753123972
3216,694.1938570618569
3217,710.7515166162921
3218,406.74205417116985
3219,714.9464309717589
3220,676.3774491480782
3221,322.4477097507253
3222,703.856170107059
3223,696.3003424138373
3224,668.7691848863856
3225,752.3806188916474
3226,239.97926880530594
3227,667.1011704531858
3228,233.72549495076385
3229,833.5374157872354
3230,716.4340294027344
3231,690.034860594841
3232,659.5938911180411
3233,707.9054001626389
3234,742.5502833340058
3235,670.2303624822797
3236,715.1205686644565
3237,704.1902424834846
3238,769.260155385058
3239,688.4909294691853
3240,624.1965295196686
3241,685.0453369664356
3242,720.427133453274
3243,853.9570291271189
3244,716.1777604336519
3245,684.9291999729458
3246,697.1669364232223
3247,308.99221594142944
3248,738.1504791740423
3249,680.2617363047594
3250,290.6363979107237
3251,678.1649522734529
3252,849.9599642640578
3253,832.0607977324195
3254,680.421663431236
3255,686.05986028033
3256,669.7487301553588
3257,689.5375015718962
3258,714.589916881801
3259,704.5073677050548
3260,709.0096736825338
3261,688.9225590321414
3262,708.3651011214166
3263,716.3684210286677
3264,311.35185355226577
3265,464.7588410366942
3266,702.5869716030156
3267,673.3016147863231
3268,397.20013727137103
3269,680.7552144657737
3270,273.4684687976022
3271,709.0973598876687
3272,399.87930167918427
3273,723.1529987817999
3274,687.4889232706303
3275,739.2723363193332
3276,730.4203437345152
3277,719.2485643061455
3278,682.5946535367511
3279,574.9639498925029
3280,722.0120490544427
3281,685.1452583995075
3282,171.74756231948749
3283,301.08088434062927
3284,712.4465218505553
3285,284.7044474303184
3286,715.2128293239726
3287,481.0022771604274
3288,306.58597953616015
3289,708.3039909687366
3290,436.20913621672617
3291,681.7975395525478
3292,690.6205058292576
3293,702.8267078349354
3294,770.8958386212895
3295,829.4937561468107
3296,668.9061100159429
3297,177.2954913032949
3298,673.03865731909
3299,690.2652370907252
3300,729.3508175649014
3301,674.5898239805547
3302,726.5147270669808
3303,754.789556156648
3304,409.3261379769869
3305,733.2674838693953
3306,680.6442213336315
3307,689.62784057807
3308,735.2679556901392
3309,702.0511426486914
3310,740.7933623722552
3311,691.6839981812622
3312,730.4871905377032
3313,753.2877446975624
3314,659.6704748282583
3315,757.7650740418494
3316,668.3682123593173
3317,726.7490085883855
3318,404.53070211887615
3319,692.0039395809333
3320,699.6470723988557
3321,693.6901350392293
3322,640.0587999566252
3323,693.0513050862045
3324,261.5010995478714
3325,718.7734354695317
3326,679.2028290286146
3327,407.9211288269812
3328,677.9340823272286
3329,752.3998023739853
3330,747.9894783534388
3331,736.4405645106526
3332,854.0146096542902
3333,692.2941830350833
3334,697.4700332353909
3335,698.5711443211553
3336,736.8221664875748
3337,658.4775512496362
3338,677.2429808124591
3339,695.6020325292233
3340,171.210888849716
3341,314.3944524834209
3342,730.7710077069117
3343,781.4942007861698
3344,563.490834487142
3345,689.6662257816629
3346,785.5119773850708
3347,656.5719747467125
3348,773.5667168270783
3349,189.32954025495496
3350,746.8433949950044
3351,290.3334640871164
3352,749.0538505269263
3353,402.48389015874113
3354,723.4269984037087
3355,181.91131283050697
3356,694.6265119514835
3357,710.8107061394971
3358,299.6208501884344
3359,698.8082502078856
3360,749.027293716987
3361,669.722592539714
3362,499.0950876117329
3363,400.3832564364313
3364,683.9606362060063
3365,733.0972812725812
3366,759.4337267226108
3367,669.603425600171
3368,722.5605916251997
3369,406.288291660388
3370,668.1949582263824
3371,717.8267421695355
3372,678.167191976137
3373,418.7007829491723
3374,740.1159731396424
3375,723.3590737009185
3376,687.476992669139
3377,787.8745038212198
3378,677.7773675142056
3379,700.0956715398191
3380,399.3552947188176
3381,701.9679785624859
3382,735.9692146337052
3383,678.7445470065632
3384,295.94130799069484
3385,677.2623807981741
3386,672.2726120051747
3387,718.929729360278
3388,754.9945016305757
3389,410.92804138078316
3390,747.3020098821427
3391,701.5405483058362
3392,718.5076080979562
3393,698.4927037430573
3394,379.4921087107337
3395,846.8944537710797
3396,397.04353198654417
3397,715.3044201442056
3398,683.4443161176976
3399,706.8772904669139
3400,688.8273454470126
3401,697.4263824066492
3402,735.3642653196633
3403,682.9137980133426
3404,259.11083352134403
3405,664.7189110574891
3406,683.8723332972586
3407,379.7374312161516
3408,403.0932120206087
3409,683.4027354714526
3410,721.0486909957899
3411,704.8960062061051
3412,695.4616213177901
3413,278.31370575450114
3414,693.8960850604943
3415,661.336473815978
3416,295.01169953195176
3417,444.9582734946987
3418,672.9156928153386
3419,555.8847171919522
3420,461.15718082448643
3421,678.2957530622637
3422,749.7919679047488
3423,402.6208293772905
3424,707.2885053755623
3425,708.797905800803
3426,181.42833192274503
3427,768.6259260187755
3428,746.3614047249723
3429,726.3489608858522
3430,688.6603308424685
3431,657.2475941183427
3432,297.0713289806121
3433,732.5174015148706
3434,764.3027544361976
3435,710.0646495559694
3436,746.7630371369523
3437,682.8309210067478
3438,751.9520304702771
3439,403.7104878001626
3440,402.435896336684
3441,685.3238423628344
3442,727.9992074912452
3443,412.47444370614255
3444,756.1527330399567
3445,750.4590393064865
3446,413.09760053187824
3447,681.8201781077869
3448,307.30267643603486
3449,657.5307584695814
3450,746.288084182789
3451,716.0876765206765
3452,447.1414565601822
3453,486.2355294398962
3454,701.0969922715503
3455,301.7366028612739
3456,661.3788123870164
3457,764.6657880401802
3458,662.2197631387135
3459,698.2586703148303
3460,701.9273361418836
3461,716.747309917125
3462,738.7598654946103
3463,679.03640233142
3464,675.1409872957238
3465,375.56315633511286
3466,697.5909304517196
3467,686.5033720451316
3468,841.7802202085355
3469,721.0490356792799
3470,728.0996853512761
3471,703.061767728047
3472,707.029439518348
3473,403.3415873228303
3474,703.6270340654702
3475,840.7436459248595
3476,398.3025580524193
3477,699.8158055592326
3478,495.06595869460926
3479,301.3573802085449
3480,732.1974226607186
3481,749.9948526165671
3482,722.0109224429357
3483,683.6848089344262
3484,528.5245903836604
3485,675.7321670577085
3486,400.5957841699582
3487,640.5089368581719
3488,406.4097996103597
3489,415.55654094131216
3490,686.1300804873351
3491,729.2909161227215
3492,665.8240085524683
3493,724.7555367212422
3494,309.6499660097126
3495,727.7914429660393
3496,685.5373155356443
3497,744.5990618409678
3498,728.413886478206
3499,710.741241360113
3500,445.4224114523258
3501,690.670533785778
3502,716.7469983977439
3503,642.0891984224405
3504,401.8641314017078
3505,685.5153795919193
3506,687.5891625666247
3507,654.3604094490753
3508,401.421752936576
3509,655.0838706212521
3510,700.8480179305864
3511,769.6004165175773
3512,722.113179508474
3513,746.0441943353557
3514,403.36820459370773
3515,754.6141411100008
3516,724.0293607154614
3517,686.2823345363757
3518,717.8489415439726
3519,719.918718504671
3520,403.88468781259667
3521,402.67782058530355
3522,651.7027941380871
3523,716.6667799985099
3524,722.0805843354073
3525,406.79286890324073
3526,672.1511668772926
3527,515.3661988315466
3528,649.1363335706967
3529,811.3416257462094
3530,673.352179569913
3531,743.9024406091362
3532,692.7220019636346
3533,728.7272122001767
3534,324.6586904103238
3535,732.251626680623
3536,728.9926753274951
3537,717.362284699486
3538,401.94837542765083
3539,399.0951791472187
3540,721.1892541611395
3541,180.3952178370639
3542,314.02326073758036
3543,558.367023551762
3544,745.1280019034987
3545,730.3682595905275
3546,749.5877729401965
3547,733.1960116773352
3548,744.6593128858715
3549,669.6272602046397
3550,754.6722596904144
3551,306.94378558391605
3552,739.7764688496688
3553,743.023800423056
3554,727.1913381858
3555,741.2875403343874
3556,714.6864109599102
3557,394.14600966578746
3558,727.3589748851814
3559,401.6057100613546
3560,276.37148847740684
3561,724.0152539270525
3562,836.8743093659372
3563,755.8945112921672
3564,651.4662944156688
3565,298.6153898919756
3566,740.0837849466694
3567,744.0445777922317
3568,422.1171853107729
3569,744.0192113464436
3570,721.8818065242687
3571,743.3550395776431
3572,403.85548787694995
3573,673.3518287539638
3574,701.3080419909612
3575,680.0633532785696
3576,695.0961599964843
3577,668.6113119590467
3578,449.1149019114063
3579,742.8275845991018
3580,668.7111943426522
3581,700.7512114801178
3582,696.540710391622
3583,260.8609811496953
3584,771.146838199925
3585,709.678139381499
3586,409.0065503182381
3587,413.14207482790187
3588,231.54898880087615
3589,386.67381514215987
3590,442.26405113141766
3591,679.8516600014772
3592,713.623497274956
3593,676.3190251607266
3594,689.7539570475805
3595,689.7185946953828
3596,681.7409284520172
3597,675.1202051035949
3598,717.6174021244364
3599,307.24648969687746
3600,679.840096034498
3601,701.328310027549
3602,702.937466853954
3603,309.04141174356994
3604,702.2557663859758
3605,690.2231284816746
3606,848.0817856469878
3607,704.7595834080801
3608,721.0308276755476
3609,683.2972957870958
3610,667.6958231193314
3611,698.1327043173936
3612,726.471882633795
3613,761.11712406997
3614,573.2009420922299
3615,713.6884825944835
3616,311.44231874595783
3617,517.8346357118921
3618,416.45377696912794
3619,679.8984410284639
3620,725.2897165641967
3621,406.68414621075226
3622,310.5678250204675
3623,740.2301658215893
3624,314.50258812067307
3625,680.7676336150006
3626,677.7365575659364
3627,404.0203670935318
3628,731.0079060894258
3629,702.3486839729967
3630,848.4783566019523
3631,677.6526454344261
3632,691.7684593566812
3633,295.3740795447952
3634,302.3815526522165
3635,225.1912155616157
3636,404.6006131204398
3637,641.0963680536523
3638,683.7631025618518
3639,773.5539715698379
3640,682.6061841645708
3641,736.1544032139371
3642,649.373997972811
3643,415.7145285730281
3644,691.1917709633705
3645,302.13389966803004
3646,171.0702380690143
3647,744.0813103459616
3648,747.3088005609845
3649,843.1881437258397
3650,681.2360321326483
3651,754.8812023555835
3652,682.774072536853
3653,743.4738182484508
3654,692.5940854891535
3655,307.7592572859243
3656,693.7096017718833
3657,539.9785857310005
3658,695.961270171594
3659,784.0476494331027
3660,794.5265960923698
3661,700.0620275864726
3662,667.6086352236754
3663,697.0377734082817
3664,393.9593581644327
3665,393.4586325886736
3666,736.8908485488938
3667,705.3127595980092
3668,412.4945786057651
3669,656.6101683538508
3670,648.2626069162409
3671,728.289477148115
3672,410.62977160666674
3673,681.9991193676145
3674,301.12417651421833
3675,732.4343957351138
3676,543.2679399784049
3677,675.206507905049
3678,679.7424187580144
3679,674.5136140748663
3680,714.8025729255065
3681,307.94584062381796
3682,399.7156323095253
3683,298.62695205176294
3684,697.2054827401132
3685,736.3814322148431
3686,711.9670194254659
3687,713.2781438933499
3688,315.313283328578
3689,680.7859698008176
3690,745.8039240055363
3691,397.31560589669203
3692,708.5075989255813
3693,675.2914660298803
3694,400.59007302182255
3695,395.5912651705941
3696,786.2556487131787
3697,728.6494281941588
3698,704.8277630993229
3699,742.9143562110611
3700,745.3270077233705
3701,668.7980757608066
3702,296.1871440813025
3703,750.398173364185
3704,708.1717387147987
3705,689.9543691740594
3706,715.1538740318654
3707,295.8704407138585
3708,582.9919960527305
3709,697.2138204663387
3710,660.125112258452
3711,184.87736409080554
3712,707.4438372638513
3713,839.9060521597493
3714,727.2093936005596
3715,665.4886366003401
3716,677.4348888480553
3717,695.5057601520458
3718,683.9091546719279
3719,327.53650666198814
3720,698.3043459500393
3721,183.57431634114397
3722,640.8414102121667
3723,698.1619288957751
3724,675.6247198851643
3725,821.2145703147603
3726,408.47204158754954
3727,695.3188678640444
3728,674.0410616706304
3729,676.3530104161915
3730,662.6232061668068
3731,307.7941279209206
3732,651.6891443287275
3733,171.210888849716
3734,847.0362596872263
3735,562.7857169081399
3736,663.7561134139273
3737,769.2710297548889
3738,719.2847836551088
3739,310.694099132635
3740,781.0030550057604
3741,710.9359314926396
3742,847.6497308852474
3743,671.335224823735
3744,688.2654479440957
3745,849.3083020319943
3746,774.5740907029252
3747,401.28683770637383
3748,704.43061189361
3749,305.1182283062897
3750,530.8633880864847
3751,716.277192921501
3752,709.3265402370542
3753,681.321139593736
3754,842.5148265377446
3755,696.1361755039458
3756,399.5771116405313
3757,294.64885876136094
3758,721.2107733391362
3759,712.0443181164875
3760,308.5794942028001
3761,404.37380199631065
3762,700.4204447590159
3763,745.5739113964372
3764,676.7436628882256
3765,729.2364112795377
3766,719.3711370605581
3767,723.0193811987692
3768,724.4931521966025
3769,681.5926740325388
3770,695.6412275285376
3771,726.1343669691503
3772,845.689420151479
3773,288.18460719421864
3774,390.31051093740456
3775,691.4478447389004
3776,742.1510011725483
3777,674.7389904216785
3778,684.813041379419
3779,276.9137505633728
3780,694.7612687727207
3781,850.3762064694063
3782,730.2979923765466
3783,744.7414884287473
3784,677.1827860993078
3785,416.6564868306614
3786,742.7612051702012
3787,699.6734805797558
3788,684.7907971606119
3789,705.4628016283212
3790,300.19897507186454
3791,294.30230816073515
3792,752.9210530359518
3793,671.6709298244349
3794,672.8510953639188
3795,729.5840196602711
3796,775.2963322745879
3797,712.6719799119371
3798,723.0563398817377
3799,745.4164407812258
3800,702.6131617663996
3801,294.1562824445178
3802,730.8477488041414
3803,841.5554135827689
3804,750.7314119998669
3805,716.067394626929
3806,722.2653749298811
3807,724.8004776475778
3808,383.34397794040274
3809,416.59554725800535
3810,688.9455486846609
3811,319.4942659572821
3812,737.5481774558658
3813,700.5049817227125
3814,700.7018937403823
3815,402.4589562168525
3816,710.148139407849
3817,660.3777378211728
3818,739.2448434672457
3819,754.3725920129607
3820,731.2630812338509
3821,728.6954635895831
3822,681.8233183441589
3823,681.9883656736897
3824,708.8876351025
3825,413.4517813209746
3826,451.7977818424005
3827,756.7116059827599
3828,752.8406745686037
3829,721.232607007407
3830,752.4917411016577
3831,299.4435102604001
3832,720.9405932036433
3833,702.812514840338
3834,723.8677817804144
3835,337.9103260276615
3836,648.9284456940409
3837,729.5568504358919
3838,393.54579633079373
3839,748.5873345455778
3840,310.2333715330041
3841,738.4774131921396
3842,771.5980988667052
3843,668.8309316163612
3844,676.3458158127478
3845,672.8608575959116
3846,690.0827276996744
3847,698.0759089496574
3848,326.5017111937896
3849,298.86143762202306
3850,832.9241368455902
3851,720.2686101967074
3852,726.9023039763503
3853,378.8437278664185
3854,718.2686906018807
3855,700.4963171393904
3856,704.4670496872857
3857,742.5957702421481
3858,698.5855197702672
3859,676.4039218650685
3860,431.1795765200575
3861,687.4091333734959
3862,323.8834588856821
3863,706.111579920823
3864,404.5579473502382
3865,301.28959412118826
3866,735.5389780062777
3867,657.3990766959315
3868,313.767553783308
3869,179.97742439023227
3870,707.1772542747852
3871,231.02530964149082
3872,299.7009941430975
3873,393.9995713589721
3874,748.3510789579796
3875,752.3489846959889
3876,645.7148195294837
3877,691.5772762053873
3878,689.0012961040607
3879,652.098314802836
3880,665.7741750557562
3881,309.5050004323666
3882,301.53009340627193
3883,676.1376619882741
3884,690.3533009487395
3885,698.2923762372973
3886,683.7624305026674
3887,706.5527425362783
3888,401.63464925289816
3889,730.0040243921753
3890,665.3740770700695
3891,704.5435369255088
3892,161.89238372527853
3893,238.07228906901514
3894,682.71664568139
3895,849.2970993889957
3896,675.1505463102444
3897,708.9931228401008
3898,713.4298866970383
3899,713.8285824656471
3900,649.1600448731136
3901,719.2601122547039
3902,672.5065767011354
3903,740.1716206335963
3904,683.2002680315735
3905,722.3335879792592
3906,321.7104793966681
3907,674.3911213238569
3908,704.0513518168405
3909,195.7121781493841
3910,728.6189009874016
3911,698.3217703909498
3912,746.197307739677
3913,681.7885167749037
3914,305.1598341040145
3915,705.3596381209321
3916,523.8352553146883
3917,679.3026253753346
3918,405.2378187552374
3919,653.9207838058959
3920,751.3842254308504
3921,705.858968746503
3922,727.7409043089033
3923,849.648139011033
3924,398.57819427986385
3925,179.8046204672401
3926,750.3889148893586
3927,667.3966166552118
3928,304.83608015343356
3929,710.432803580236
3930,306.8350165096906
3931,663.9167102747723
3932,674.4017951511959
3933,704.7207317219444
3934,705.5433499237935
3935,681.2514696252636
3936,181.5086746149786
3937,715.2433252464523
3938,677.3279334224662
3939,740.9519161140988
3940,682.6833322924738
3941,709.4275073740556
3942,399.71482933730186
3943,706.8447568770897
3944,730.2833422835429
3945,686.5444240163101
3946,394.60224163019143
3947,725.0260369649733
3948,741.2185570208296
3949,722.9471232383494
3950,727.022606995997
3951,704.4952413448046
3952,681.9050893823534
3953,685.8183996625739
3954,300.01785358293245
3955,274.0064237023532
3956,718.7448378742732
3957,749.6789308595595
3958,702.1314774813627
3959,693.8052055044258
3960,704.034040102364
3961,648.0225871454431
3962,698.4482635179708
3963,700.2604737414565
3964,718.5701229725131
3965,741.1321668606638
3966,722.9850328608586
3967,750.482741656852
3968,721.0440735265602
3969,415.9938668374957
3970,668.9096829799586
3971,180.02965231067947
3972,401.3450493646184
3973,408.16724503668763
3974,702.3313515047917
3975,660.5871404179925
3976,751.7589847450556
3977,726.1650557398013
3978,744.5814680264207
3979,446.5967686069298
3980,685.2306883045948
3981,670.0708321466369
3982,687.1884950139838
3983,678.7406519154832
3984,708.9644335192207
3985,647.8897859880275
3986,413.2666266235516
3987,744.4597917236267
3988,748.6105590454877
3989,797.5861599493073
3990,573.2060030566186
3991,299.4685478127743
3992,849.2444324399746
3993,703.4059150836515
3994,700.3776367610764
3995,679.7428856011602
3996,849.9199494733355
3997,394.5799382093195
3998,682.6519042843123
3999,726.9327108459079
4000,715.7941432471252
4001,735.5167428080352
4002,709.8185004453975
4003,688.3120544881212
4004,395.8030449274963
4005,688.1289495765062
4006,852.6188235308994
4007,380.2364236962586
4008,661.9006331740429
4009,678.9987501193739
4010,762.231295553709
4011,725.6285964961311
4012,811.5989679328509
4013,300.8411221376552
4014,676.7440938545832
4015,681.7846681381205
4016,399.33209358715084
4017,736.514316202231
4018,748.6543263289719
4019,767.7655506288484
4020,674.6947162881236
4021,424.739813060365
4022,843.9157028681834
4023,219.16693254995613
4024,681.6729108637251
4025,681.0967782890347
4026,697.3069797396441
4027,688.0767910401042
4028,694.8992190891975
4029,742.4771250507615
4030,683.5863835696289
4031,727.3650827327781
4032,389.1892903282815
4033,733.5704375906107
4034,689.102250578669
4035,679.593772013886
4036,551.8876637467063
4037,405.1494186162505
4038,686.3423771155069
4039,754.7363297145357
4040,746.2605584991064
4041,749.836468713181
4042,671.2001441397475
4043,398.11105451575145
4044,314.85529238076094
4045,740.7970069925458
4046,699.9382342073429
4047,724.005761394138
4048,682.1259076153082
4049,706.1692230664445
4050,674.7477556002841
4051,711.3653905013955
4052,745.969960617355
4053,306.43935688999613
4054,195.65614571757914
4055,675.0901263257615
4056,384.7412173714785
4057,745.4759856740615
4058,678.9401313257948
4059,696.4775702177647
4060,711.6297966170259
4061,705.6794457006029
4062,723.6946325257315
4063,727.829620969928
4064,769.9410964801558
4065,736.1942100555884
4066,740.7340170815364
4067,753.8804193377675
4068,298.56208479825057
4069,312.04396066690686
4070,702.4566828512574
4071,740.4361865940621
4072,757.2621415560607
4073,301.6597422197498
4074,703.0793653044798
4075,710.0250992370102
4076,701.4758778435018
4077,645.5880260957978
4078,705.5572379414832
4079,675.7345938573679
4080,847.1872938765131
4081,297.52417538518444
4082,712.5051790257061
4083,702.3483407660491
4084,724.9687705000758
4085,724.619158825163
4086,692.662092161945
4087,410.321780239691
4088,676.0368625935876
4089,705.1743064991945
4090,403.60889614562586
4091,288.0124624070126
4092,753.0950345743634
4093,751.4259893682305
4094,680.487615465004
4095,717.6324515410847
4096,784.5923660455816
4097,301.93824362189855
4098,306.0834061759245
4099,683.2338639150316
4100,696.2862877077216
4101,711.0586385886451
4102,715.1174723076102
4103,711.2746205471313
4104,303.11384315852797
4105,652.2960980354687
4106,712.3954712167626
4107,683.3272652148223
4108,679.486943713472
4109,301.0925819712751
4110,315.9758727283878
4111,699.8849256967275
4112,409.74881820687756
4113,751.6679602260459
4114,192.56558307371057
4115,708.5442486012414
4116,677.3756290894001
4117,752.6565428669654
4118,246.79909361505247
4119,676.3665339410708
4120,647.9999497876042
4121,699.7987307982197
4122,708.6504913618185
4123,406.91902141158926
4124,373.946932429792
4125,684.0650203255695
4126,714.0853721340088
4127,713.4478491167255
4128,780.3339031269265
4129,674.7586865103617
4130,684.8363387167562
4131,400.01473733919465
4132,649.5682097292295
4133,317.13447846734016
4134,654.078629795143
4135,679.1899734247027
4136,312.46177199115596
4137,732.4789786890109
4138,852.8119486619851
4139,658.7675597175953
4140,380.1113491629982
4141,704.1361248036458
4142,692.7443146207603
4143,269.3510233153033
4144,369.0739695044963
4145,293.22415478139595
4146,735.7658474678212
4147,695.7832318622793
4148,648.2981228986872
4149,385.46339564620195
4150,402.36733205353136
4151,684.4234353718575
4152,707.0824900476697
4153,699.0579023343715
4154,752.9244034845234
4155,731.2479815065398
4156,701.4388909890313
4157,312.7069639860151
4158,294.0443002807721
4159,677.3908440204757
4160,691.3085814269326
4161,668.9989450492621
4162,702.2874089238871
4163,651.8310377594956
4164,703.3250710132147
4165,707.1727447689266
4166,689.1341537215023
4167,661.4956847291448
4168,729.5207669848745
4169,849.5966937457997
4170,672.6594122170526
4171,301.2830927403508
4172,829.7787205123484
4173,841.7010704563417
4174,418.06597981616585
4175,288.55171876330024
4176,678.7136610535864
4177,698.8852777560598
4178,401.9135340776637
4179,703.2012281547519
4180,414.2334921351299
4181,405.02713202241875
4182,537.9169479819984
4183,408.42785611059804
4184,702.3018013689399
4185,697.5548897089017
4186,841.1424681443009
4187,649.5219766354109
4188,497.5043237476716
4189,681.8794035242495
4190,680.3654063352445
4191,709.9061034385793
4192,714.8986767413709
4193,699.0745640886759
4194,692.6390449975703
4195,673.8378152849664
4196,668.0497617518453
4197,726.555290771249
4198,744.157851013078
4199,686.7246004103238
4200,746.1542913775447
4201,680.9248673812385
4202,302.27510241324063
4203,298.3188498768707
4204,402.9514979718076
4205,670.9842784813787
4206,833.6892345496095
4207,779.9965978491393
4208,688.477436544079
4209,649.980945240623
4210,341.5425739376049
4211,685.7248666158749
4212,685.6847077082084
4213,723.1342477105352
4214,201.28200194061236
4215,712.9301199850859
4216,494.1657922367542
4217,678.9032659718089
4218,716.3988909987128
4219,757.1840327821769
4220,704.6809862555559
4221,685.6448123535164
4222,404.4042677850224
4223,670.7834783872565
4224,554.8376656822102
4225,675.453723594786
4226,404.8950384503434
4227,720.4400320835598
4228,760.2706111823086
4229,340.0706924224436
4230,404.7106134794144
4231,724.6237536816557
4232,690.1150827915445
4233,763.057284880573
4234,727.6611879543525
4235,372.5427699025214
4236,650.9507194965137
4237,587.6997678196915
4238,420.5487519515716
4239,658.0466000166367
4240,703.7999185512177
4241,791.1802717732176
4242,847.3506232418481
4243,542.9834749886816
4244,315.09084243888196
4245,782.825188738021
4246,403.6427366684846
4247,726.467707635922
4248,730.4326198856634
4249,399.2465984716862
4250,722.0727262074292
4251,687.2149192901808
4252,720.1145738683632
4253,402.3535173989653
4254,639.9305051227194
4255,742.9460742960031
4256,311.4727459993748
4257,673.1874049538898
4258,707.1692377823008
4259,301.2300791261688
4260,704.1020009721973
4261,657.5561967439888
4262,852.7196047308055
4263,651.8674589164247
4264,731.2489367366018
4265,725.7869266832364
4266,291.7037970025632
4267,389.24367325916376
4268,745.6592168675097
4269,236.6942057802682
4270,846.5044791053986
4271,401.6596293218041
4272,196.68005448908798
4273,677.9417374052617
4274,743.9613762335191
4275,819.5150522720172
4276,680.5331467090551
4277,250.52655229659342
4278,720.4816593780403
4279,713.0680580575646
4280,736.7848229570214
4281,305.4743221589786
4282,752.0998161308044
4283,287.26255558556346
4284,663.9711787725399
4285,682.3273065148461
4286,400.8553186034137
4287,709.6497845582488
4288,735.9426921277496
4289,721.9187251634307
4290,749.6962275258585
4291,723.3492097393259
4292,395.1864612662221
4293,541.289760361353
4294,683.9397132558753
4295,701.3783068659093
4296,702.240995988255
4297,718.5664173133073
4298,192.96467074194106
4299,708.7692372977721
4300,705.0811155045184
4301,272.47754364253495
4302,723.9949107503323
4303,678.8776031699791
4304,705.3076275791252
4305,752.4514184594254
4306,694.2339786904078
4307,760.2887915458773
4308,699.5523753782029
4309,752.7994285260188
4310,309.3406680756047
4311,776.2689217758837
4312,720.1518052637344
4313,277.8858238917
4314,704.0737983317308
4315,670.4678914075186
4316,722.1992814770124
4317,845.3798902167078
4318,853.9770933242189
4319,647.8860337549653
4320,692.5593990576798
4321,683.322984841988
4322,724.7029968403614
4323,743.1967513454534
4324,673.9433431747677
4325,694.451998181436
4326,707.0341873728476
4327,710.1149994195764
4328,372.8702000643723
4329,183.53775290559764
4330,664.2283372803556
4331,780.9129714627418
4332,705.0879683479559
4333,664.1861813796488
4334,831.9212708325201
4335,727.8232196345355
4336,788.0660826270484
4337,704.1584629563438
4338,667.5568737192868
4339,200.93946430635407
4340,307.1100238578773
4341,840.4898189325469
4342,698.1219517217709
4343,752.5449911135654
4344,695.3633122280172
4345,728.5924040373549
4346,408.4584641684319
4347,837.0286918169916
4348,416.6062207454264
4349,648.346284817993
4350,698.4495250931701
4351,733.9832480390135
4352,714.8855961182085
4353,752.7352796155761
4354,217.73724462908694
4355,676.0016699768778
4356,813.2336112033784
4357,408.0562913500763
4358,672.931004840713
4359,292.8677877233861
4360,627.5511646019601
4361,707.570259823702
4362,297.3765627004578
4363,404.5434101498712
4364,403.8424665597596
4365,375.42735101927684
4366,685.6001519026106
4367,302.9184375065192
4368,849.2496183769672
4369,704.1930935898491
4370,678.022869402337
4371,704.1283789452698
4372,650.924186155843
4373,673.4845149016966
4374,700.6947199967783
4375,295.2047214667155
4376,209.53226604434917
4377,720.0802961861498
4378,194.75419932724236
4379,769.4433418287781
4380,677.0285587694597
4381,744.8662026764171
4382,702.5484271677271
4383,296.2734698002827
4384,740.386405788666
4385,535.5450177537723
4386,757.1037650988834
4387,738.6445163206402
4388,774.5513911433322
4389,701.4940347900337
4390,683.3909559889519
4391,689.5709769605837
4392,657.5228001725723
4393,710.5999693073234
4394,740.1200103042919
4395,682.096537092862
4396,740.3389604483386
4397,705.2005064667076
4398,698.1734551141818
4399,721.0413256846344
4400,405.54247901558165
4401,672.3524671472286
4402,774.473582671007
4403,724.2418293771544
4404,744.1981412822145
4405,682.7072697190025
4406,722.2163165291844
4407,325.6379189804672
4408,270.6134792323967
4409,755.540907739933
4410,715.4216816040943
4411,707.8653269378563
4412,676.2881042142103
4413,705.4149377788887
4414,525.7940811452238
4415,187.3404545104355
4416,458.1481697735894
4417,693.1960180713498
4418,725.4121054271067
4419,564.7499143777446
4420,257.05587250085347
4421,728.886370330056
4422,673.8328916437104
4423,753.4776998966931
4424,696.9377007409395
4425,704.7741251907092
4426,835.353340143665
4427,677.9443639858293
4428,731.0312350754973
4429,503.2929333866445
4430,709.7543300060486
4431,672.3051811958194
4432,733.4781393005225
4433,698.8993662863343
4434,668.5294964900672
4435,659.2617241652745
4436,678.7682503368562
4437,303.27862921320235
4438,718.5437716939336
4439,662.7582437021722
4440,291.0274324247217
4441,182.357587839222
4442,320.72027843528934
4443,403.0600456744569
4444,702.8530135867358
4445,720.0200455733172
4446,717.7067531240946
4447,712.171930212961
4448,718.194632074416
4449,751.933702059588
4450,707.198121735758
4451,417.1085478117127
4452,635.7924909290448
4453,726.388234030303
4454,694.1156692378273
4455,819.6345500964431
4456,702.3564379630864
4457,754.5432725615674
4458,670.6373243244482
4459,305.81820963765426
4460,694.8600326561649
4461,717.3696443228631
4462,762.658283899768
4463,650.7557564934987
4464,704.787082565789
4465,693.1983396837959
4466,685.7453125185938
4467,686.0743684826045
4468,705.6968905264795
4469,331.90906080650745
4470,741.0561189091916
4471,728.6370698479548
4472,696.7646960768916
4473,700.1009295629098
4474,414.10041203139434
4475,215.9595782766878
4476,705.4251357405508
4477,674.6104638668893
4478,698.3214844291413
4479,682.2933535741677
4480,744.9201904567226
4481,754.0385717941791
4482,507.344512384654
4483,657.6300677887572
4484,690.1941368214137
4485,261.6491205912391
4486,711.9523895647038
4487,846.0625703866547
4488,748.8609592068623
4489,299.66746967048095
4490,678.6150899382532
4491,743.3967863384137
4492,676.2837668973518
4493,757.8516480179426
4494,302.77476638281735
4495,486.6348882620314
4496,295.53810066317806
4497,754.3424388252586
4498,752.6977921114067
4499,746.8730840482585
4500,735.3209800984789
4501,638.1470969398124
4502,399.98379784327005
4503,677.6101276148654
4504,684.3335784773459
4505,293.3536302467762
4506,662.9571174344401
4507,706.9428484247668
4508,260.7643142027649
4509,714.5770344219329
4510,299.0848335248213
4511,301.3897525689232
4512,851.1692515098979
4513,756.2822352252754
4514,697.7208333650972
4515,838.2012757535861
4516,183.0172398909641
4517,432.20551339861925
4518,703.6971893992057
4519,697.4393664700419
4520,293.45063794159773
4521,404.2031245937342
4522,294.0632615115333
4523,766.9775868391279
4524,644.0001468479084
4525,682.0361563728594
4526,671.6515007068715
4527,518.087631740306
4528,403.89627048943925
4529,670.120263606404
4530,737.2134135915262
4531,394.85697717496413
4532,847.4415036291875
4533,697.8164737321342
4534,419.34562404059056
4535,760.2914540781769
4536,403.8020841651437
4537,845.4668246776388
4538,753.9417935694853
4539,653.8431246984117
4540,735.7595886953419
4541,739.1175720206218
4542,850.4994423910889
4543,703.0465324992815
4544,726.8562151025058
4545,670.1307962104318
4546,678.8378132685413
4547,246.7654119382454
4548,314.4134798710957
4549,437.37363457508025
4550,723.8183901347218
4551,680.9103649133411
4552,404.9267260150344
4553,403.35688031147475
4554,769.0156957993728
4555,237.79023216197578
4556,687.2984221207537
4557,710.5442509370539
4558,413.8148936457628
4559,674.6660243071087
4560,721.5420365271399
4561,763.4623657529618
4562,672.7995493884113
4563,700.3679717510386
4564,718.650547287174
4565,675.5805777896203
4566,703.8465189763936
4567,302.44035411395413
4568,188.94728453717966
4569,690.9501642103744
4570,642.2163688619227
4571,722.9888389706551
4572,671.4619949507719
4573,839.7678599735046
4574,411.310321762291
4575,706.0807374052866
4576,699.9011208926476
4577,714.6344403856826
4578,721.0343901807636
4579,721.9389167461377
4580,782.3992766968694
4581,374.87674371523457
4582,677.900503533652
4583,706.8205872728814
4584,673.627478092895
4585,753.0849055281408
4586,735.8763025981871
4587,723.3552467700785
4588,704.1705541478797
4589,736.2557639969594
4590,399.32222610747215
4591,323.6754004585105
4592,416.1069117569558
4593,290.0042114534698
4594,675.2295023750144
4595,693.4052172128265
4596,306.5391302662419
4597,290.04196710511434
4598,646.2161144885886
4599,673.9918141415084
4600,752.6142458415786
4601,300.922876799744
4602,384.68015755679346
4603,668.1081744999519
4604,648.2151989968847
4605,756.1446627934795
4606,714.8990273733283
4607,716.9086582179274
4608,720.4530840732373
4609,731.2372423318392
4610,703.1692846108683
4611,311.415586562488
4612,669.3339032188381
4613,669.8056569396632
4614,722.5424839252258
4615,151.5258873587677
4616,563.5281702391524
4617,671.8045281504952
4618,744.1865432698187
4619,413.6144665291797
4620,747.3971928163934
4621,667.0971646859607
4622,527.9772898360636
4623,745.83636350491
4624,712.9797042823815
4625,675.8492185548305
4626,233.6053226800504
4627,649.6807979091527
4628,247.4448295916107
4629,741.3315060802344
4630,739.0013352601216
4631,680.000356805544
4632,422.1018684456088
4633,715.0420976945277
4634,681.3838507179406
4635,849.3723443701766
4636,677.2248233632704
4637,736.4995485088264
4638,661.3999165668467
4639,720.882078493396
4640,171.210888849716
4641,716.8415701900576
4642,708.0816138752301
4643,735.8452923659336
4644,657.8194372801944
4645,710.6830532197954
4646,830.0703673829568
4647,729.0988159360535
4648,677.5026907038051
4649,695.00026057108
4650,707.4760450215447
4651,684.5207758567467
4652,848.2785414233665
4653,697.4708087941193
4654,719.6757535324841
4655,731.6808934369994
4656,717.3265223836764
4657,675.9007151876872
4658,703.4731575405609
4659,684.2354057887351
4660,707.8383838302905
4661,667.8593111319717
4662,303.9677184500342
4663,292.63271564951066
4664,680.4266774557457
4665,695.820929200239
4666,664.4822346749685
4667,736.5201471695867
4668,752.8901584954674
4669,293.11662573157196
4670,704.2396641435594
4671,752.3513738212005
4672,709.0013411821166
4673,698.1879602925335
4674,716.4581267473593
4675,722.4786887707065
4676,675.9680076488337
4677,756.1822511158158
4678,408.7118512290592
4679,307.9828944758637
4680,400.01717720190425
4681,698.1347960412727
4682,708.9247871385373
4683,398.3666267545758
4684,743.3463965023967
4685,667.5141824001506
4686,735.3233974276574
4687,298.51447544896934
4688,757.5404960232615
4689,766.8077033857071
4690,399.5802427975428
4691,709.4955937050293
4692,708.540027113221
4693,652.326196663191
4694,707.0799310558124
4695,772.35327774654
4696,832.9858403611294
4697,311.5364478396385
4698,712.1326103700397
4699,701.4329548704764
4700,684.1912886041916
4701,733.4546033287343
4702,733.1746475324053
4703,737.0608143172348
4704,652.2394258129887
4705,751.9012474204573
4706,722.9082062994936
4707,411.4530313429001
4708,421.4281508506264
4709,684.7809439350449
4710,325.9557159506719
4711,716.2886290079425
4712,849.9139983729594
4713,449.8755107374766
4714,404.8340428341497
4715,670.2881223296918
4716,738.4444258042575
4717,658.8660597523561
4718,731.8870719721715
4719,416.95003047578075
4720,402.9101588191838
4721,295.0901881589825
4722,698.4312703652621
4723,692.7426603140148
4724,576.663682935308
4725,818.2239528279513
4726,733.8379587540579
4727,656.2631536958977
4728,549.5038382290999
4729,721.0060254818619
4730,748.0293827214609
4731,842.3898287026268
4732,402.76533552432716
4733,674.5123056091743
4734,404.7334153593199
4735,308.0119013647768
4736,680.6613149199494
4737,289.6635507030066
4738,704.8630284936445
4739,679.88737788532
4740,623.4950872244815
4741,182.34056209817732
4742,641.3686744585734
4743,711.6776557062229
4744,402.69758507595446
4745,699.6086351071166
4746,706.2313254777915
4747,489.2923539671825
4748,721.0894458025981
4749,776.367709510596
4750,672.5328046181731
4751,692.563742761338
4752,849.7674706686712
4753,732.6245955723581
4754,698.0159778902199
4755,699.2633191531307
4756,676.9588863049909
4757,315.1458264754855
4758,699.9032688056468
4759,716.3579463221897
4760,699.561651005309
4761,761.9284885790604
4762,786.2983897207616
4763,666.729256373846
4764,695.1559797624536
4765,302.9693120159649
4766,663.4840650275012
4767,275.1836344195885
4768,749.9952366537851
4769,721.4743185569555
4770,412.0161256606293
4771,702.2370728459847
4772,693.6359159772736
4773,674.556620553524
4774,701.5724036706227
4775,650.0460161710622
4776,706.7205372349923
4777,309.43235501749245
4778,734.9775715064225
4779,677.1709017063413
4780,679.0416802306804
4781,678.8704525842584
4782,706.8336064580918
4783,743.7529064949605
4784,828.3481061405504
4785,434.2613207863765
4786,679.5614352817805
4787,292.4429227742398
4788,425.5488265632958
4789,737.2983436472347
4790,538.5535967614809
4791,734.8451665547076
4792,753.5216569490605
4793,706.3358282420756
4794,697.3939666238452
4795,325.4153608082228
4796,722.8769692847729
4797,723.076070479109
4798,817.881378062105
4799,755.2243648801641
4800,699.2172556136691
4801,719.4539474093954
4802,688.2150989182784
4803,726.5809984851817
4804,233.1979732320001
4805,309.12093328677554
4806,675.1869432751719
4807,682.0303091927863
4808,699.2135183897981
4809,730.6300188827779
4810,723.9507817713904
4811,843.5384049093246
4812,407.73721746901487
4813,722.6708786796639
4814,744.9581939193658
4815,701.9187499431268
4816,308.8216800696107
4817,696.2225991402354
4818,295.2583185837654
4819,679.8054116156072
4820,658.6407550494943
4821,702.7079227611009
4822,315.54819494946446
4823,798.4555185754781
4824,702.9130923321574
4825,700.5202059318708
4826,723.1293837948801
4827,183.57431634114397
4828,295.51978035172675
4829,711.1290711166072
4830,297.40488342437357
4831,719.6652837073802
4832,310.78981762093366
4833,730.8042664985052
4834,692.9293701439414
4835,754.3156636567309
4836,408.6573774260582
4837,725.1164437098754
4838,748.6234002850013
4839,406.3718663389764
4840,297.8195012241643
4841,751.9925758251192
4842,744.3312765275781
4843,739.4481910549988
4844,681.5192932229103
4845,702.1049445591966
4846,700.644923761982
4847,656.7382036067693
4848,274.2737912572292
4849,241.62408823838228
4850,704.3475617405311
4851,700.0564804953883
4852,683.2743551482231
4853,183.18898618433093
4854,718.3488632526635
4855,712.8602025095482
4856,679.0722560452901
4857,749.0290847096783
4858,844.4307348012176
4859,534.9675195213581
4860,702.2472201769722
4861,718.2711425068995
4862,679.1376177604421
4863,720.3999496639804
4864,698.5913529633524
4865,666.4832185559917
4866,735.6176038659844
4867,677.7852113911374
4868,702.5904764837895
4869,714.3610012065827
4870,723.1360299748256
4871,707.089814333674
4872,701.1905754350618
4873,265.9447039217114
4874,728.5799558983979
4875,750.040117505226
4876,695.6239920417845
4877,707.3816001297151
4878,703.8927439039302
4879,778.1720728434289
4880,689.2282035471462
4881,492.15691454240675
4882,400.5205142855383
4883,306.47833414080907
4884,412.35228936470736
4885,710.9899707203871
4886,325.17399549489005
4887,684.2125342048809
4888,710.2862456680216
4889,717.1237115947266
4890,699.536948457865
4891,392.0957831490628
4892,658.0249421565227
4893,733.3252286458271
4894,695.9026731214702
4895,696.101872816049
4896,718.7841198818625
4897,688.046985811811
4898,678.8229621238927
4899,696.8658500704393
4900,671.4463274147344
4901,327.2255077212547
4902,731.8063407848018
4903,674.7630770724459
4904,672.6527571538367
4905,681.3415541949825
4906,508.42069032832757
4907,707.2927404373065
4908,694.6759404092261
4909,739.4266214824536
4910,700.379722721444
4911,740.0460451928251
4912,715.9689075923656
4913,741.4986738318207
4914,692.6189250080762
4915,296.58403277875874
4916,686.0370684251592
4917,631.3278317470437
4918,424.6474420462324
4919,733.4167646016328
4920,725.4875121718624
4921,307.2873014963979
4922,725.6308222027084
4923,408.4394902180604
4924,698.9045469362536
4925,181.91131283050697
4926,301.67462307068143
4927,294.355918070105
4928,684.1348294199757
4929,680.4878463405895
4930,666.9979851058724
4931,309.8710919075475
4932,698.7664290665888
4933,700.1377106830865
4934,676.4977213469821
4935,315.6849050556488
4936,435.80113597794195
4937,716.7128979955943
4938,415.91147220634184
4939,669.8599535655609
4940,700.2113373537336
4941,492.43550878166604
4942,850.7969222160689
4943,715.7119180304643
4944,706.3669990805016
4945,746.0239052310897
4946,665.7131552826899
4947,715.2496888252472
4948,673.9172295740043
4949,732.6702518425899
4950,723.1016244481895
4951,767.1079971675368
4952,672.641692106946
4953,259.85596989475926
4954,751.9195663278465
4955,193.83932895841355
4956,678.3739331855784
4957,651.0876117033082
4958,683.5712747193149
4959,476.15668613461975
4960,729.329780540614
4961,683.3797676102186
4962,728.8821739927628
4963,663.2157101062446
4964,772.6047357700779
4965,742.77883041868
4966,658.297995581365
4967,803.5483745952121
4968,695.3579019662249
4969,741.1943876541714
4970,183.17548529098605
4971,726.0910783530409
4972,310.38070986527305
4973,669.41054797242
4974,298.2393962335514
4975,702.5276003938668
4976,749.7725201458499
4977,674.7188620856317
4978,319.1448672700825
4979,775.4644379029656
4980,708.9276142140993
4981,198.47392158117844
4982,710.3394743875789
4983,409.3943758796543
4984,754.7268786769296
4985,727.0901296849435
4986,741.4591963129045
4987,302.77902841382354
4988,692.382493550668
4989,718.2811634497835
4990,691.5696762041028
4991,717.9969630258729
4992,389.0852109055767
4993,315.06888456447285
4994,699.1713026443401
4995,707.8971602827215
4996,852.0611756218773
4997,317.19449826679585
4998,708.6424109036054
4999,716.1620109406829
5000,705.833962978073
5001,712.4395986755974
5002,746.1632005907622
5003,311.97305420238877
5004,764.7057496726018
5005,733.062313588097
5006,689.3875593044602
5007,744.0250362867531
5008,457.29692261796424
5009,723.4159873678248
5010,684.8013070745908
5011,381.28424822728437
5012,706.1784312256433
5013,680.8062916237992
5014,657.9616462208533
5015,722.4457674408068
5016,651.5867332354062
5017,750.3818930137628
5018,745.7549882636658
5019,413.24387990840376
5020,397.4905265162599
5021,722.8486411102531
5022,672.8244660252724
5023,841.1470266378244
5024,381.2169573404645
5025,711.7658102307518
5026,435.58469553052004
5027,655.7545526207097
5028,731.6285709511234
5029,415.3915602232602
5030,711.4448216944606
5031,754.3588716335368
5032,687.6151971206239
5033,313.020504352217
5034,437.0032168039629
5035,680.91673783463
5036,674.2095252209394
5037,674.2358196347247
5038,675.6022629753127
5039,842.86109223891
5040,830.7740221107243
5041,408.3113241314223
5042,722.1074323909003
5043,678.9188452598175
5044,296.79336705470627
5045,305.47971880179966
5046,702.633050567312
5047,509.7092003729575
5048,726.0811682821133
5049,396.88509585558785
5050,752.4433735124923
5051,416.2673469420282
5052,547.5442661779368
5053,679.3319551613926
5054,727.9847088941383
5055,214.13191572376678
5056,678.4913573186362
5057,677.1397899227327
5058,317.51095646591637
5059,397.70819844292424
5060,710.0840658271671
5061,403.9029184918842
5062,708.0457732596134
5063,690.0179471545036
5064,179.85764544847063
5065,754.513596959556
5066,405.0290943827572
5067,771.8338735850656
5068,711.7286693756737
5069,681.9870256016022
5070,753.101878324596
5071,736.1779646311502
5072,770.770723426305
5073,814.1128786066693
5074,295.9068336301063
5075,752.5044768793738
5076,734.5748749630669
5077,318.65347054431857
5078,687.4445846577217
5079,705.9232809822092
5080,679.9260791411702
5081,686.4437168562685
5082,753.4234570168773
5083,406.9249384219773
5084,847.6455089896963
5085,683.8412260561937
5086,673.647962579957
5087,309.91270138838036
5088,752.1641955822538
5089,705.3136467772
5090,646.6752953807834
5091,720.4825891991997
5092,702.8637119150976
5093,432.272672692921
5094,447.447038961907
5095,411.9340746416583
5096,755.4175740537762
5097,312.5541531833222
5098,702.9734128580786
5099,409.5017383032297
5100,709.8537994287353
5101,850.3380940925595
5102,716.8146279078419
5103,709.1774550674627
5104,722.9223470314623
5105,707.0327879727697
5106,484.54785669604473
5107,294.08821806516016
5108,696.7992208184988
5109,700.8702777732589
5110,674.1638289197796
5111,708.9024212267683
5112,708.691066220848
5113,732.8832289573922
5114,285.78947727680855
5115,713.5544541073159
5116,747.7915464652913
5117,271.0289054681855
5118,403.65294987537055
5119,693.7882952396941
5120,307.5215963846758
5121,743.4437694051928
5122,695.8573155820419
5123,483.18520964080045
5124,743.0586291732344
5125,240.41157441365152
5126,294.03899485852514
5127,226.00160581544384
5128,747.4890079047677
5129,723.2876111037084
5130,681.3598951123279
5131,656.4999355786349
5132,624.9308183591731
5133,669.7435816867115
5134,682.9970931597259
5135,755.9532055406027
5136,650.0669730305605
5137,748.3060622930376
5138,774.6462225891329
5139,417.66807545476615
5140,672.9555069032101
5141,746.2872296699827
5142,727.7772380365534
5143,691.7160265664326
5144,708.0068481198286
5145,294.675334538179
5146,703.3615476529706
5147,678.5670854448782
5148,309.4497184022056
5149,203.334330877958
5150,401.4491543677522
5151,681.4859763474481
5152,673.2161810412015
5153,311.3954107561118
5154,711.5610680673187
5155,731.6788915968972
5156,666.2326159091134
5157,263.1174931948
5158,720.506586082935
5159,665.7632691097177
5160,703.2984404895846
5161,850.0782625027869
5162,712.5931449130427
5163,672.0587564153562
5164,699.2236776235126
5165,679.1079215674531
5166,382.4594180004247
5167,676.3621079687301
5168,699.7374643611004
5169,304.6324386025036
5170,720.8832876274408
5171,293.10540164692424
5172,685.8775529087236
5173,702.7550205973339
5174,449.43263116891455
5175,399.42591561831546
5176,554.5728777523615
5177,274.39001254194653
5178,720.9867696136866
5179,691.7370682746441
5180,656.7846980714403
5181,750.8714121500522
5182,723.181506756265
5183,724.5399795857923
5184,681.7831690178151
5185,703.4339305514796
5186,584.0052718022647
5187,728.8975045012604
5188,406.5435366540872
5189,763.6334570631931
5190,639.598542037817
5191,718.2998829492013
5192,677.2502353308859
5193,744.5798777145365
5194,257.2829881384004
5195,744.253276977164
5196,837.5641154423652
5197,675.9494921964749
5198,715.9088217773528
5199,708.8631697532527
5200,730.5658762834786
5201,304.4287323383707
5202,741.3319437119013
5203,678.3236209645365
5204,753.9996049095683
5205,681.30708934802
5206,699.1461683886034
5207,740.8039619589407
5208,239.23379205318093
5209,702.2066777001146
5210,385.96413575676183
5211,734.8532273579485
5212,734.7633446912907
5213,674.4261635537699
5214,286.4589443662876
5215,718.3645649483576
5216,664.1627960495723
5217,743.4134195160242
5218,292.88928275267386
5219,697.3029939337911
5220,650.9975525927233
5221,688.6194444274369
5222,407.3179209138506
5223,662.7463975872477
5224,668.2718322315799
5225,672.8515251988528
5226,478.125935773227
5227,641.3252343781415
5228,304.5334755464685
5229,305.22605863921285
5230,767.6039320094504
5231,667.6119953024804
5232,698.3182784797752
5233,662.2357614652396
5234,667.7820078868559
5235,719.0524892113818
5236,396.06984147274767
5237,458.9622822475418
5238,673.4298176616854
5239,300.6444286782137
5240,748.9979109373975
5241,708.8824486672277
5242,715.7012908602723
5243,699.2578379905915
5244,562.7092507197366
5245,716.6790933865256
5246,695.3031971886259
5247,742.7066714542889
5248,710.8149820780724
5249,401.69470540923766
5250,779.502577174723
5251,700.2404274639114
5252,744.0958149216211
5253,720.6177757100592
5254,708.1795672196919
5255,740.804584165639
5256,766.2819248328196
5257,708.0771287703269
5258,692.7118310227326
5259,847.3269762948596
5260,523.8195797907199
5261,674.316754183639
5262,737.9931417341058
5263,658.2312942973856
5264,769.6276403821777
5265,682.2084650404929
5266,696.4543530885171
5267,398.927331293522
5268,757.3962134916756
5269,703.2199856015848
5270,739.9830628656905
5271,670.9631174123016
5272,699.0264603639231
5273,294.4473549306315
5274,675.3461503642992
5275,840.5293618273982
5276,183.07282749520783
5277,690.7593638687108
5278,740.2952779715661
5279,669.4845009300046
5280,708.4058071880927
5281,407.10834153109727
5282,662.4658732665833
5283,706.4526154164429
5284,708.9293885579043
5285,681.3883834762167
5286,718.2334972988467
5287,703.7111106870295
5288,735.6760740156933
5289,678.6541073140146
5290,690.8068719738387
5291,295.60135393152325
5292,756.9466176969345
5293,778.5172780954317
5294,711.4780850045536
5295,738.9769910928649
5296,654.1321220611267
5297,681.7471830386021
5298,675.0831133165386
5299,642.6396927994596
5300,319.0325942875135
5301,718.7375332667151
5302,294.9514638375331
5303,706.54845021459
5304,447.8234175298287
5305,703.9125896581153
5306,392.93023398184505
5307,672.8318592798859
5308,732.0870225755725
5309,689.440587231933
5310,725.9774462676912
5311,747.076121829977
5312,755.1644860375684
5313,398.4822425350954
5314,677.9168191945326
5315,731.5000958875464
5316,671.8287199229748
5317,723.6476126924255
5318,849.419241929184
5319,689.3249451978139
5320,330.59399148487296
5321,312.13372364983843
5322,700.6033549493679
5323,724.687167206565
5324,668.4172800499024
5325,624.0725594755459
5326,405.3694999140721
5327,802.1543738107109
5328,670.2253292616574
5329,345.14556501515546
5330,403.3028733241383
5331,746.0114285370009
5332,407.57362577443854
5333,308.3159000027125
5334,848.3591845633039
5335,705.1337272557279
5336,663.927319764428
5337,282.65479082528896
5338,715.5449493628821
5339,694.0492782458283
5340,744.637428933245
5341,437.3751316015768
5342,680.3296455509088
5343,308.02039528017923
5344,689.629662211582
5345,706.7826904439917
5346,670.3263493611297
5347,725.4973746948311
5348,698.0227700154503
5349,849.5859304823982
5350,705.2074119699057
5351,315.5408856750019
5352,718.5092826565
5353,755.2732242276259
5354,819.2998147708572
5355,673.0775898361384
5356,673.1653805936063
5357,676.2457460659973
5358,748.2532217244126
5359,704.5208443033968
5360,675.8326720310223
5361,295.66971911115206
5362,774.1743134253469
5363,850.5315982020603
5364,705.7542151132781
5365,697.0322380486732
5366,714.7394688888994
5367,706.333989689289
5368,672.7377875164665
5369,682.2672684740245
5370,723.268253023827
5371,672.3109704983929
5372,717.3038241401842
5373,653.7788034207086
5374,290.73417566933006
5375,649.8413013112781
5376,666.7120057938863
5377,720.024305705465
5378,698.3215059052781
5379,674.1292264561788
5380,808.9423612122746
5381,381.2204448879402
5382,693.0497314945212
5383,679.5535114782655
5384,384.0084872980997
5385,724.3555375050372
5386,848.6158177957451
5387,239.26105577374562
5388,312.20279687624156
5389,313.47296113436323
5390,299.3448011275838
5391,749.2180141602956
5392,444.7171324224936
5393,716.330714653314
5394,329.0329543146741
5395,692.7907781770247
5396,245.8483555354631
5397,677.5089978056859
5398,670.3691944970942
5399,650.2689079585558
5400,652.4873098529375
5401,849.7254593678894
5402,370.5171043792672
5403,679.6193245688029
5404,675.5115497416276
5405,244.33779571097932
5406,705.6176061112913
5407,728.3643860999777
5408,351.5735455008697
5409,296.7745319173655
5410,742.6554627662681
5411,707.3456797840372
5412,672.4451901517328
5413,684.3173978412383
5414,684.0711117481759
5415,735.2986795945352
5416,681.7444357051397
5417,299.58233172726216
5418,827.8151027396658
5419,678.3109162051832
5420,689.4151847472523
5421,669.3294578376393
5422,700.759960215414
5423,709.92703140976
5424,677.758587630073
5425,698.435352926652
5426,705.420176970018
5427,739.5734053538606
5428,720.3800639675084
5429,649.633071174606
5430,287.92749393455784
5431,735.5694988464373
5432,678.7166620447723
5433,323.09831055240744
5434,655.3938692821234
5435,409.5774786739242
5436,681.97568950654
5437,728.5150652469034
5438,726.6193353118787
5439,678.9021543092978
5440,403.14556086412375
5441,679.4481360040618
5442,850.2022521217481
5443,537.8627274360382
5444,710.1849222130581
5445,743.4187818660447
5446,836.6097175221171
5447,679.1996362339721
5448,673.9648520615734
5449,299.84110110664943
5450,678.8546427995484
5451,402.3504280717753
5452,658.6956040461898
5453,779.2093539048138
5454,297.0192555121858
5455,730.4272097095928
5456,679.2385898088532
5457,727.8102488753137
5458,762.6410498498166
5459,848.0917785403016
5460,736.2710270585195
5461,674.7502315405226
5462,696.2423954303806
5463,171.210888849716
5464,838.4776305542543
5465,658.141513707807
5466,400.71944445717577
5467,669.4627065393225
5468,706.3732933006127
5469,304.4575534031791
5470,697.8779234290967
5471,393.7003697050181
5472,699.415516156781
5473,693.1309935868888
5474,845.6587028868531
5475,398.6353728105088
5476,745.6885844127632
5477,676.4826628426111
5478,428.91709781187393
5479,711.0562759478606
5480,737.6983910465865
5481,757.4055196322587
5482,733.9320592483259
5483,228.12862991983542
5484,270.0377596752814
5485,728.9665667619985
5486,731.1261770127595
5487,676.0688595892844
5488,699.6970165086677
5489,724.3413323581482
5490,702.8654350083254
5491,683.3320916639491
5492,640.9881681229572
5493,756.3047637734047
5494,679.499320754557
5495,406.9521173193134
5496,685.5552823482421
5497,850.4733549363286
5498,399.28874430273515
5499,745.8590876491114
5500,709.378825111433
5501,289.02958495985496
5502,732.1156342998336
5503,730.8868694277256
5504,752.1599109968296
5505,717.511786003478
5506,683.3403700774493
5507,647.6285779793449
5508,725.0834171894991
5509,723.6093087307453
5510,831.2203828247832
5511,671.1877076725316
5512,702.0268909067825
5513,744.8406938277412
5514,846.8808120755339
5515,694.697085678432
5516,713.4013273909179
5517,709.2848910009193
5518,705.237086221769
5519,732.4654389689099
5520,402.7011863993663
5521,740.5781605282776
5522,712.1862900669453
5523,840.2353601354846
5524,757.6322467912394
5525,672.0782231290809
5526,543.5051647048217
5527,646.1864703262853
5528,704.3617978928797
5529,843.9360305932842
5530,720.8141883878102
5531,705.7957302137567
5532,701.6980406437118
5533,674.0030921679105
5534,746.1661125247658
5535,761.5694060282342
5536,759.3810938111704
5537,223.05548473793158
5538,745.3984064368499
5539,755.0901522372014
5540,736.2014053659748
5541,681.3415563761667
5542,326.75993798538025
5543,401.9519789124107
5544,748.3045379900967
5545,402.27150797464986
5546,720.2614463417746
5547,776.1298402498868
5548,742.6804210853309
5549,739.5536728742883
5550,709.4416873869224
5551,701.5609849697746
5552,302.0205128883069
5553,674.8319644831764
5554,684.915828904432
5555,396.9091474993252
5556,316.92970082881436
5557,689.9272127419077
5558,674.4037701148106
5559,302.5589832091767
5560,674.4867393122169
5561,715.749499739832
5562,658.6424308590563
5563,295.46475573985117
5564,239.17150660413694
5565,301.71363228640934
5566,734.6068627430569
5567,305.16110993245337
5568,724.9592097736185
5569,670.4386677904316
5570,403.03307395517567
5571,692.3436957864311
5572,712.4200119591377
5573,717.8520388810421
5574,302.7287929419054
5575,728.791354461537
5576,400.5007178963681
5577,713.324630027564
5578,772.285711092407
5579,728.396228089784
5580,701.161047346922
5581,755.4894006331741
5582,837.5251299257695
5583,310.7493805178927
5584,729.0393796959308
5585,406.29995818274995
5586,679.5057494096225
5587,690.8448934616732
5588,538.2037086142209
5589,677.9758337970949
5590,304.26687996554597
5591,708.5147947821226
5592,683.2551877179204
5593,690.5073125371302
5594,685.4838252771663
5595,698.193327777583
5596,754.6860239049414
5597,296.97248267353956
5598,404.0431079402991
5599,680.150177769797
5600,849.3421322706915
5601,726.157983697621
5602,731.0699132516762
5603,484.16281970859274
5604,696.8440248819256
5605,400.2490300350004
5606,821.4195638710696
5607,849.6157904480833
5608,752.3795323646847
5609,719.9071689847626
5610,760.1310763768854
5611,294.351667991288
5612,682.9413688497432
5613,693.0373845892955
5614,678.636933223221
5615,716.9482641861528
5616,675.6740312656239
5617,655.6259907426504
5618,675.9314072424281
5619,648.1661785503516
5620,694.9279256660485
5621,399.41152835351727
5622,691.1269650772242
5623,214.1916257569501
5624,709.8222639596281
5625,403.40351199223795
5626,723.15519325718
5627,702.4495404378522
5628,701.4213998356348
5629,714.2312433120858
5630,668.8773226722525
5631,676.1607269465251
5632,843.3592152499059
5633,295.91743831425646
5634,841.3887536450442
5635,689.0052144910989
5636,669.5432066722876
5637,656.6295371818904
5638,529.4457885934148
5639,709.6777809267257
5640,733.6103488551292
5641,408.94398971145915
5642,285.9369574518153
5643,752.1088262407068
5644,323.36236545162893
5645,764.7306935179516
5646,402.7913935497219
5647,718.6204504127484
5648,705.36561578327
5649,723.3109685925201
5650,649.3300885799505
5651,298.7863171228146
5652,681.3479633735981
5653,384.0924102577022
5654,682.630071656992
5655,667.6025287975725
5656,767.5092779394624
5657,690.3044528214643
5658,706.0878361978467
5659,429.9985539956831
5660,702.5685695676815
5661,647.9495292096241
5662,778.8876097945981
5663,234.7254928049503
5664,401.9476548035286
5665,689.8479081379688
5666,401.32560889333786
5667,727.0649063054835
5668,682.3472470428301
5669,678.0569621966141
5670,679.5248629422409
5671,326.0501306952731
5672,699.2642879744756
5673,721.6834701609323
5674,773.5058673084125
5675,398.6511729998712
5676,726.3689158046238
5677,746.1393049219209
5678,735.8267797197989
5679,396.9647757838271
5680,691.0100643489758
5681,691.2258798025564
5682,778.0592821288093
5683,541.79209883153
5684,170.9826269148395
5685,722.2021621046581
5686,724.9645879798144
5687,701.428996784144
5688,652.8888218959488
5689,314.5841732369356
5690,736.7655499588735
5691,663.8019490792515
5692,729.5424825682605
5693,722.5182743938647
5694,733.1672861590946
5695,412.80695180109745
5696,698.6389796071751
5697,695.6197628846984
5698,760.0912598601856
5699,767.4387079226747
5700,698.9401412725614
5701,539.235358083635
5702,682.2696434959224
5703,726.0916900416215
5704,699.781571509733
5705,405.6699855263727
5706,737.9754000160672
5707,766.9225257785683
5708,692.9626338590805
5709,716.178859696364
5710,676.9024411202448
5711,728.5469276907038
5712,679.6284135643529
5713,684.1357549186174
5714,583.190990954492
5715,700.5778559141698
5716,741.5755636114403
5717,731.3544303660467
5718,727.0099630442736
5719,738.8145056991937
5720,709.7834131844384
5721,326.2358140493072
5722,707.9247926833665
5723,676.4073451545203
5724,252.85734879080633
5725,852.7340092874206
5726,690.7589186972508
5727,685.4067816644497
5728,708.921953885446
5729,398.77640654841196
5730,736.3021535505851
5731,539.9968430428728
5732,702.0323628536481
5733,677.454376964393
5734,752.8288211550615
5735,694.2430910298542
5736,780.5932075198455
5737,717.4887223288844
5738,736.8660489108797
5739,732.4107209477784
5740,171.210888849716
5741,694.5707264260676
5742,711.6968120933032
5743,645.4358642302446
5744,703.1645555375661
5745,708.9159852226599
5746,741.3964537190036
5747,760.1763671801488
5748,844.0113836789308
5749,674.9714741972575
5750,748.5333746598187
5751,678.0658250296124
5752,677.573394762436
5753,718.2336932391903
5754,695.6444060142048
5755,725.3706822865324
5756,798.5382846794356
5757,643.0202548779006
5758,730.0561133575447
5759,630.0187031023411
5760,407.8179235133124
5761,679.0762524775804
5762,297.86647650065936
5763,309.4627631761322
5764,679.2027610021547
5765,718.8980165921029
5766,721.5380440913984
5767,709.8004318113121
5768,685.1624587160329
5769,681.6407237081524
5770,293.3633973577003
5771,682.3399457656703
5772,741.5556164464053
5773,678.5139369134914
5774,752.238174131337
5775,718.7221663353138
5776,725.5650626151513
5777,755.4154679388473
5778,322.5962572235707
5779,525.0929687319335
5780,398.0871620728172
5781,847.5257002935707
5782,721.8742668132286
5783,400.58535254264547
5784,181.29079192077182
5785,677.1608050775807
5786,653.6428680338548
5787,404.51140476262566
5788,757.1139700991812
5789,843.8488709817011
5790,739.07679702067
5791,669.6788711883656
5792,702.2414087031008
5793,397.81000571365547
5794,747.9572671405467
5795,434.7538343954618
5796,295.8322893324463
5797,846.3854482337173
5798,843.0964623161127
5799,667.7984889222873
5800,318.91556900175004
5801,695.0567365198922
5802,727.0466356926348
5803,295.8638290944053
5804,627.6624968695885
5805,702.4637916290458
5806,519.816462840245
5807,698.1649063688417
5808,668.9369409484924
5809,663.1262905021116
5810,717.7191993420718
5811,541.5745634450348
5812,309.0406369425742
5813,750.4983729713394
5814,679.2719251951083
5815,676.6430285821547
5816,733.0266961400552
5817,674.0024377433712
5818,468.598702483711
5819,399.61998511898315
5820,406.1618688521746
5821,477.0499481655812
5822,297.62229791481445
5823,702.6389004105516
5824,410.98249165507167
5825,676.1147562609865
5826,689.9986965371838
5827,706.9500410426326
5828,694.0144576875298
5829,387.348312027088
5830,772.585569902039
5831,739.6887908473517
5832,688.9171293406037
5833,772.0557458402403
5834,305.2449304229234
5835,704.4109397414252
5836,758.4369613500367
5837,392.20756308585106
5838,674.7332054520195
5839,707.9263768702236
5840,713.8291288011831
5841,708.8912109463635
5842,647.0389676255174
5843,407.0455613795448
5844,704.9643034788741
5845,691.2394665893315
5846,297.9989242109344
5847,743.5328596220595
5848,608.8240068497654
5849,702.6140296860566
5850,661.5289746514544
5851,695.7901730123112
5852,301.56469321894014
5853,709.6053453560046
5854,675.5769430126788
5855,402.8436979601417
5856,722.7658088897626
5857,672.6765989832678
5858,700.5218442454302
5859,634.2020180944339
5860,696.0435206133424
5861,302.3708267159756
5862,749.0277067615191
5863,699.5677713172555
5864,703.4162930069919
5865,682.6419435823536
5866,739.8398101195222
5867,743.0377760676308
5868,703.6940161853457
5869,679.4304962024994
5870,697.4960641772335
5871,706.7666338615078
5872,698.3708336750562
5873,681.5933116659318
5874,715.8586765913498
5875,670.6168211753834
5876,658.2763657654973
5877,706.4133912236737
5878,301.817842166199
5879,256.3488071536725
5880,677.4227496614658
5881,750.6555190135944
5882,680.7350258672743
5883,741.2013778663725
5884,701.4599234606089
5885,714.3825429433078
5886,817.3354278900699
5887,694.8826067205426
5888,748.1958528023024
5889,746.9796060954237
5890,675.7090778392491
5891,701.3186421395129
5892,854.8371353796874
5893,746.2135388564461
5894,399.72227941185093
5895,719.8221789776225
5896,291.10503580167205
5897,277.5469869526017
5898,684.4794063098248
5899,785.5382353295051
5900,720.1151646144665
5901,314.4398972641887
5902,194.23708224738988
5903,656.7899642621226
5904,741.6063874266486
5905,769.4302390006734
5906,409.097183623794
5907,713.4930319494098
5908,724.7410819668523
5909,768.2208264179387
5910,701.0410873511327
5911,700.8206104294968
5912,395.6862398829532
5913,645.8308037495642
5914,839.418390792727
5915,401.42397783619504
5916,735.0990219601238
5917,705.955734876548
5918,734.8866846426633
5919,735.443338743516
5920,747.5513537466804
5921,301.958423513271
5922,751.180263335179
5923,703.0858731983291
5924,691.6174217577296
5925,749.8973031630844
5926,654.7794267747461
5927,681.1238254064294
5928,700.5137284861536
5929,710.7246920220631
5930,730.6978191485654
5931,846.4127568296187
5932,850.7944419153666
5933,670.7135252911438
5934,288.8156520526504
5935,652.857787953723
5936,695.5076394911883
5937,703.5593837000305
5938,416.2373267174295
5939,702.2252959646638
5940,329.0262300406632
5941,680.7946166449372
5942,416.81293824525136
5943,682.2626647740025
5944,666.4628163407198
5945,699.7026857498184
5946,712.159543643021
5947,725.8492671651579
5948,841.6101275763162
5949,722.8406642284507
5950,681.2109415571243
5951,405.5378031983388
5952,680.3608698520834
5953,723.3136819667845
5954,730.1817231155022
5955,395.9857466931926
5956,715.3033668365566
5957,683.1779672165454
5958,316.29044861518844
5959,698.1680604606688
5960,678.3427453832703
5961,314.1958101184173
5962,722.5660943177758
5963,677.4803447167898
5964,694.115744376587
5965,731.1241144904268
5966,416.2854973870808
5967,671.6110284954397
5968,702.112795699492
5969,413.20257434056174
5970,699.1706203983441
5971,633.7815587244361
5972,670.1168050864293
5973,766.8742501587607
5974,672.0674346221491
5975,453.3997615938862
5976,843.591658260213
5977,401.40639387621565
5978,391.14630386031064
5979,734.4373117448231
5980,299.88335117262943
5981,652.3803053457561
5982,708.4870731180699
5983,284.9167521717616
5984,546.6195199086707
5985,751.2792229763276
5986,694.0157777456038
5987,296.257316336896
5988,702.1955618452632
5989,373.55346800090615
5990,690.8855074838887
5991,685.6065962191152
5992,728.1521122198318
5993,304.79864417678095
5994,417.51309059479377
5995,735.3349621193545
5996,523.1486862486823
5997,674.8939481096019
5998,395.0386633904531
5999,734.100409252152
6000,718.5143254775802
6001,637.1014235493662
6002,688.0177922822645
6003,729.9670812077408
6004,706.1944005882492
6005,641.3646718767086
6006,730.0348883373083
6007,716.5764723603781
6008,686.2771054570445
6009,685.6298967741631
6010,714.30479345569
6011,293.8761988415335
6012,700.4347917951098
6013,669.4199111303061
6014,695.5541914480041
6015,753.2376272974892
6016,704.998390446096
6017,716.7299879953061
6018,755.5928219659047
6019,678.8459611042445
6020,397.62026764843756
6021,296.5090607972363
6022,262.8508320201246
6023,752.3437658834581
6024,311.31348257801136
6025,746.9533842536453
6026,302.4779790065326
6027,694.0118066296818
6028,714.9649219359899
6029,748.9514546358072
6030,700.5131629975502
6031,715.846180731556
6032,690.005563591555
6033,698.6125894827223
6034,788.589304724678
6035,709.1040670624667
6036,769.2764681128423
6037,811.9399196957683
6038,657.5405778264723
6039,502.3875223454935
6040,727.153781329511
6041,741.2520848056671
6042,738.8810639659805
6043,713.9241722526333
6044,687.5418012285693
6045,761.3377494677881
6046,676.2466195588142
6047,677.6275272492861
6048,272.679817549266
6049,740.0673022303843
6050,728.8311728632757
6051,753.8062557023271
6052,709.7093841266438
6053,672.7527095970459
6054,682.280887386016
6055,399.1158639054601
6056,784.3513101079199
6057,744.4590083498738
6058,812.613694112904
6059,737.6944782943924
6060,408.80442060816506
6061,673.8326652333537
6062,676.3429185024727
6063,673.2072028226443
6064,653.861279214569
6065,846.164887928594
6066,689.7335696588742
6067,694.8180699220275
6068,296.2593672817529
6069,560.1691824785612
6070,700.2346848720458
6071,697.0229831408312
6072,727.7416949674658
6073,681.4914985697349
6074,708.7594684513039
6075,731.0175618349465
6076,662.7962106588881
6077,722.5282613632752
6078,733.108498213094
6079,300.44354134390267
6080,324.9124782176843
6081,848.1150256354151
6082,644.4182363273076
6083,689.7602241346597
6084,717.3131629153703
6085,710.4511357449362
6086,141.84347017613197
6087,738.5365759931088
6088,703.8067556728322
6089,659.0605508307591
6090,674.3468475139646
6091,293.31624475224834
6092,311.78031329226377
6093,707.9524198984636
6094,737.0756470183729
6095,304.4153902345955
6096,307.3215787819239
6097,699.936515827219
6098,722.8948710993386
6099,577.0559477407592
6100,694.6921183418327
6101,840.5856364367394
6102,711.4749287755885
6103,718.2200228225507
6104,668.5132598508486
6105,795.8887998076212
6106,404.5476012583418
6107,295.5248779006935
6108,712.3277309559334
6109,432.37267974962936
6110,678.7251814186056
6111,380.9440119362134
6112,647.5243898342087
6113,672.9278189179299
6114,818.239535486053
6115,404.32822888979604
6116,702.2975414387628
6117,300.3597617285737
6118,731.1910092469657
6119,710.1367524067267
6120,746.9386255946339
6121,293.26871464573264
6122,400.0386442757031
6123,739.3899575829986
6124,677.6234616918249
6125,661.4434947164369
6126,397.16096019391114
6127,733.2657200330354
6128,650.6038464060132
6129,409.8118793174159
6130,752.7289558193098
6131,671.324229937883
6132,412.63380066920325
6133,677.2241355491486
6134,409.89490504870577
6135,710.6582460783623
6136,737.086551690669
6137,290.60446946719156
6138,263.6091332790153
6139,749.9335272384521
6140,706.7542042165715
6141,678.6448757209337
6142,488.06894212150223
6143,280.38594431211766
6144,696.3176907010305
6145,698.9569177407395
6146,397.6489437146433
6147,841.9920113262306
6148,658.3053273738858
6149,721.0475273913223
6150,401.12453320214723
6151,715.4926632919623
6152,678.3935522420974
6153,309.0460379706591
6154,750.6007809380095
6155,745.1869684005294
6156,708.2294245573279
6157,676.914450655378
6158,713.7894773356348
6159,789.7887349854786
6160,670.9459695962137
6161,701.5891638589706
6162,732.3174641869783
6163,692.1314255660033
6164,405.97747485100984
6165,660.2188111572704
6166,746.8607328437924
6167,680.3847527915157
6168,715.7202807869512
6169,729.7293585709947
6170,715.3674040363445
6171,675.8306853792174
6172,695.6998878975749
6173,183.36037856184612
6174,714.1422856176554
6175,723.7604328069967
6176,494.5418942414691
6177,248.66060101720433
6178,680.1196268742083
6179,693.731762732322
6180,698.7440015171916
6181,670.9359354533726
6182,723.2748619616916
6183,756.0719621396576
6184,309.9837724650459
6185,673.9901544702859
6186,689.7481532862614
6187,679.2686782746405
6188,570.8050106593125
6189,390.7733618496481
6190,656.5531746012118
6191,718.2900477278251
6192,839.7031153883792
6193,651.3543503103891
6194,750.923286039662
6195,769.5721555952636
6196,400.7823985775616
6197,307.4702334810826
6198,701.1144106700395
6199,767.4157131571694
6200,688.2724589271389
6201,724.4839934013144
6202,773.0997982488976
6203,679.2973201797288
6204,740.8990853440629
6205,702.3773219414269
6206,682.4750293970353
6207,699.1887732140511
6208,401.2559565773683
6209,652.809469127031
6210,423.7563505765305
6211,693.3950800255925
6212,752.2222986992612
6213,672.2146472485769
6214,723.7647786952821
6215,705.0696065993412
6216,689.0462969932412
6217,402.73365203622393
6218,300.4339560909414
6219,728.935225012792
6220,732.156450864732
6221,720.1813342262647
6222,238.92000321021703
6223,729.3105869241211
6224,702.7896513341881
6225,723.6188703736948
6226,309.5501025716279
6227,690.7577124129159
6228,839.1867675732922
6229,400.37530337050384
6230,673.1279693342354
6231,734.595802552144
6232,731.556014957402
6233,311.1623286788064
6234,704.2789269499149
6235,711.2058448642834
6236,739.3476841749642
6237,238.9936330937623
6238,663.3013444895024
6239,686.6737590433138
6240,669.6758091441014
6241,303.6252510990376
6242,294.9365109165161
6243,746.0438176680617
6244,848.8312943631531
6245,463.01267927529534
6246,671.5060857060618
6247,677.83003182732
6248,746.4420641117819
6249,637.8955062017131
6250,684.7753345581706
6251,738.9388058839498
6252,708.4138690326791
6253,693.8652015191274
6254,658.733451406829
6255,702.2756340198222
6256,716.1691766589628
6257,723.2434688964355
6258,561.6017546876873
6259,721.0998216302814
6260,738.6598815363183
6261,645.731620562581
6262,711.3002128452639
6263,313.86798454234577
6264,655.8336885105892
6265,706.9799940366061
6266,723.4876552878063
6267,650.8205798090979
6268,714.7122578327653
6269,671.5114150410487
6270,725.3017042889924
6271,705.9212638878602
6272,825.2160710463289
6273,732.0309902558604
6274,663.7338593796704
6275,695.3512672326433
6276,746.3531618884099
6277,271.18234497100053
6278,709.6406744763246
6279,711.5464461356605
6280,681.0849603748628
6281,682.4689179767316
6282,837.3119666490888
6283,744.7152287137301
6284,713.2745973877888
6285,729.745711361991
6286,286.20649451238177
6287,742.826279517836
6288,728.160897931863
6289,712.2698796248937
6290,727.2787293780169
6291,725.47636342876
6292,368.70087556059883
6293,732.9959788105443
6294,670.8940357828853
6295,733.7348999986949
6296,288.59335075245656
6297,752.0317487991326
6298,705.5142415733717
6299,682.6867530534838
6300,297.12902857802237
6301,829.8637008757097
6302,772.8529096694319
6303,837.8657909166062
6304,677.5735726600392
6305,713.178861259976
6306,433.56483519172724
6307,644.503397781405
6308,848.4308622881699
6309,713.8070234595313
6310,682.2091128264163
6311,683.2594594655868
6312,713.0169468624055
6313,704.2053816713511
6314,772.0504283909198
6315,839.2549075151569
6316,301.4775353731505
6317,764.1270271187159
6318,692.6502504251166
6319,731.4248848254621
6320,408.13424874037156
6321,179.45085413605796
6322,706.2240809730911
6323,541.6767367291119
6324,684.268038040963
6325,718.9944638936502
6326,746.2145733539168
6327,667.2625420984454
6328,706.5911947772838
6329,742.4284067288489
6330,308.06761408510863
6331,853.7323548908214
6332,836.3804313069544
6333,656.7547577962896
6334,508.1399672862634
6335,692.6697439707996
6336,676.4084973376206
6337,696.8176926703957
6338,717.7172546176291
6339,399.7371033527181
6340,709.7255003983494
6341,731.4249443110931
6342,315.2936878158005
6343,260.09482296283
6344,680.6095610361236
6345,255.2920088080815
6346,703.9323339166717
6347,709.2883912805232
6348,653.5697637023823
6349,314.2484489859692
6350,485.77577359458985
6351,691.1868330127137
6352,704.1306172731175
6353,735.5085203380391
6354,666.2213959424396
6355,741.0399721787107
6356,181.5086746149786
6357,674.4670120284
6358,460.35001770669385
6359,300.9997720347668
6360,723.735642227574
6361,718.6021261673297
6362,669.444268297467
6363,812.9061157410663
6364,298.1405941414442
6365,722.3989174304143
6366,705.1745791059138
6367,685.1859536716007
6368,757.1276458995586
6369,682.1829656499274
6370,698.6452466034052
6371,710.1817626556989
6372,694.6773108833607
6373,687.040376497696
6374,853.3396027123306
6375,720.6609117347613
6376,824.3136064334851
6377,700.6152635533534
6378,401.1993784048879
6379,746.0179071947678
6380,715.9865098016701
6381,404.92131574808775
6382,652.2331590699793
6383,678.776136942759
6384,265.58184678252076
6385,179.05327598295617
6386,702.3939107517584
6387,716.0197974396146
6388,702.0068199956912
6389,401.1818968469965
6390,847.1557215863543
6391,817.5089988738548
6392,702.3729422540478
6393,569.2972871687749
6394,182.1077968984988
6395,750.4271100883368
6396,659.944498230275
6397,282.4171386312255
6398,680.8695073679077
6399,569.4558393400957
6400,719.2373213333906
6401,743.37777371925
6402,541.5569237756258
6403,170.78994118026236
6404,726.6922309977731
6405,700.4412135466722
6406,491.9201301853252
6407,848.407325338477
6408,754.686273630959
6409,704.2616337234845
6410,824.6190036759632
6411,699.3915484221762
6412,843.322146081432
6413,837.4264334114104
6414,827.1818202034943
6415,690.2913804109019
6416,700.0961902312558
6417,751.7020615433324
6418,693.2820274030964
6419,706.4052390394174
6420,314.1728851716409
6421,748.3391892477551
6422,695.3599792704201
6423,681.0908974965026
6424,733.1183047760254
6425,727.3227597323431
6426,761.2218717852736
6427,754.5831268701564
6428,706.3402392221269
6429,312.2374822487509
6430,705.7841568565935
6431,751.5445645213963
6432,679.469772377466
6433,678.4176204935303
6434,703.90263967934
6435,669.956934318632
6436,726.7262889012247
6437,712.300593253654
6438,711.2205206571867
6439,694.7454316093409
6440,668.3802559530886
6441,759.3655119827115
6442,676.6615667483579
6443,684.2203341612671
6444,721.7738733461766
6445,675.6671942155743
6446,720.4909918333884
6447,313.74332309899665
6448,716.9489921077061
6449,721.6717637754373
6450,293.7701437871459
6451,399.4622586936795
6452,727.3172356491834
6453,705.0250300332299
6454,686.4033589373447
6455,726.0732417058067
6456,685.1332219635354
6457,308.4943633612772
6458,406.96766753313074
6459,228.10784933687034
6460,396.86242942200477
6461,674.7927496883927
6462,726.0949864047249
6463,847.1813039364206
6464,696.9219243629632
6465,411.4915325100391
6466,327.09237627453433
6467,698.544196547178
6468,772.0885807268538
6469,183.47552452550082
6470,675.4729308661892
6471,706.3746263778717
6472,301.76052153776124
6473,687.2781539759826
6474,699.5216852364285
6475,664.4319611645014
6476,265.3662291436323
6477,670.3991748095181
6478,839.5587064506034
6479,678.5243289468311
6480,683.2292336196662
6481,752.9343401170723
6482,685.3533874996413
6483,659.2782179305152
6484,663.6301354290551
6485,676.6998213660412
6486,695.2838921320946
6487,822.4642833954505
6488,713.6370745689924
6489,727.3951060941196
6490,757.4461214347504
6491,713.6683652040161
6492,682.745606682397
6493,310.48962605470575
6494,678.8817176467927
6495,737.3266287757551
6496,418.1953826208978
6497,694.9909213171076
6498,649.8231315720157
6499,674.2993814104423
6500,673.7154577230525
6501,708.3302427630567
6502,725.3847052706758
6503,271.22211080758666
6504,671.8269094544848
6505,399.75214514738957
6506,731.2088656694036
6507,310.8149017048155
6508,698.840412703098
6509,676.3866164020938
6510,738.1715103992078
6511,300.2031088157421
6512,402.22157054159334
6513,497.7359163061675
6514,846.5679225228868
6515,731.6933357273243
6516,741.8606489462212
6517,844.3339148090042
6518,398.37919735092856
6519,334.9776647075868
6520,723.7113438640189
6521,298.6553037734451
6522,671.0230065213199
6523,691.375799506579
6524,297.60386342557337
6525,721.1418154332393
6526,707.8165681913555
6527,678.2239077804729
6528,725.990417980134
6529,729.8312722613879
6530,695.0813385741178
6531,711.850398193045
6532,696.096672279913
6533,691.6249122779076
6534,670.0843623656793
6535,397.08147750247343
6536,674.2034819307003
6537,297.57084142371906
6538,842.9061213130371
6539,453.94381042882424
6540,833.7365174148209
6541,707.702814195591
6542,847.9078289735567
6543,403.0715006905108
6544,716.3220981679249
6545,843.5626928293466
6546,696.3422950941497
6547,736.4993261066619
6548,708.2135045577587
6549,299.3554489337525
6550,206.44913499247082
6551,255.08284561554512
6552,724.5294410341797
6553,719.273967936255
6554,323.0226704643977
6555,749.9432422661887
6556,294.236754203713
6557,703.5099360197719
6558,297.9209949133255
6559,472.41084056772854
6560,677.8876152887658
6561,741.996235066854
6562,712.4868658952552
6563,678.5869165807474
6564,233.5877014770743
6565,299.57097312643646
6566,665.8378379208904
6567,749.4826938310582
6568,307.55286953421563
6569,525.091702187347
6570,736.0641137417682
6571,688.9217442009453
6572,716.3713719986536
6573,716.0922832848709
6574,675.1048074894159
6575,730.187933707887
6576,685.2187481550235
6577,714.7814107591932
6578,850.0408306592983
6579,688.335824615102
6580,721.258818021593
6581,701.0269575748359
6582,774.6140092504756
6583,755.5801692871793
6584,644.3423070854425
6585,689.1898288692776
6586,660.2158370690382
6587,700.1484998826327
6588,679.5036362186806
6589,701.2031663797667
6590,332.6168454444587
6591,700.5964010614698
6592,750.2535316113417
6593,411.63874908758197
6594,670.0052120700384
6595,682.9448539582198
6596,753.4040309684103
6597,702.8590186020364
6598,711.0300725762071
6599,653.7954459281144
6600,728.5263043887966
6601,686.0510857878627
6602,440.5811683286822
6603,692.4029826354961
6604,719.6181863890574
6605,712.0704494617347
6606,684.9622956526408
6607,410.8852724017555
6608,671.5744749712644
6609,398.9804058682987
6610,388.0074816151291
6611,724.3825893683119
6612,701.2587204259489
6613,734.567885832816
6614,699.1900625210886
6615,757.9521038131234
6616,724.2560181645238
6617,530.0763757735551
6618,711.8530093402809
6619,335.47397498502954
6620,660.3382224424382
6621,711.5231908469779
6622,450.95147408902517
6623,734.8041341552271
6624,561.7967296710791
6625,302.69910075019453
6626,837.8953375652449
6627,318.86685774563006
6628,665.4458710921708
6629,700.6570275875956
6630,704.2406708011931
6631,712.2892429789808
6632,714.9990406676549
6633,301.4630361766228
6634,299.73334605471825
6635,737.9773883251319
6636,662.8652522779934
6637,396.8762798163124
6638,706.4663851239823
6639,662.1453659809308
6640,741.0373271672081
6641,700.2311748333841
6642,834.3184901664182
6643,678.5316692584107
6644,722.5925601651871
6645,295.0526049833854
6646,712.8342773332746
6647,696.9354377928674
6648,652.1112284352675
6649,738.7985223919372
6650,747.7437162337259
6651,721.496552417618
6652,655.8565167445558
6653,721.67331527226
6654,758.0905423832725
6655,394.52771204121814
6656,674.9795640622056
6657,166.6858847414016
6658,300.8353885635738
6659,635.5669441243028
6660,400.0146642682025
6661,722.9940554270305
6662,684.720058922304
6663,742.9492399726826
6664,686.0705080966857
6665,743.496703507317
6666,663.7461459660149
6667,834.6885540270539
6668,397.15047898418766
6669,748.950564762678
6670,171.26638926947186
6671,834.0732603966405
6672,690.8878483891449
6673,659.6737812654237
6674,660.3500782534632
6675,729.061083806285
6676,818.5227758358459
6677,684.0236032938403
6678,742.3905032414201
6679,695.9613646249377
6680,701.5250103152632
6681,684.1867621689616
6682,756.6418404846304
6683,322.050228184254
6684,296.5492554880306
6685,227.50367763277052
6686,686.458107791849
6687,753.1783737394799
6688,708.2955905383384
6689,687.5820851141217
6690,646.8435512579135
6691,699.6074989498587
6692,702.267796285778
6693,781.1754073999197
6694,672.8702663919887
6695,703.785208626725
6696,646.1474444902825
6697,734.5855566082374
6698,717.7013246735951
6699,399.35674166226505
6700,401.90934772671795
6701,316.6925593738016
6702,294.9416302677795
6703,725.5232524138
6704,322.16067352002864
6705,416.7238414939472
6706,666.762392987308
6707,685.9930754870035
6708,702.3159039769562
6709,569.2290675308523
6710,708.0458682456134
6711,703.3662431406386
6712,707.8359058444569
6713,729.6230539334513
6714,307.5157194750705
6715,725.1815167157546
6716,791.9766164956859
6717,682.7496754854114
6718,708.7040657013032
6719,683.5219014839976
6720,691.1155183383354
6721,409.2121036681769
6722,723.9582585640176
6723,681.7296506121825
6724,703.3388285017746
6725,672.3961904498996
6726,394.0691977723447
6727,392.9116339455003
6728,707.7640367834067
6729,693.7388831665692
6730,427.61458679586707
6731,721.7931440035932
6732,295.23985988386926
6733,742.7295637369386
6734,412.44567575294514
6735,314.52100971609974
6736,405.0372844998259
6737,699.7042892905844
6738,681.9028137414236
6739,708.7241021988541
6740,677.5251714158708
6741,719.0184290522359
6742,290.63681452203605
6743,733.795963215129
6744,722.8318543683608
6745,716.3430349214279
6746,730.8640553747979
6747,707.6612809252337
6748,704.3602881525446
6749,413.0868452672722
6750,407.8708016954192
6751,304.25218638954135
6752,682.3528900997263
6753,678.799140521559
6754,780.2961036637473
6755,251.96484619916345
6756,700.8383743738116
6757,408.22963259339036
6758,712.56756439647
6759,218.67084592646137
6760,670.1743586771274
6761,685.7293688853641
6762,719.6675366406705
6763,718.1208262148132
6764,675.7505658576843
6765,397.55915007208614
6766,678.1435704865735
6767,658.5369814149144
6768,716.7882065564319
6769,401.9001890082744
6770,407.1264267078572
6771,687.3832017976745
6772,700.0222377105707
6773,846.5587944294786
6774,680.0896902803757
6775,738.0754928380182
6776,306.3279088278082
6777,698.7538430245544
6778,720.623660732201
6779,737.2958809178706
6780,677.917948458722
6781,673.9675446167871
6782,180.30854115855897
6783,311.66163944874575
6784,672.9172303987435
6785,299.4903351661091
6786,717.9055005189584
6787,676.8030437550387
6788,729.9116360483293
6789,684.247971119083
6790,724.065258701843
6791,755.1339497772199
6792,399.924987826338
6793,842.5677432814055
6794,676.433550954344
6795,715.2004813367424
6796,313.41758993896724
6797,735.5275005655145
6798,711.3888292131378
6799,759.636227939766
6800,703.8192716190507
6801,679.7754959883576
6802,256.87977314330453
6803,721.851524696987
6804,395.920412862365
6805,695.9201396735689
6806,715.9064419974303
6807,302.26885302011385
6808,674.1008287371496
6809,670.4067297108303
6810,301.56803046432475
6811,704.1973681809717
6812,386.1419787733223
6813,706.3222175020626
6814,665.0751264459348
6815,722.7558074965409
6816,547.4583574565825
6817,667.4628925007582
6818,716.9896625148613
6819,192.76818667394923
6820,179.02765443984327
6821,646.2512797022899
6822,706.2540393702142
6823,655.9705625190301
6824,701.3578040639826
6825,400.2596624039443
6826,752.7240071417481
6827,743.6299765656604
6828,300.1191527097863
6829,690.6690937808977
6830,631.907797984096
6831,680.305758888165
6832,700.0346620212906
6833,707.5231380118582
6834,695.1025830396751
6835,406.6854580484998
6836,706.8214016506912
6837,684.5551637480031
6838,706.417349389743
6839,305.4610111336752
6840,714.311752052892
6841,681.3205050170393
6842,691.9992954050322
6843,390.0076904866992
6844,749.3202992039886
6845,706.4605452622202
6846,680.5363049857963
6847,853.0663672763549
6848,308.9529863372656
6849,402.3181583624479
6850,398.7674130619594
6851,744.0598448512106
6852,853.5325635448869
6853,724.7818131001102
6854,743.772134688499
6855,685.0020551096658
6856,766.3746002874223
6857,698.2300202044792
6858,639.8582306275244
6859,749.0774601064409
6860,702.0739694130236
6861,731.0762966362691
6862,311.29820633917353
6863,714.4194625669402
6864,667.830838530599
6865,700.8190576121224
6866,187.20081824132558
6867,755.0463835409315
6868,683.8816620129555
6869,681.8626574029174
6870,710.2167850540187
6871,687.879703196235
6872,712.4296812110153
6873,720.7479198978465
6874,758.7408970830674
6875,702.2785100685077
6876,649.344733504744
6877,737.4802065674528
6878,414.94345883202385
6879,750.1664690645114
6880,658.508491994903
6881,849.1831142162685
6882,730.1591095458414
6883,404.00891608488433
6884,415.1520282888683
6885,665.4240196779339
6886,250.1012669949286
6887,411.09093859574295
6888,715.2846333581696
6889,409.0788214757201
6890,721.3180217477758
6891,811.2245621471338
6892,696.9321819966372
6893,751.0328664385555
6894,530.2416220316461
6895,684.9476638064262
6896,396.0829732082514
6897,674.375729153607
6898,683.958427547184
6899,404.05104392225223
6900,461.36296470084005
6901,312.19177381330366
6902,852.8090868110969
6903,663.8742212704107
6904,742.2984740688843
6905,736.2307010363907
6906,677.4689837604892
6907,701.3644225546652
6908,848.6562846882343
6909,315.13404489960396
6910,406.7972634982626
6911,726.5361311080435
6912,685.6015666657509
6913,714.0999950745729
6914,675.0267695755227
6915,679.0182060683481
6916,264.56283955178
6917,716.663873956675
6918,327.15189066787065
6919,728.0462117501831
6920,656.3657331437632
6921,710.4849122779472
6922,536.0215191010442
6923,427.5306175782145
6924,700.1408702117151
6925,728.3062048990905
6926,310.9422082023671
6927,750.6948885561543
6928,741.5062981652914
6929,701.7930727641569
6930,839.0171001785092
6931,399.6291604120839
6932,728.2479219556478
6933,340.2519584146105
6934,853.2404595179846
6935,670.802132694749
6936,724.7893537903192
6937,695.3020917396102
6938,769.3400545502384
6939,746.9195863636407
6940,371.42841629007165
6941,692.19490313394
6942,710.9359089643016
6943,678.3853582278762
6944,182.357587839222
6945,294.5951444454444
6946,707.6059034334837
6947,707.9115866775649
6948,682.3558728327512
6949,680.187474804785
6950,672.5547153633939
6951,674.6287390569144
6952,675.4456283451257
6953,310.8558225863366
6954,311.9578920816749
6955,654.1893434904099
6956,775.5491425888149
6957,833.6595709831678
6958,296.24300185295823
6959,678.7206754566204
6960,686.2327379081754
6961,842.0994461125213
6962,649.5752375924283
6963,398.1776859593832
6964,714.1062737258828
6965,666.8060773496247
6966,713.1781605842916
6967,696.5375173431828
6968,739.362711657835
6969,719.5160422287787
6970,405.70129784672656
6971,695.827752721324
6972,704.4121904217469
6973,401.61741057467947
6974,729.2784454801678
6975,850.0670194722013
6976,527.3183429897634
6977,772.9211022272574
6978,706.4068256089544
6979,497.1980061733769
6980,708.3963026424021
6981,707.7509366349518
6982,710.8302914999133
6983,753.7649738141348
6984,305.2423054953003
6985,738.8168945934683
6986,672.6807279048603
6987,841.0228463560474
6988,752.0770896276371
6989,670.4193675505791
6990,415.53016452231856
6991,389.235754193601
6992,701.0277004914092
6993,269.06182334312695
6994,658.5184646628526
6995,716.0680769281054
6996,703.2652094101679
6997,406.91543650914485
6998,677.2542386902379
6999,676.9370914649597
7000,678.6058789820653
7001,762.3925055781375
7002,727.8095026527915
7003,689.5734443343814
7004,760.3107492726105
7005,685.272135667428
7006,724.5616875622464
7007,713.1774814358984
7008,700.6487382691826
7009,708.6711438134126
7010,766.3840797435035
7011,295.87679406592935
7012,781.5541348785285
7013,643.2162902088173
7014,723.9134282011994
7015,752.7008327734748
7016,688.2168170564565
7017,577.1519791296444
7018,674.6196649934443
7019,743.0320493165513
7020,398.2155791754271
7021,700.743625944826
7022,769.0142762541135
7023,552.0250526285777
7024,841.3738803927258
7025,706.0279441940197
7026,734.9833117218076
7027,712.315603249971
7028,667.785339161188
7029,780.8161053528536
7030,774.1992026250605
7031,411.80582949084106
7032,749.6048804834411
7033,191.82160066123112
7034,750.892623371306
7035,736.2563667856641
7036,668.6111291044018
7037,719.4833717443909
7038,734.522686707394
7039,465.767907637256
7040,409.1382640029795
7041,712.1012249563639
7042,663.4203717414206
7043,706.9600560475907
7044,304.5629709097521
7045,409.30594588645783
7046,702.439738375505
7047,185.81237178389688
7048,644.5848057383682
7049,710.1796530581515
7050,720.9687763126813
7051,743.5465644934214
7052,683.4933200252638
7053,774.7089091039126
7054,703.5778221576204
7055,750.753166540806
7056,176.4916526427741
7057,697.3863390131188
7058,725.1198168853423
7059,314.0819835677336
7060,400.6796840296997
7061,752.4379565529817
7062,705.1443139778983
7063,703.6055681036981
7064,680.7029682118979
7065,680.7896355176235
7066,680.9560866444386
7067,646.6689610145497
7068,317.5817841343798
7069,728.453954039088
7070,686.0536354729592
7071,692.6085499976862
7072,730.0395873942689
7073,739.6816632902513
7074,680.3853511179174
7075,567.2661768419514
7076,678.8354352388694
7077,758.4685318605625
7078,702.2632456455444
7079,688.8180037066733
7080,577.0246424345235
7081,686.085924427964
7082,699.0849982099072
7083,687.1647787962231
7084,700.1912781032363
7085,733.7732108294387
7086,763.7034933633855
7087,699.1729924498711
7088,711.8900992130223
7089,679.1898231296666
7090,679.9819924355638
7091,740.5036342727592
7092,312.4641598783385
7093,720.1761657538406
7094,820.7278281416447
7095,665.786388753534
7096,716.852263680197
7097,689.417795634074
7098,672.1119427306364
7099,831.8104658415016
7100,750.0472865173386
7101,690.5680838850758
7102,711.3423326407224
7103,701.1769629555628
7104,734.2979235390826
7105,425.2441529916696
7106,681.0271295290204
7107,675.5887556983728
7108,656.1661445493664
7109,679.0036081637724
7110,677.1487309079033
7111,404.6417623902528
7112,703.589162494798
7113,401.96830398590816
7114,686.6470004541653
7115,212.41815509830002
7116,723.3889175861663
7117,689.1782004858314
7118,670.4147117316097
7119,710.1722271409736
7120,708.9834914679766
7121,705.9641796575909
7122,715.6824078113583
7123,676.2106032357921
7124,704.8330730425587
7125,555.8349773318287
7126,401.70794483435367
7127,723.8980096699049
7128,669.1138616219379
7129,712.8227371722039
7130,679.2403975822443
7131,838.9407774949103
7132,755.7948365625258
7133,748.5641450040386
7134,695.4756108848909
7135,403.09480339957145
7136,270.6695164747912
7137,723.6537048756603
7138,732.3583201362735
7139,702.5468827162188
7140,739.3019099228064
7141,298.09587843098103
7142,301.597173742698
7143,289.7748524366812
7144,318.280394021546
7145,353.71661570294606
7146,710.8906867883707
7147,644.8611676148714
7148,700.5154875313289
7149,258.29512904207866
7150,710.7496266372676
7151,752.8624054429888
7152,670.17389643542
7153,825.1803606839492
7154,683.0140727280677
7155,597.1840226106676
7156,838.193731888031
7157,725.5045062710938
7158,845.7132211504113
7159,697.1185266604722
7160,744.0207831705051
7161,395.0747816372509
7162,692.2894398026418
7163,828.9487460426488
7164,743.4932423466603
7165,696.567915363857
7166,680.9204962650581
7167,668.1837931180556
7168,684.2043748790669
7169,287.70187615865774
7170,736.9894381125928
7171,751.6090062450181
7172,849.4984169695751
7173,699.4482970331754
7174,729.8419280019007
7175,636.0417447367563
7176,722.6179325598649
7177,712.5191825997122
7178,666.9810699864382
7179,606.4474053017749
7180,677.4353281243499
7181,273.8583753832571
7182,735.2656580363447
7183,401.1865741388021
7184,694.0266595694509
7185,730.2843200170429
7186,705.3051159917766
7187,753.6384816105764
7188,699.6859120113205
7189,686.6601434699224
7190,404.5990474858788
7191,702.8868641367708
7192,724.1321823720933
7193,722.2922415502746
7194,414.6704582007317
7195,750.0197452560707
7196,411.3609655121171
7197,719.9928513851377
7198,406.3282708614101
7199,684.3088400502705
7200,655.609437245674
7201,732.8015733639326
7202,367.2175440757553
7203,845.5523722034318
7204,293.06465734648486
7205,720.6935150787383
7206,703.0180407891655
7207,725.424604005727
7208,685.7890253850563
7209,775.1477364796582
7210,715.6610671811594
7211,412.2356127707355
7212,743.8288543804263
7213,716.4895526313614
7214,692.341701671888
7215,826.7983781089476
7216,297.29433689474365
7217,280.7901191821872
7218,434.92343469811215
7219,305.71210527533106
7220,713.4406625712697
7221,681.2469766154204
7222,677.5648766364835
7223,311.7040295930565
7224,682.3980599730672
7225,404.4556723037188
7226,188.94728453717966
7227,252.13647659802882
7228,704.9222991618867
7229,718.7543238251166
7230,700.5305884065401
7231,751.3082907756153
7232,722.1372170017155
7233,744.4136963833389
7234,682.6016913649353
7235,726.0756204785367
7236,713.668461937598
7237,713.9179278567262
7238,697.9888064230454
7239,678.284197307319
7240,400.19068186392764
7241,709.392398761119
7242,752.5666059162523
7243,661.0435423061174
7244,192.5032181258225
7245,701.8079359456907
7246,182.76278051864506
7247,729.9632009921576
7248,707.5871288893152
7249,319.2323586875563
7250,300.4602596441077
7251,717.5256192827062
7252,695.2400625655791
7253,212.3609246367846
7254,668.3475214127687
7255,747.4131454609991
7256,709.7088834219189
7257,303.791682516115
7258,683.1627429851075
7259,673.8274687480969
7260,700.3026388691302
7261,182.38819729359847
7262,734.5332015644968
7263,306.016796379018
7264,690.3624371890562
7265,657.6677301989703
7266,688.7815038746087
7267,417.1559451836083
7268,656.1256816638972
7269,404.62640356159176
7270,702.3143692868515
7271,540.0392098891074
7272,695.0591274272501
7273,829.4629190985298
7274,671.6735389469314
7275,710.4387063565296
7276,825.4901785781847
7277,702.3842069872156
7278,710.6712134652448
7279,391.92268621350644
7280,197.43840345089018
7281,731.4818441792133
7282,255.09996162471373
7283,723.4902500171731
7284,706.8457465161728
7285,360.3824338801517
7286,831.0775656065084
7287,648.0150962959342
7288,698.3264447476432
7289,717.2623644210446
7290,848.1870643603721
7291,683.8393982081133
7292,753.5453735280905
7293,715.8485266098708
7294,723.2632921835967
7295,298.30091235051884
7296,719.6669194649869
7297,563.2328695309432
7298,851.240586453193
7299,700.513406145445
7300,700.4804695625871
7301,669.4191493184724
7302,702.1787975295775
7303,686.6723311260827
7304,267.44597719530157
7305,208.4671745350219
7306,820.6822437807409
7307,646.4532594827357
7308,724.6728833468188
7309,720.9166923072643
7310,399.20086625568393
7311,375.0555859309885
7312,702.1942575591856
7313,850.723372658282
7314,686.4319006395147
7315,717.6139915381154
7316,714.759266201379
7317,691.8306485913788
7318,440.4921739857275
7319,682.2365870032779
7320,780.2901215665725
7321,670.9177877782192
7322,702.6387972625236
7323,651.9886858216566
7324,692.7802312498022
7325,687.603227710307
7326,404.5555905228559
7327,398.47431480096736
7328,723.3474752850386
7329,304.0215065237077
7330,720.9862261957247
7331,684.7660935587027
7332,293.34540579065606
7333,706.8163312761626
7334,711.2993020183043
7335,306.7502968891804
7336,718.408000572572
7337,730.4464390097562
7338,697.2005325611095
7339,682.4004432896952
7340,698.4498762092381
7341,699.5895666915021
7342,300.1595067760928
7343,711.306207715798
7344,415.075034754136
7345,705.3532151741257
7346,245.70163055614694
7347,397.29319160836474
7348,660.170136753449
7349,727.3690166455137
7350,744.5217057653139
7351,669.2174965458396
7352,404.3660554672302
7353,237.93575028813098
7354,729.3481438635064
7355,685.1016893974319
7356,773.7179163249308
7357,694.3188651577875
7358,722.3560546935728
7359,732.8605932004864
7360,700.4702803679695
7361,408.2265356128882
7362,413.15319245195946
7363,842.477130676356
7364,645.666084369038
7365,692.6905788293345
7366,698.3779169822087
7367,731.3520448979332
7368,314.18883044223844
7369,702.0151206443461
7370,675.04605417695
7371,404.2320400780516
7372,709.6494842326293
7373,693.3019781328383
7374,684.7398195028062
7375,736.6745614805483
7376,701.3931677571962
7377,708.4322588665206
7378,321.29689714733803
7379,311.0569062849239
7380,668.3173692737764
7381,700.0921330456085
7382,758.3382276003508
7383,398.45368627217266
7384,305.6964099892291
7385,722.2706101671442
7386,714.3216149346702
7387,477.8018837043476
7388,722.1650825600873
7389,681.044404549712
7390,304.7135639118865
7391,734.910086519746
7392,412.05372194901776
7393,687.610061739252
7394,305.59474639582845
7395,820.5967512319365
7396,705.8158965689845
7397,647.7912618030716
7398,767.2312588430636
7399,244.80652231719193
7400,725.5564372232882
7401,846.5173042786719
7402,746.8359077810518
7403,392.40137490393147
7404,239.45196101494048
7405,728.9484440253929
7406,750.8437192052401
7407,697.0056083425453
7408,709.548563983207
7409,648.3785938596645
7410,407.6405472671903
7411,842.9809110270941
7412,530.7474225900767
7413,569.3341248431443
7414,243.2758566434316
7415,716.3725632268917
7416,678.386163970835
7417,249.134946464728
7418,756.093909792018
7419,733.2303287191627
7420,719.8905498072894
7421,715.9967817288846
7422,701.2777067466402
7423,661.0607058851568
7424,721.3767853325973
7425,644.3132511008645
7426,683.2597107682059
7427,668.2016111179034
7428,660.8069082027474
7429,653.5665436893962
7430,650.6231279512056
7431,728.206861629202
7432,308.0778162334074
7433,749.4284074630017
7434,668.9435355469687
7435,837.9278350676718
7436,764.0268986584945
7437,754.846440301382
7438,697.4666142016601
7439,402.20666909273
7440,672.3325412500506
7441,692.0920800712878
7442,752.4746523972942
7443,724.889895297311
7444,766.687800990935
7445,311.2340856007693
7446,741.1849834046146
7447,753.9275858022169
7448,684.9418672980776
7449,678.8718820914173
7450,313.59629192772604
7451,672.7822912313741
7452,716.4425494102375
7453,717.0976240957958
7454,674.6033023858662
7455,706.5802017175756
7456,408.97903233632127
7457,750.3856209117141
7458,715.17142709284
7459,746.0516697575115
7460,769.2700954550154
7461,409.4803310075367
7462,678.1265520480323
7463,722.5310970937346
7464,719.8430609303566
7465,655.1340121408709
7466,406.2091277610009
7467,704.1872993500417
7468,672.6484046645646
7469,728.4236898508185
7470,748.7972877294919
7471,365.68077828649905
7472,679.8825177302435
7473,657.6318484251593
7474,697.2826010984919
7475,730.4386523816823
7476,681.0254395278863
7477,729.6487751928245
7478,733.3146576937095
7479,676.2784358393378
7480,329.1704974548696
7481,675.7416466284476
7482,730.84172756486
7483,828.8688487092764
7484,546.6478893812629
7485,407.2623044511659
7486,686.1547384757063
7487,729.2992797409305
7488,724.2441473153646
7489,676.1691131318598
7490,647.4300348353747
7491,562.9397297436801
7492,663.0962900844227
7493,670.6343237573259
7494,721.0747703653241
7495,687.9514735709163
7496,669.6552654525276
7497,701.3551501888358
7498,163.65707593838408
7499,320.0522545607516
7500,301.1428649298748
7501,678.4705002338468
7502,703.8557231518718
7503,397.2822342133567
7504,657.3472889224163
7505,311.45771583289365
7506,692.1517822547178
7507,680.0743932802822
7508,735.8035009202438
7509,695.0402042025466
7510,787.7322556875914
7511,393.5545242894241
7512,400.83326471901825
7513,665.1592144934964
7514,310.39571911790034
7515,397.2158765565664
7516,684.8174916221595
7517,707.66763775064
7518,313.4160662380107
7519,408.43297873774566
7520,678.8546797503033
7521,733.7999010405673
7522,744.3043123186803
7523,704.3869270257567
7524,708.558896008459
7525,731.7828829804149
7526,686.9882579339214
7527,682.1042724364119
7528,730.1754672386566
7529,669.5673552042302
7530,748.6563139718136
7531,675.1115416540407
7532,678.0012633170556
7533,725.9464487098869
7534,401.1678753400312
7535,651.4788897905413
7536,732.4965099733356
7537,739.2099185821091
7538,746.7316779542699
7539,287.7240926997936
7540,778.4804598810363
7541,843.5038219578885
7542,721.0274673308421
7543,745.5876527391421
7544,720.3458916433044
7545,688.0454532236948
7546,771.6884833314704
7547,711.8631777647854
7548,306.38138645632785
7549,740.966643572197
7550,671.4634662899734
7551,686.7268646496963
7552,748.7418832147673
7553,546.5699068835733
7554,299.54240737714156
7555,705.8173070678033
7556,747.6474490697179
7557,659.887967191738
7558,852.9773070789199
7559,314.15074614642396
7560,702.5677421798453
7561,282.5694726875929
7562,304.1595857387664
7563,712.8173023880121
7564,679.6092516068246
7565,289.1356234263865
7566,684.8427302238847
7567,703.4935800584278
7568,656.5209140209703
7569,673.6753516206238
7570,718.547357357073
7571,305.7942322752414
7572,549.710707324631
7573,836.9054868362313
7574,325.5231530296167
7575,550.6205850208779
7576,752.3125281983693
7577,684.8388951735574
7578,689.5593914555146
7579,750.6099586522364
7580,679.3676937921987
7581,712.1430393900133
7582,689.151175572653
7583,730.9527337101672
7584,674.4454840790252
7585,408.9315762464386
7586,316.5516254223414
7587,644.8572375271776
7588,802.4530423919057
7589,717.0490082824318
7590,708.0778535673488
7591,751.8195961123799
7592,725.7140168250716
7593,824.4441860128886
7594,698.0273187323335
7595,660.5899810134964
7596,408.4025480714039
7597,399.1876054110639
7598,658.3597743373983
7599,297.0528724671767
7600,534.248464906792
7601,705.2340591819107
7602,651.1925952450055
7603,723.9923268978173
7604,299.1265499207681
7605,759.9860747718328
7606,303.519509500742
7607,402.2171185483596
7608,782.7106867780315
7609,732.7096359812098
7610,650.5861265814599
7611,327.7300259258198
7612,186.0675319307893
7613,681.6519282067082
7614,231.3879847509782
7615,725.8640089375173
7616,671.4796822467085
7617,698.7161704084396
7618,304.22320877577545
7619,372.93205211145914
7620,652.6662445907399
7621,295.51223097457404
7622,397.2555407007204
7623,396.6316824935906
7624,737.9607101009399
7625,644.4834971273735
7626,714.0369569359443
7627,708.6432005772441
7628,693.0986133561565
7629,188.72000370754773
7630,668.9370103774537
7631,721.537498959031
7632,306.06276516868064
7633,246.85089537081956
7634,846.3895731000655
7635,695.3965346802787
7636,309.74986980135907
7637,667.6215370424675
7638,735.1786796972342
7639,674.3696306334682
7640,695.877219547139
7641,752.0509875876978
7642,297.78054238117164
7643,800.7564747247441
7644,695.4584264508412
7645,737.7357728238369
7646,675.4012989279091
7647,322.04032491367497
7648,676.16660571143
7649,736.788100790223
7650,296.34932353451984
7651,339.2775008887723
7652,292.7842492944846
7653,699.4416989344214
7654,719.3497903022844
7655,671.0534289154526
7656,726.1582989851246
7657,739.2057018689061
7658,831.9819249531901
7659,828.0647663096477
7660,833.6531735272758
7661,682.154703536047
7662,700.7353602134286
7663,683.4622244128204
7664,266.3317651794217
7665,270.7317373796089
7666,778.0730660064282
7667,413.1974349479059
7668,706.9467330750368
7669,404.89404813268675
7670,311.7666443555933
7671,722.151088571062
7672,650.44372904351
7673,539.4587753323543
7674,708.6103945299774
7675,853.3332755773727
7676,403.83044047044194
7677,674.7881480456136
7678,703.7362127718858
7679,834.5191317601218
7680,845.3037486432764
7681,578.6242011223269
7682,849.9782755317265
7683,493.03439966646727
7684,837.4607993998304
7685,674.667179763207
7686,734.608698576463
7687,633.3179450560378
7688,715.6187139089672
7689,567.5260009409644
7690,303.19258707858626
7691,310.76008981532925
7692,699.7444734606536
7693,736.1980922429512
7694,672.7827773019704
7695,674.5540213089981
7696,667.7090743364877
7697,726.6754719363786
7698,411.8760266587402
7699,455.8588450145747
7700,540.2794899943976
7701,300.5209924226719
7702,750.4744101676617
7703,707.0770964090707
7704,549.9730942822152
7705,747.8665097683042
7706,699.4647022600664
7707,765.4323892277026
7708,163.79687633328365
7709,693.5814948501488
7710,694.8414155132205
7711,676.5043087343837
7712,708.5518915755842
7713,172.28263206206685
7714,703.6957718416279
7715,669.9187309033067
7716,732.1042962492908
7717,680.5612557577873
7718,675.3020413044057
7719,674.117583302224
7720,731.266764894388
7721,686.019552072897
7722,727.8056505178777
7723,717.0954469722706
7724,707.9161606454458
7725,496.40529587150195
7726,704.7109130187656
7727,748.1054616524685
7728,672.1803579939185
7729,728.1018258308525
7730,848.4339672202324
7731,402.1370605755116
7732,685.3124674969237
7733,734.0842081645792
7734,725.5256790283639
7735,759.2428207569563
7736,674.4874926535169
7737,663.759700399662
7738,704.1924540422091
7739,673.338605792243
7740,304.9310694169448
7741,683.3319653924372
7742,672.2262644651571
7743,671.5524707829646
7744,538.3738120440873
7745,683.4691472781541
7746,768.6200135588601
7747,389.876341471129
7748,413.9496466541121
7749,659.4822796372963
7750,696.1076509312998
7751,731.7348069450034
7752,754.7559508215479
7753,735.0962949882431
7754,707.0567570668849
7755,744.2448821770205
7756,760.6521497061419
7757,717.8374615404551
7758,730.1441876566555
7759,749.6649028077237
7760,399.100072620298
7761,676.330288404739
7762,313.171388834423
7763,672.5117198793749
7764,731.9878542306614
7765,680.5776394587032
7766,418.32779516106564
7767,736.0097599259108
7768,699.6581002555127
7769,525.7261154577668
7770,691.1898363885518
7771,403.36561144878533
7772,714.7163775672368
7773,305.6451813793018
7774,712.6692511233093
7775,282.55516573709286
7776,180.02937745917342
7777,683.5886307415619
7778,745.9125242822234
7779,406.83638620496595
7780,702.1296952971693
7781,705.3605413339876
7782,410.05592628577944
7783,398.08284578043833
7784,733.2093614396712
7785,684.056862557232
7786,186.54569407965272
7787,759.9076421682742
7788,699.5546019912953
7789,239.2584310978737
7790,728.6607846132958
7791,816.1488119248166
7792,714.3408746232013
7793,756.4482961399681
7794,672.74534578778
7795,699.7142534849258
7796,395.97456099583223
7797,691.3386228962594
7798,712.9347834078923
7799,699.304564217873
7800,667.8395416040777
7801,725.0675177598077
7802,732.1112405842559
7803,805.7355299306603
7804,700.2954515352652
7805,719.1912155216853
7806,713.5451770052734
7807,720.5461863769372
7808,678.3430601482387
7809,707.973414630496
7810,319.2748137998144
7811,422.8544369941166
7812,675.1881299212217
7813,703.5730856715694
7814,725.1356035554171
7815,671.195705796496
7816,691.8851297998482
7817,698.5812114689068
7818,704.4665784666253
7819,675.1632934375452
7820,702.5271091414792
7821,655.6192358084351
7822,746.0807330180946
7823,701.3891719539934
7824,679.6548526300575
7825,693.6921858659847
7826,687.8851590617636
7827,677.8890479763145
7828,783.271186438452
7829,708.1073085844555
7830,194.1734273748201
7831,676.3792025627637
7832,769.8433311570756
7833,709.382680534977
7834,309.52464851154934
7835,677.2450869817476
7836,722.0691429629458
7837,298.4571905769941
7838,539.6543053296037
7839,712.9717491006899
7840,724.9821801623929
7841,403.8869585297161
7842,812.18655999303
7843,657.0198769092264
7844,662.7991246959565
7845,795.6549928132366
7846,678.5312867988918
7847,675.2434142189875
7848,726.4590893313081
7849,707.2376196222701
7850,750.4979766929255
7851,714.2919805269304
7852,458.60938901820964
7853,699.5205028898246
7854,408.8071030803707
7855,725.4299336784738
7856,680.4612244938318
7857,746.5457110144265
7858,835.8440066587339
7859,692.0341913545017
7860,646.1837434099408
7861,400.0851938579233
7862,678.0223132733609
7863,679.632635012773
7864,649.7577339946134
7865,733.4439855189605
7866,740.3807955759994
7867,334.7637512653207
7868,655.7214125642031
7869,756.5689857537262
7870,694.127749798371
7871,171.210888849716
7872,694.3348610591701
7873,836.6408967463242
7874,690.2122294028889
7875,704.8804071350071
7876,733.8320770589667
7877,294.57031760112574
7878,700.0476191497294
7879,408.8685136043868
7880,704.3772995898331
7881,208.84914993732212
7882,711.2929249317281
7883,758.7792161742077
7884,308.7778530110976
7885,294.51263643688424
7886,303.60665124406955
7887,706.3113777958275
7888,406.5674659767133
7889,715.2405570418423
7890,676.677815741183
7891,719.9209169807076
7892,697.2544722189622
7893,744.8072419636211
7894,305.25844248159154
7895,321.924296401613
7896,735.048923869095
7897,813.2208260529984
7898,783.4052373679233
7899,692.0279287674638
7900,689.743236810009
7901,750.9438260220767
7902,399.5464519593742
7903,301.3391291041479
7904,666.9793682054077
7905,753.075108004997
7906,399.3866650867212
7907,710.698796114527
7908,713.7322868600932
7909,755.461494804573
7910,796.7326606700199
7911,702.9796216474193
7912,299.23576387782794
7913,501.9394427589741
7914,740.8328730904205
7915,397.94744654599253
7916,707.1913728300536
7917,672.2161390585386
7918,734.7538053229789
7919,719.2586454413816
7920,695.9399936889242
7921,400.2819063400454
7922,680.3088437206594
7923,398.35903481031835
7924,683.6342543969698
7925,400.87589937482625
7926,710.4271234353591
7927,790.4667230710494
7928,740.3301568861021
7929,676.1498684475329
7930,304.9825416941992
7931,657.3055131246786
7932,403.4161872152761
7933,674.8405092784104
7934,500.45497869436804
7935,699.1570255911715
7936,369.65958840184703
7937,425.5239004405355
7938,847.5502165490857
7939,683.4578879224924
7940,828.2601620730655
7941,708.1806281447134
7942,297.06876735499156
7943,683.8591211472232
7944,706.7328920366929
7945,732.7768294604252
7946,713.1605263371782
7947,848.2197039083261
7948,536.3828654717393
7949,738.2534428120397
7950,408.3336042628862
7951,678.654400798527
7952,810.2282764391014
7953,681.2895895970175
7954,725.2302338563206
7955,851.3243641141981
7956,698.147912317867
7957,239.88936353928392
7958,712.9088738414068
7959,676.1714284329396
7960,683.137291890745
7961,850.2468322232822
7962,403.6658262262315
7963,355.6362633544976
7964,724.0648638444972
7965,687.7796329297354
7966,717.256895611793
7967,498.8871800330423
7968,409.63814597940086
7969,725.9045792321792
7970,726.9948347958423
7971,722.0763688466789
7972,748.9602893878844
7973,742.9332012136039
7974,741.5641859032405
7975,698.9931825889068
7976,728.4880471574497
7977,718.6471501312209
7978,680.1361533098167
7979,719.9068040916603
7980,679.1249922444965
7981,677.1656447261312
7982,829.9959804560742
7983,723.5851664404776
7984,728.842398077095
7985,686.8007008943983
7986,637.0014823462642
7987,698.4158476644242
7988,701.5568636255647
7989,409.58283738441975
7990,709.8446071677097
7991,727.5638165299579
7992,294.6717224414578
7993,300.70579671365795
7994,319.7786943431383
7995,735.3644743548637
7996,674.442441474487
7997,667.7068133139954
7998,690.1043180679848
7999,714.1408363059569
8000,700.0625110181142
8001,697.4399883081202
8002,687.8642477272275
8003,239.11948015553378
8004,673.1349583390304
8005,294.27797422372583
8006,706.4733011737918
8007,676.72266693715
8008,759.6044742655474
8009,419.207021265389
8010,406.5197080328154
8011,654.3988311557636
8012,733.4038239284895
8013,676.0271237508176
8014,414.5117128751622
8015,728.4511035014583
8016,766.5066652675613
8017,713.464296884897
8018,671.0386193324239
8019,750.8919168277979
8020,454.34041049917835
8021,701.7115369099438
8022,307.54834586535253
8023,662.8387795740094
8024,713.688165802321
8025,738.9849849359064
8026,679.7650723023049
8027,841.5504346339387
8028,683.5173733314141
8029,756.1879998914576
8030,297.33624425731455
8031,683.338428171215
8032,681.9349217966453
8033,686.7239082991109
8034,752.0025557009991
8035,418.94730948985887
8036,690.2330286219868
8037,719.2382056771193
8038,775.9288384672591
8039,731.0961347498627
8040,404.2926842214283
8041,734.4753339423306
8042,660.4269794599164
8043,657.1947603808788
8044,692.4459408650466
8045,825.3029287203221
8046,411.26690840698325
8047,407.8472071836549
8048,311.25495336575807
8049,720.6888538486112
8050,539.1312864200436
8051,711.4757055014559
8052,309.1602893971212
8053,406.89584201789086
8054,677.0169717147835
8055,697.5116510553784
8056,740.1236754047877
8057,387.0743383202788
8058,736.8184188053591
8059,494.36341516622895
8060,748.3501271269294
8061,746.4952706585497
8062,704.2109012185663
8063,295.4550913987561
8064,759.8689615302089
8065,710.8280371285886
8066,743.1446026996192
8067,397.544666041271
8068,706.3128931616974
8069,280.9872166796505
8070,731.1461503997253
8071,313.4386602742811
8072,731.705410792161
8073,691.3267060557439
8074,703.008847237371
8075,752.2671547589168
8076,705.7423611631563
8077,716.9567324522201
8078,684.9180900351515
8079,399.1888920973504
8080,701.659572349921
8081,680.6129622999633
8082,696.4699499302915
8083,650.2317821562491
8084,245.0387773465094
8085,742.2241449497728
8086,706.5866465082192
8087,258.27869113388385
8088,671.2970492447403
8089,710.6240788875092
8090,737.633986114525
8091,748.7561770616849
8092,541.717408697517
8093,707.7421729296498
8094,410.33117319505357
8095,686.6768681000599
8096,657.2197270182926
8097,710.2022713811228
8098,698.4528321571942
8099,298.28397107325503
8100,729.7677359123894
8101,667.0318268724382
8102,335.3877139544032
8103,720.2585717139712
8104,747.1502160344038
8105,718.3510763929895
8106,408.4163920208419
8107,303.07221315392553
8108,735.8269154624562
8109,638.0425963862708
8110,669.2481456708352
8111,787.3173775858934
8112,688.0133514661267
8113,304.70103197070137
8114,289.60390920463186
8115,769.4950018285138
8116,680.5520324355261
8117,675.3568537452998
8118,753.1160320060003
8119,711.6623656299984
8120,696.3241399151783
8121,381.37043170817145
8122,735.9431566823149
8123,750.1837736855914
8124,726.6361337381434
8125,738.7887146508749
8126,307.23982294113654
8127,675.7614286886112
8128,687.1167485083037
8129,509.08505101394513
8130,681.9141452318336
8131,777.9249212782913
8132,698.6501186798648
8133,286.30765510101276
8134,297.0659495109974
8135,410.07204258426714
8136,734.0560239289497
8137,684.7645575208119
8138,266.27318056024313
8139,295.43033497557167
8140,720.3098978756212
8141,674.0628242896729
8142,729.4662455914028
8143,750.9168701888635
8144,696.1771583069112
8145,649.9937810970497
8146,702.6205817580063
8147,727.8929730660832
8148,689.4269114142301
8149,725.8746687612544
8150,730.7292582047635
8151,676.4381712888592
8152,767.4018253128484
8153,674.616985013585
8154,717.8712779060688
8155,288.92335049697215
8156,681.3418817587252
8157,681.5799736841991
8158,849.0721375528638
8159,699.8996431472921
8160,744.1559534772091
8161,397.9740166054905
8162,710.0009453420126
8163,696.6678701970081
8164,695.5013475867954
8165,848.9083192769501
8166,417.65080097505927
8167,659.1305193196147
8168,676.4977867898147
8169,681.0372640799002
8170,678.0252332945902
8171,676.9737002503558
8172,635.0200976068791
8173,744.9596907220281
8174,711.4018819979573
8175,745.5340824036496
8176,749.7017459545486
8177,691.2336804685771
8178,281.2342771798028
8179,717.7245215753194
8180,330.90175008400416
8181,655.8248570066385
8182,726.4816525862008
8183,689.738612493472
8184,302.4494214359284
8185,718.6309845800035
8186,534.1754614691699
8187,312.38277284848084
8188,703.8133952195974
8189,722.0826167804686
8190,697.819223413622
8191,399.04684604907027
8192,710.6926519112973
8193,695.7938897007086
8194,752.2500033755505
8195,400.77801467969823
8196,684.0287248376679
8197,414.846083318026
8198,371.85534020845506
8199,724.3723312417003
8200,414.9496950103295
8201,686.3970177148087
8202,407.9752904771506
8203,753.6925086224533
8204,728.6737472704862
8205,681.7815494868186
8206,715.7592286984374
8207,700.3721398546419
8208,743.5058997591731
8209,734.4744212578008
8210,697.0101797936561
8211,729.7988375193545
8212,747.0284638351005
8213,335.86032073580145
8214,295.12111601547025
8215,754.1356988106637
8216,800.4762577992833
8217,697.5581951338063
8218,697.4551530322306
8219,690.6982933764522
8220,302.93245303885124
8221,758.6796833284644
8222,743.3717768622316
8223,512.3976663958762
8224,434.64899444814455
8225,667.9104764552598
8226,670.7123221644794
8227,723.9889390022541
8228,241.09926781480146
8229,679.7954099971968
8230,728.2925428798077
8231,749.5182135788585
8232,723.288594558623
8233,732.5893921482519
8234,761.9712884063686
8235,759.6718794282212
8236,722.9370162522523
8237,250.31025148105317
8238,757.63107316589
8239,711.3108984844692
8240,702.2301581744059
8241,396.7113390351653
8242,709.325281325019
8243,397.5455003216269
8244,723.9065560083924
8245,679.4647871141503
8246,304.55165397772276
8247,659.8937966291993
8248,401.7110302755691
8249,457.31314288986096
8250,752.4261179371672
8251,686.7351425076716
8252,833.064547778453
8253,414.7081310459414
8254,822.7033921697815
8255,293.15885680213216
8256,677.0401972553199
8257,682.6763392217179
8258,405.4792977285496
8259,726.5255390233044
8260,677.8541933791129
8261,705.8420256733232
8262,721.3962349345866
8263,751.1621481133768
8264,405.02348194089734
8265,679.5925043804823
8266,686.3487371355185
8267,774.5835498228457
8268,750.2064621637904
8269,663.1951193900233
8270,518.8638541651925
8271,847.0859797987588
8272,733.787217733119
8273,731.1994713491673
8274,689.9343196330987
8275,796.4054013402271
8276,708.4178176963547
8277,185.326639926472
8278,762.4018375095125
8279,399.9578825922005
8280,646.8306375109536
8281,711.0848509723899
8282,291.7909370085354
8283,642.5019635592273
8284,675.3858537368677
8285,291.7833345369352
8286,675.8889372638915
8287,742.623789725475
8288,702.6064681778676
8289,743.8170486821991
8290,527.954762259389
8291,740.3176654238404
8292,702.6012576518631
8293,838.1694107007118
8294,673.8135297741236
8295,404.1396511687853
8296,402.21610449952635
8297,614.0650616203209
8298,687.3717098573344
8299,404.8360671138119
8300,746.0397840845621
8301,711.9594597269408
8302,719.4696430909552
8303,744.2163517599304
8304,697.0281259751276
8305,401.64165817563963
8306,788.9510545906714
8307,681.6506422113265
8308,829.4427478745839
8309,647.1801463817758
8310,743.7334796943711
8311,830.3386035246585
8312,404.799294625124
8313,400.2494365521883
8314,730.9344784034362
8315,715.2416052512201
8316,684.9193762147607
8317,680.4977919875398
8318,643.8735026403344
8319,839.772113877219
8320,702.1257585558801
8321,764.6116193949188
8322,836.6582117331546
8323,700.9065930364441
8324,723.4066979605599
8325,536.224146998649
8326,743.8760086488822
8327,783.6295568077416
8328,800.1692953620195
8329,244.7384916090461
8330,672.9576168379632
8331,700.500886342616
8332,722.7991681549695
8333,407.93912939787737
8334,721.3726966601419
8335,715.0337190271032
8336,401.40524449785465
8337,656.0291837664856
8338,667.2006317884974
8339,662.8137178851917
8340,258.34507462538005
8341,734.3263701821579
8342,727.6302244586756
8343,653.4509646067048
8344,717.0215411641832
8345,756.4394704094117
8346,291.8851678763896
8347,704.5792723934677
8348,413.08630266207376
8349,701.9902669534947
8350,838.664271820824
8351,720.7014884813507
8352,678.5049048457574
8353,691.0554016091255
8354,847.0507258848213
8355,660.1096616729845
8356,398.1983349748093
8357,182.83178467604017
8358,675.4531495106597
8359,316.409853281964
8360,293.8855501349975
8361,415.11822384243226
8362,701.2481416240269
8363,688.2357411016922
8364,701.0567067586136
8365,296.4392209684214
8366,700.0268341394296
8367,718.8290006823613
8368,401.9852629860051
8369,748.2377773222591
8370,743.3136282607331
8371,394.573163537562
8372,511.65009593278944
8373,692.9151103560552
8374,719.8669166248635
8375,704.6773140419026
8376,808.8614932091522
8377,714.8154307171638
8378,717.1231722957351
8379,711.8722559420933
8380,308.09732383563176
8381,432.65516929321245
8382,719.734368259613
8383,640.6921797703959
8384,850.3724645711922
8385,747.7610289956821
8386,701.8378413391112
8387,676.3074976754208
8388,659.7664524092604
8389,704.3069929271019
8390,682.8709172095905
8391,402.9192784436762
8392,750.300468235294
8393,846.1908782164829
8394,700.9709412589083
8395,386.1578836182975
8396,186.9241877228718
8397,694.2266940232889
8398,701.099265869891
8399,685.3070421399184
8400,661.8893657662929
8401,723.9033287045404
8402,693.5586628486024
8403,747.7600413042592
8404,600.4440379122469
8405,730.7556252300947
8406,296.28689083022186
8407,703.1926653791035
8408,683.5668636170866
8409,745.9353596360542
8410,718.2987295598657
8411,751.9932253372517
8412,709.958915493244
8413,742.2647513318526
8414,399.6751483949209
8415,697.700732509111
8416,726.266288669956
8417,701.4641305994023
8418,256.4567871551246
8419,742.0443306543307
8420,400.5518355454402
8421,658.6670640094707
8422,695.4121733306265
8423,310.5841931663308
8424,723.4276258189452
8425,194.29990038203823
8426,397.3023487780057
8427,702.4805464608154
8428,754.4654396012916
8429,441.5937665710229
8430,726.1683997681732
8431,770.6000053728416
8432,718.9853796773041
8433,783.3953415970178
8434,401.0056746956263
8435,738.3901768384419
8436,714.4666341392739
8437,184.96837632430652
8438,679.7417447803878
8439,699.9942022413866
8440,691.6805531685452
8441,739.6379833224657
8442,732.0259206185667
8443,673.4449269668494
8444,745.966424558045
8445,750.2191847397514
8446,747.9690339796615
8447,844.2447007287489
8448,726.9010647333176
8449,673.9561868715156
8450,674.1801798121005
8451,714.4336108136564
8452,305.492162576785
8453,300.88454109632414
8454,768.9311857593988
8455,636.2853231791223
8456,752.4373110295355
8457,241.85960532171447
8458,690.7902288828132
8459,411.71766781411964
8460,685.7251699212934
8461,233.33767734374396
8462,296.52197037830945
8463,472.2821201374182
8464,755.9385697083267
8465,679.2472609438591
8466,414.4284372321377
8467,681.8810004519081
8468,708.0358566791722
8469,738.6284250709432
8470,710.0587970945116
8471,702.870528827899
8472,540.4169558951689
8473,745.8263092274408
8474,683.5121422904043
8475,731.7879179174611
8476,753.9453631935318
8477,692.3206590557854
8478,753.6603526658353
8479,690.1337998698159
8480,395.10988193627423
8481,685.34524471323
8482,706.8181809964808
8483,741.6396607150256
8484,409.80709686739294
8485,821.1768219911314
8486,708.9395452820066
8487,749.9831045197401
8488,704.5331795594626
8489,676.0565475899198
8490,683.3390669849612
8491,680.6528925488278
8492,846.2618084817008
8493,674.912127900667
8494,183.18898618433093
8495,747.259833418423
8496,295.0277253539175
8497,673.8108860432944
8498,704.0905411223767
8499,303.3994849339934
8500,683.5078514300069
8501,645.3578778170233
8502,671.2110202144511
8503,748.3560174823792
8504,688.4958419288697
8505,701.8187745320672
8506,707.0362997136697
8507,706.1147312922434
8508,775.6270290798984
8509,749.202974858938
8510,696.844668639065
8511,702.5897918002543
8512,706.4065662604182
8513,750.1341312969896
8514,721.2423728855579
8515,688.9319568170325
8516,698.4845930100012
8517,312.04249131749816
8518,708.5383184914078
8519,755.0025774885247
8520,744.5944935714092
8521,295.05751060731336
8522,671.0443746947109
8523,402.8733439547062
8524,677.6231325669752
8525,675.5114423235208
8526,710.0552749697463
8527,745.5696267237954
8528,674.2453410111773
8529,302.55260648921603
8530,299.0770743345949
8531,665.619903229902
8532,728.1614616833442
8533,761.8408762859377
8534,717.4028257002993
8535,674.1535652069651
8536,723.8253110094391
8537,700.0352573247045
8538,676.1813554818824
8539,733.8693042812362
8540,651.645401549269
8541,324.5813009480017
8542,677.1727261319791
8543,744.2134871534766
8544,762.585298079933
8545,707.353221940052
8546,732.0996373281004
8547,719.0232162226077
8548,713.9795799703273
8549,325.24104317315516
8550,703.1081326337279
8551,740.1344984811167
8552,673.66390227703
8553,672.0404406839509
8554,751.3051878019719
8555,677.9963396364986
8556,690.9122216199905
8557,484.5119072496375
8558,680.4708973320938
8559,671.550618821511
8560,399.98507462186126
8561,750.4489458885431
8562,728.7196969711795
8563,419.62220755182705
8564,824.1788221864932
8565,686.7491512934791
8566,713.3211830893978
8567,718.4590862511993
8568,680.0121058609934
8569,727.3518279040279
8570,676.3524304190671
8571,706.1809151892714
8572,682.9525907531815
8573,848.0063606898816
8574,752.1453811234919
8575,711.7938246027788
8576,734.3954590405216
8577,723.7591855511697
8578,297.7155754592004
8579,701.8118671252647
8580,705.2517292511077
8581,849.5339120318516
8582,684.865456142385
8583,730.992316137615
8584,674.7045380124965
8585,364.82482235215474
8586,329.2382419412505
8587,431.578182993243
8588,305.8010362378295
8589,774.7409895280234
8590,677.7981859414242
8591,704.9007133881352
8592,404.17499980570705
8593,725.9019064608985
8594,739.3521116600648
8595,725.3963649951436
8596,410.7965754755101
8597,758.1126180367821
8598,660.133460902867
8599,656.3360804470522
8600,715.5317697437694
8601,670.0137120413729
8602,722.7824960649842
8603,724.3032835012382
8604,678.2767737632673
8605,696.4127290095804
8606,675.1848911480821
8607,771.5188130630249
8608,307.3459880358236
8609,204.30803333934864
8610,731.1177916950389
8611,708.1580552355678
8612,695.584347843094
8613,677.95285555322
8614,404.60536203241276
8615,402.5188319780084
8616,685.3112000244496
8617,726.4700572815666
8618,680.1648882972711
8619,550.2783904107871
8620,722.4684938490541
8621,676.929839099815
8622,686.3856764785575
8623,748.2891626314728
8624,536.5697304798024
8625,719.7769376897493
8626,300.3834077673069
8627,305.3436350026796
8628,414.7380060547606
8629,697.4456145220795
8630,721.5375014982671
8631,660.7514304173254
8632,390.38231046424323
8633,703.8438811102425
8634,301.80525769247845
8635,729.2652087263624
8636,718.9444084090726
8637,704.8985926547807
8638,720.7106275031795
8639,416.0980443932335
8640,695.2606585889962
8641,392.34656566343665
8642,718.8670634820465
8643,681.18887326947
8644,679.649330991493
8645,690.9157972223788
8646,742.794172521167
8647,700.2806164653268
8648,736.2654196641165
8649,556.4411250245594
8650,701.6469029646721
8651,672.8988195807596
8652,674.3607454306457
8653,721.1419457224247
8654,742.2655663404602
8655,694.5144647034488
8656,748.9107789173527
8657,700.6279164377027
8658,739.679139080218
8659,845.0053894439925
8660,686.2781758733079
8661,401.68327115830823
8662,648.0438471136439
8663,692.6755029945144
8664,749.4867204944512
8665,698.2489056397396
8666,299.9199394209612
8667,415.6600550189291
8668,821.5159077968822
8669,668.6092116742406
8670,774.1088191635278
8671,732.1870051685504
8672,723.0912074747051
8673,414.75366522072045
8674,706.8913191044608
8675,718.6456935529878
8676,266.5420712208652
8677,689.9743364784398
8678,705.2585935111288
8679,375.05515719882186
8680,646.0522803032964
8681,316.3931400616292
8682,565.409089642658
8683,687.1137297985739
8684,846.0729440692729
8685,731.8984890852487
8686,382.4164156637444
8687,680.1975447357165
8688,406.5265580549931
8689,303.76351011785437
8690,386.8282994630231
8691,741.1460213164119
8692,731.8592115067697
8693,682.0197220547692
8694,724.8082518157001
8695,298.82694443427545
8696,750.2600883293867
8697,750.1270529874121
8698,300.71606346185996
8699,716.2965038270465
8700,307.05918015243367
8701,210.03210587873855
8702,662.2299206317805
8703,672.6383955021653
8704,680.3290874403707
8705,722.4533090416236
8706,399.25997939394875
8707,677.9915196512983
8708,409.39825118091187
8709,852.7915577145202
8710,672.9471526521207
8711,180.91024154835736
8712,652.0736277308487
8713,703.9412093564204
8714,701.15597170267
8715,849.824394296327
8716,315.0643593524106
8717,834.9175189493583
8718,649.9645526402912
8719,748.9938825341512
8720,686.8274864588627
8721,755.7508375780029
8722,702.3508114268146
8723,293.8749960829392
8724,714.8854506346889
8725,724.4864458939828
8726,852.4241167695125
8727,685.7026606844718
8728,694.2856207625983
8729,401.4223049475636
8730,706.6110953679397
8731,749.9972417438496
8732,403.9470598435528
8733,705.6562105937112
8734,401.1946604763959
8735,674.0335115281038
8736,855.5748544766025
8737,743.6099757566271
8738,731.6312437933567
8739,770.4986331530321
8740,730.8618811514734
8741,294.41272295015284
8742,649.5217934880135
8743,704.4494424123933
8744,707.1438130049136
8745,703.3293852653803
8746,720.3856510841669
8747,830.824878628053
8748,726.0313501065273
8749,394.8265468314767
8750,668.7303374924159
8751,763.1943926511851
8752,298.2994238096111
8753,466.13418493979793
8754,676.25839912811
8755,255.97797496715555
8756,668.6237305827943
8757,846.8954607525884
8758,694.7810550384467
8759,208.39180766156994
8760,703.7442670934022
8761,724.6436319872986
8762,403.1333833308292
8763,680.0825908342215
8764,411.0855282722209
8765,697.1100400867346
8766,679.5879365200067
8767,351.62155610050473
8768,734.9897856985734
8769,678.2674171585026
8770,714.5946247664485
8771,725.2098233711124
8772,725.3475244928879
8773,680.4996985558209
8774,403.40583619081985
8775,729.5561972227318
8776,720.9125748876987
8777,670.4376152728277
8778,668.1583484423821
8779,708.54778946729
8780,651.9806372378134
8781,668.9264105945658
8782,682.9493085065241
8783,407.4014693650326
8784,304.19525038155274
8785,726.7179070034938
8786,702.6680225700625
8787,742.7592302874672
8788,690.1231058464231
8789,661.3717791696328
8790,762.7277761967192
8791,704.7521864837414
8792,313.93913119239073
8793,706.2425160533294
8794,737.7993262638632
8795,677.9382199146612
8796,830.6412171321546
8797,672.388163814004
8798,736.0640278052562
8799,403.12297400981544
8800,753.1024381798229
8801,669.3189865583798
8802,671.3173183214033
8803,672.1607491948469
8804,409.4557292786648
8805,738.266933379968
8806,721.2935074177949
8807,706.1966467166401
8808,709.4481049446268
8809,287.74305483780097
8810,807.5763768151185
8811,716.4898611826966
8812,719.0413428064982
8813,693.716604884021
8814,697.9513698260322
8815,685.1384036342968
8816,743.8031975719939
8817,665.8384244050364
8818,762.6982849094401
8819,688.36383953248
8820,415.1677764431082
8821,698.9132997680971
8822,651.0421457799122
8823,680.7894012042887
8824,735.0252787845714
8825,716.1317427255052
8826,676.5718951562379
8827,670.5249067668925
8828,717.3769396994253
8829,460.03100409670446
8830,401.9003130377112
8831,726.732044029022
8832,299.18349409129297
8833,753.4380097948753
8834,681.5714066979364
8835,400.0892538216474
8836,849.6262612898125
8837,388.8784027242359
8838,302.19864460880154
8839,682.7307274297879
8840,301.14441362370246
8841,400.4744404550615
8842,740.4251636141662
8843,711.5960363472221
8844,717.0051281001755
8845,714.6796577034755
8846,696.8830425732391
8847,737.8058554770616
8848,297.23237979047474
8849,704.7657967919065
8850,850.5634080611749
8851,742.5162321686599
8852,673.3500661684861
8853,651.2185684010639
8854,203.14134333230385
8855,396.762140637188
8856,697.3323601574449
8857,753.1797893181434
8858,717.7730595923296
8859,488.25374654717984
8860,296.9100090230568
8861,725.8754598718003
8862,417.7353667382446
8863,752.4784761248868
8864,846.6651436815891
8865,746.0642785411583
8866,735.316952097456
8867,696.0081520447541
8868,717.698960707968
8869,309.9119129968475
8870,297.5713855923058
8871,455.59747430329423
8872,714.7472687243439
8873,748.3468628877823
8874,382.7742760369726
8875,738.4467838954145
8876,681.701292174463
8877,676.1869128293409
8878,826.0662666369127
8879,239.46694109096723
8880,680.9214312678996
8881,300.64357979486124
8882,415.5760131481162
8883,665.3940399056871
8884,713.5685753561515
8885,737.0353154851219
8886,771.4211692055148
8887,735.3160675653149
8888,706.2677545185771
8889,704.4210784913975
8890,725.9278899503987
8891,750.2618779380423
8892,699.4949539960785
8893,674.3281351252784
8894,397.05978673919054
8895,750.6302648763917
8896,707.9738334186403
8897,702.87287773636
8898,674.9138501993657
8899,688.9548987058888
8900,301.76385436461175
8901,290.7999002452633
8902,680.5171983754345
8903,427.73887559342387
8904,402.1409204395946
8905,672.3845841745385
8906,688.9245480922343
8907,726.2490325212405
8908,767.6896206555768
8909,339.58753535174804
8910,298.9014792380198
8911,671.1986090653646
8912,675.4349716882502
8913,299.3609098288757
8914,302.900384970718
8915,738.1052604655308
8916,701.2182340500401
8917,296.85623839253736
8918,703.446401972872
8919,733.2578149415565
8920,540.6527020852218
8921,767.4888244840749
8922,705.617411076097
8923,721.7301568546808
8924,718.4870565108756
8925,709.4602297753505
8926,659.1914165037418
8927,740.3111523336416
8928,638.3580302531691
8929,714.0052511669625
8930,528.6934095141386
8931,684.6154378945289
8932,341.39602607776214
8933,774.8095236791785
8934,407.27765828785834
8935,711.9931373826979
8936,740.5750613249893
8937,744.5448922530479
8938,382.57273335311703
8939,661.6103248197977
8940,710.1907269387278
8941,749.0963491783136
8942,677.0802140412776
8943,685.9853279598506
8944,165.17914539916984
8945,707.6974780365334
8946,653.1402313514338
8947,679.8928449801256
8948,850.7591811921369
8949,707.469483616248
8950,739.200735660882
8951,747.3450178046442
8952,701.6711897113443
8953,305.97849833638685
8954,698.0352364160399
8955,681.8889944999519
8956,752.2702111897923
8957,836.627073379525
8958,319.1028087478283
8959,660.8969899156078
8960,708.2422552547747
8961,698.7938492957192
8962,667.8052296978857
8963,246.31245666768325
8964,787.2490105711063
8965,742.2615135237647
8966,658.7882380063793
8967,702.9503475939661
8968,753.5451501688672
8969,251.96848217199096
8970,682.1465069130116
8971,689.8910272836645
8972,700.8622563634594
8973,721.4583439475529
8974,681.226336536265
8975,715.032493789995
8976,706.7511253405053
8977,403.95687182555656
8978,208.39237972266284
8979,730.0805364861939
8980,680.4412803241502
8981,409.7680466549374
8982,403.31941943333686
8983,158.85487151497443
8984,695.0734070115885
8985,662.1879663581201
8986,694.261143384051
8987,683.6089704598008
8988,710.8412971933906
8989,709.1159392714842
8990,707.1358954051186
8991,749.1111130603612
8992,265.3070199963356
8993,684.2495550720373
8994,198.72103964984876
8995,727.2449773138591
8996,846.1896009621414
8997,783.6791896628661
8998,681.8138339619378
8999,732.8411018033017
9000,409.9106546005713
9001,719.2237608049434
9002,699.4563081559756
9003,720.6211213024973
9004,641.3517132217478
9005,677.2358212278621
9006,679.4268988295617
9007,731.1055854964001
9008,536.549402628216
9009,305.458723166174
9010,740.553916377219
9011,678.8395985810623
9012,707.6388261127106
9013,691.7239306100013
9014,686.9450610423878
9015,657.29188199129
9016,681.1380542287778
9017,685.0884324927716
9018,294.5459602304762
9019,674.2706151469258
9020,704.0458594645843
9021,240.26887202043133
9022,695.679287286809
9023,703.2219955823297
9024,492.14717374506745
9025,402.42047222295827
9026,300.70936212113986
9027,569.1687822531349
9028,404.33366749332515
9029,290.7944813713318
9030,502.21060409636675
9031,726.6682760547733
9032,681.6803846982726
9033,715.7391555745367
9034,754.1898883066333
9035,704.9482589919896
9036,722.7628666514486
9037,722.6877191849519
9038,734.6018344825588
9039,693.5026413582032
9040,308.55886218968686
9041,727.9152655719394
9042,400.24617685116215
9043,729.3933155222404
9044,405.671615271508
9045,264.9189981581096
9046,143.27788560295232
9047,683.5763431733541
9048,770.4176547716847
9049,706.2370967065059
9050,395.1209978552064
9051,695.4632381372638
9052,727.0240115003093
9053,699.1985226117996
9054,723.1751623293344
9055,751.2805689062512
9056,667.5374649702596
9057,439.07330946984325
9058,306.2729324121104
9059,404.7297444857615
9060,170.78994118026236
9061,699.766197034997
9062,710.1300143534598
9063,755.9542798978323
9064,545.900787292862
9065,848.0589013460592
9066,692.4897440769635
9067,725.0815818930663
9068,403.12172661596577
9069,674.7807891144262
9070,696.8478788919506
9071,297.781343960177
9072,726.713971322112
9073,390.5913856445001
9074,311.27660477784104
9075,708.5162753889181
9076,679.0159659624553
9077,318.7118491354314
9078,742.0814015500584
9079,746.1143846829701
9080,709.7420692748273
9081,293.14958784737024
9082,844.9506411729611
9083,731.4884153564395
9084,682.6613951731213
9085,681.2040772603526
9086,846.4021503500888
9087,721.3071330615176
9088,549.2659360374818
9089,693.8520182665917
9090,296.34662367112225
9091,752.0289649402185
9092,706.4353098783375
9093,302.2151621954599
9094,675.477496493993
9095,701.1884092327202
9096,850.7971481005472
9097,708.3076788980106
9098,783.7575757681623
9099,699.229718730039
9100,789.9678331501764
9101,818.4673059626109
9102,732.5674550284608
9103,672.846006394357
9104,695.6563768981708
9105,685.0439286238461
9106,749.4897446809479
9107,668.2662032016183
9108,749.329467990156
9109,766.8088486180088
9110,298.48043574852966
9111,696.8566673944672
9112,200.58930539449636
9113,716.1518248008963
9114,303.18837273384423
9115,676.2092543280912
9116,721.3928729346837
9117,675.5277416307479
9118,215.22281258392604
9119,754.0632157578613
9120,699.6127994454639
9121,738.6814479279191
9122,404.3126235020465
9123,300.666113863584
9124,702.3019615180648
9125,708.3854389734876
9126,299.39374930836215
9127,718.902921040361
9128,845.3055655236961
9129,831.1166863666301
9130,405.07157632823026
9131,747.2207624823822
9132,290.7664105590096
9133,292.7154478863418
9134,764.2967963482866
9135,775.4109080268987
9136,225.5490945915937
9137,650.9129500656261
9138,718.337993508074
9139,644.789635509333
9140,695.2712564698048
9141,720.4794509694087
9142,740.0310449446797
9143,753.5025531835824
9144,675.5807172934907
9145,730.644913628963
9146,782.2284967631817
9147,748.7768710380969
9148,679.8475339367044
9149,722.1863488183013
9150,725.8952331849804
9151,848.885170897436
9152,662.3207732727768
9153,682.3425919133376
9154,483.7400555978357
9155,673.0623022750933
9156,234.67610217922044
9157,671.0323588635885
9158,729.4176098153165
9159,616.0458528147742
9160,653.7706966290657
9161,670.8077930294563
9162,748.8722166314819
9163,693.0410315117186
9164,839.9757615210937
9165,724.1570985438592
9166,710.5952098913446
9167,489.6733264891824
9168,715.3044946957939
9169,407.55242722765666
9170,741.8423559596858
9171,234.35876891557592
9172,400.2153324516359
9173,713.8597923576637
9174,297.3156248711713
9175,741.0956219544577
9176,655.5983237972991
9177,308.4243126053248
9178,744.2689543062011
9179,684.5097207749424
9180,837.617688640985
9181,678.8449814269927
9182,682.4974848349825
9183,297.6671983730994
9184,734.6261936077527
9185,433.5092020528464
9186,729.0480399979936
9187,701.2957688533282
9188,846.8654765669136
9189,732.2047394416524
9190,740.3789209839659
9191,707.4364366224688
9192,679.7210826247616
9193,486.0546819458249
9194,680.8902654488987
9195,376.98154169588236
9196,679.3050686607405
9197,680.6221310998562
9198,743.843502835116
9199,703.2658407803066
9200,677.2530478363891
9201,308.9801030355764
9202,647.671220428869
9203,667.8469490567882
9204,385.6009613215491
9205,770.3360095513618
9206,685.3158273671258
9207,841.0016148657395
9208,710.5922072455543
9209,700.4918548075409
9210,717.1144970609826
9211,722.4796962826175
9212,299.6434372536993
9213,690.2734949135449
9214,400.15907444511413
9215,740.9652718330099
9216,661.0566126423074
9217,688.3030170032933
9218,399.3730867450507
9219,758.1747196522299
9220,239.98416148939606
9221,695.430908517115
9222,711.0613251776617
9223,657.5116406124189
9224,743.4486977671578
9225,304.0428801388653
9226,258.45148638130644
9227,696.076112391533
9228,497.45196522421276
9229,704.4586291719555
9230,826.7357868563004
9231,737.9918256127904
9232,751.9498413579381
9233,414.3262202794986
9234,719.4460319110021
9235,672.6349503353556
9236,300.5984217464767
9237,710.783508849503
9238,690.3945246492981
9239,657.2775489271208
9240,409.3259269962308
9241,693.9837654045623
9242,301.028061817944
9243,838.9604729223435
9244,294.15866894684126
9245,740.7467137747315
9246,709.3120331750881
9247,686.5032604402246
9248,687.2125926398783
9249,702.5258067532222
9250,397.5737413747415
9251,296.33513271990347
9252,705.9127616402683
9253,670.3602860544581
9254,807.9817449052824
9255,843.0454257200715
9256,675.3630286726427
9257,307.10008413649416
9258,707.331010938108
9259,849.190357196296
9260,629.1308403867208
9261,756.0936593989719
9262,234.9180239313094
9263,777.2794573537166
9264,659.4512155860157
9265,705.1776995690393
9266,742.1345622126688
9267,666.6354363684566
9268,652.8158465386399
9269,752.689808734158
9270,693.8974783511857
9271,651.7718245574886
9272,738.5550289872509
9273,267.66551883078193
9274,399.5624298902521
9275,815.1329181968572
9276,772.3870388825039
9277,686.7207465929652
9278,681.9586675256758
9279,688.9122668710905
9280,795.5339606801191
9281,695.7392900764834
9282,309.3564924013079
9283,719.9041206172842
9284,667.8793932897728
9285,715.0420353835084
9286,724.4497686102101
9287,300.404191160354
9288,668.173023523743
9289,763.0767407345945
9290,400.04073816270267
9291,667.5788670997512
9292,726.2299147211284
9293,718.7031945537987
9294,396.33207956835156
9295,707.9858815702445
9296,332.4151105027614
9297,725.4121168774366
9298,659.8686615769742
9299,702.3077462559748
9300,707.4182958091906
9301,765.8757126057336
9302,690.5558726031887
9303,679.2711627398259
9304,405.7465462434798
9305,730.4664458143926
9306,304.3628967357274
9307,299.5146055919001
9308,704.2840390380034
9309,405.51441325430324
9310,635.1978955874232
9311,675.0702058299227
9312,740.4605314125585
9313,726.6997214954457
9314,309.9360002578791
9315,687.7594944285619
9316,608.6696612935369
9317,703.1175562812608
9318,263.61507314797245
9319,700.0943137008665
9320,656.910006050297
9321,694.0431612705074
9322,756.167054149412
9323,419.9046912614847
9324,581.2626338117919
9325,404.78348519778945
9326,192.38205565555626
9327,715.0428780518189
9328,265.03124765627354
9329,686.7881289455496
9330,695.0245516857731
9331,698.0363476352032
9332,718.7543814557429
9333,751.6790549737791
9334,184.46527079902705
9335,675.1851398826923
9336,750.475401035998
9337,776.8926618520379
9338,717.7531547117233
9339,723.3668136304254
9340,693.2092113447728
9341,680.7136149103833
9342,731.1995831894425
9343,716.5007914738945
9344,293.19009334207715
9345,306.7309504854166
9346,713.5319007882207
9347,669.0271644037252
9348,738.5427834212451
9349,636.0569742600541
9350,389.5209388887448
9351,723.1887213031521
9352,397.566618368
9353,694.3671651903474
9354,705.3043649445688
9355,697.6461470080033
9356,694.7584794027251
9357,694.16940147787
9358,768.9260136049778
9359,685.2374429495072
9360,706.5386888290357
9361,686.1854965187605
9362,735.185604640707
9363,170.50072289737665
9364,686.3834274529219
9365,759.0283852971409
9366,678.6368475881426
9367,652.3793563316167
9368,667.4752947646473
9369,674.0462598306796
9370,715.0441646675755
9371,775.005517000918
9372,710.346573302188
9373,746.2765060317666
9374,696.6862933259215
9375,677.3864050185874
9376,701.7568022301524
9377,741.8272652550395
9378,711.149640168496
9379,677.9442362271038
9380,729.6047110527816
9381,393.96534936486756
9382,659.4778001092424
9383,611.5587727730112
9384,663.2021585480101
9385,691.6140220911797
9386,303.4488876414277
9387,394.89749585944963
9388,739.6725657602307
9389,704.1120669901424
9390,749.9161883214181
9391,751.2035841130665
9392,712.6583034505683
9393,847.187282188244
9394,741.5409519247788
9395,636.8764691308758
9396,688.3125027887081
9397,676.3354949666269
9398,736.7599783304289
9399,753.6840934657382
9400,723.6745949417394
9401,663.3561956548508
9402,398.6695620755939
9403,750.7260743250192
9404,419.02230992798013
9405,652.3730305093318
9406,677.3159137117946
9407,738.5498579068048
9408,722.4955907967283
9409,810.6950644223534
9410,711.0478649786296
9411,413.80866708119413
9412,293.51367357038487
9413,735.0730960616661
9414,834.6270807150495
9415,646.7668283240595
9416,699.3562697414362
9417,315.8362096516489
9418,680.6118682873367
9419,675.9755510264312
9420,699.8890653148944
9421,741.2584071200148
9422,709.4476108857302
9423,756.0166366787934
9424,722.7388877545865
9425,690.8448783609662
9426,716.9419086565184
9427,678.1161293548446
9428,248.99213665533546
9429,295.2508234803428
9430,718.5268519760444
9431,298.05159437155186
9432,734.3269245448221
9433,828.3699927809189
9434,700.5270332711613
9435,301.98787116964564
9436,590.8349601315207
9437,733.1411545173759
9438,670.9568026941353
9439,228.42620695139942
9440,420.08542015698094
9441,686.7539220908224
9442,294.490150312339
9443,433.1707829367529
9444,682.5648505211842
9445,396.02326627789665
9446,679.555258764143
9447,308.35869230463555
9448,678.0098708634525
9449,712.3062446445279
9450,771.711374004919
9451,399.8061191631495
9452,697.5799871598466
9453,707.1450740714006
9454,684.868861894594
9455,653.7033287609717
9456,393.47816166167115
9457,714.250270160293
9458,731.525198794606
9459,751.9048079396168
9460,315.0681656935664
9461,730.4995577967004
9462,695.7144587553526
9463,702.3487376049744
9464,311.07107395701297
9465,674.1014096113237
9466,703.1028540571518
9467,700.4157245553309
9468,703.0703102845097
9469,598.0580655857079
9470,706.8339023154251
9471,326.84495138687726
9472,298.7739463710172
9473,683.030804210736
9474,692.4138087183701
9475,679.2001394942374
9476,706.6214306715925
9477,767.0630129249146
9478,676.6883106220308
9479,754.3535751292586
9480,402.69301481434087
9481,770.5386614471284
9482,674.4386764576901
9483,299.6197681282075
9484,696.5604947557357
9485,722.380409551142
9486,305.8835624683901
9487,677.7451033228404
9488,700.5129028258025
9489,731.6562757763724
9490,733.3693916923971
9491,663.0078115022512
9492,703.9403144089509
9493,688.0459073781947
9494,749.3724125504312
9495,707.2445548586495
9496,752.718172109757
9497,407.02706186602836
9498,742.6893565521326
9499,402.6716291443503
9500,701.5726493570785
9501,328.28649505356935
9502,717.6946640160962
9503,654.6152397366196
9504,294.9065016479318
9505,844.5935850711613
9506,720.9965764720706
9507,727.7126236553179
9508,399.41160416663996
9509,292.48395085632154
9510,733.4821173788338
9511,302.90716207478425
9512,693.499237417221
9513,662.4221514092441
9514,759.3209975402228
9515,740.7132774678603
9516,695.1411839366586
9517,400.9919126475663
9518,704.9907221692343
9519,729.8981531634093
9520,685.3692004157091
9521,735.897983428218
9522,677.5584199104068
9523,718.8382472234853
9524,659.2350961857602
9525,632.5701312919097
9526,710.3499795074329
9527,660.1768710415587
9528,395.4748550022995
9529,726.2799836696746
9530,367.8572239042181
9531,322.52262030039833
9532,723.1276337313997
9533,701.3789211207164
9534,828.7739848106935
9535,306.42232832041674
9536,297.54315225472396
9537,691.6755374142599
9538,765.1955329746847
9539,400.4761832213764
9540,292.51022635559406
9541,433.9011494550633
9542,686.8579723483253
9543,720.760020952183
9544,724.1854570577812
9545,704.6041554241899
9546,690.3235983142388
9547,553.0334594076047
9548,721.6825202302095
9549,398.34765018787874
9550,720.6868163590902
9551,682.6477754380433
9552,660.2539920002866
9553,738.731728201418
9554,680.8211971921544
9555,713.4209471340328
9556,676.4698588839303
9557,299.75808714928087
9558,705.7287415996783
9559,721.3184423713597
9560,672.4304994242661
9561,750.9539467633854
9562,686.1910693876729
9563,679.193655039635
9564,648.2074295276623
9565,485.07503921228704
9566,735.3568049705938
9567,826.5920911647231
9568,664.3533519720296
9569,735.8347938976425
9570,686.0001426769862
9571,710.8231739312614
9572,277.9520198818953
9573,292.33446128603083
9574,761.4784353698755
9575,721.5502901958073
9576,295.3391639824154
9577,306.84624361585117
9578,417.6165258750618
9579,323.61071323427393
9580,716.5191930035639
9581,757.6229274992228
9582,731.0060555173023
9583,657.7744565288106
9584,719.3609688252052
9585,295.9569741984633
9586,707.06887114741
9587,403.520159278182
9588,699.5262280807461
9589,700.7955937602916
9590,692.6104923145226
9591,739.6739352136897
9592,705.2475576833538
9593,657.4427572689556
9594,695.5986634537581
9595,769.817532745883
9596,677.4948351350329
9597,397.0854822001357
9598,397.4445426009576
9599,697.9552683111277
9600,677.3898270812189
9601,467.63667869012653
9602,399.19012362158776
9603,751.5590785964727
9604,709.2282665263269
9605,398.67422580435897
9606,698.7882588990068
9607,725.9588403046715
9608,286.5936880924404
9609,695.2513704733694
9610,739.3731703045216
9611,756.7473575239193
9612,720.1691707642165
9613,681.8308029290843
9614,650.7203503519222
9615,677.2692811816796
9616,713.6306870023661
9617,694.550244733162
9618,397.9748824730931
9619,672.7492581994452
9620,707.7774881316532
9621,408.1864677042116
9622,723.1184923949716
9623,713.4088993995788
9624,401.10874068600725
9625,417.7273330660603
9626,721.1813323666984
9627,847.3910979091712
9628,764.8506257434447
9629,831.3667851239801
9630,745.7964289851689
9631,705.2719442442259
9632,666.7792871751337
9633,701.9624252047473
9634,688.3297120214573
9635,704.8887510381059
9636,728.0003435871404
9637,416.15765489766153
9638,691.9464804319341
9639,654.1477852511345
9640,685.6272439541276
9641,761.1122452996402
9642,722.6117903290059
9643,728.4796626537296
9644,774.4030804092919
9645,301.5418278044601
9646,735.7267991627627
9647,405.5846036271382
9648,416.51103961703774
9649,250.5306581238649
9650,673.121315869816
9651,686.0417493483426
9652,409.7679484837541
9653,706.111772401251
9654,719.1493837012417
9655,398.74064173149935
9656,699.3456681539737
9657,373.7071288199757
9658,707.6590040895128
9659,677.035035109537
9660,673.6475300244617
9661,744.6219112537689
9662,724.8515781622514
9663,681.120077469981
9664,662.2594698381902
9665,733.5395226953713
9666,754.4532029758169
9667,715.4819692879134
9668,230.1281911811198
9669,651.0922613894165
9670,732.1071983031763
9671,507.8866685821749
9672,383.7747369399006
9673,673.3978947314804
9674,545.7336051153807
9675,318.4472722733678
9676,738.2796735989301
9677,670.9750993337509
9678,711.6586002553402
9679,717.5070381645551
9680,725.7264087300691
9681,848.0283032403504
9682,404.4825613118933
9683,697.7519490394639
9684,419.4327400880247
9685,700.8477921035152
9686,709.7658248038165
9687,681.4998348303963
9688,645.0394457802308
9689,549.0395914246545
9690,706.527117845143
9691,461.8749442787961
9692,728.7190162153064
9693,750.5188163509391
9694,736.4415606701145
9695,750.1320026011232
9696,687.2199574141031
9697,723.4989347238461
9698,666.6640334799818
9699,407.6333481135728
9700,721.3130154216666
9701,667.0554927195602
9702,675.750835002697
9703,711.8180127424228
9704,676.3546964971525
9705,672.7801510401614
9706,680.9300182206455
9707,749.0510710275342
9708,846.7375397688824
9709,661.7062915387218
9710,497.7892223992145
9711,409.2363344166413
9712,631.9959904341961
9713,842.9313281069817
9714,742.3516365933403
9715,409.62668191497676
9716,718.496737734466
9717,751.784668741444
9718,398.02367986920217
9719,594.9817539768575
9720,454.94701324880583
9721,719.7728843996692
9722,723.2144944544814
9723,672.3424848466269
9724,258.29083577730074
9725,744.0723987885749
9726,693.7871679037445
9727,722.8255890835998
9728,678.3513482844286
9729,687.5552144900352
9730,715.6393680340457
9731,669.1465341982388
9732,690.4134325203996
9733,690.4166181307351
9734,407.6421003423988
9735,764.3004493324955
9736,284.5516635788024
9737,272.3445313838896
9738,772.2771165559558
9739,752.3707228024422
9740,555.8862113567778
9741,399.9938816089951
9742,713.3484941429467
9743,711.0948325586127
9744,702.8794160100886
9745,751.4544007406718
9746,709.1721527296676
9747,675.1379041058447
9748,142.34744370784995
9749,313.9767094570364
9750,729.8561941045557
9751,317.6344337313388
9752,834.6661668725471
9753,678.3661406665038
9754,730.2936472917686
9755,416.50189950130493
9756,730.0328978566811
9757,701.6660696276685
9758,743.2602469398697
9759,708.258506685707
9760,827.8723038265349
9761,690.3519000265381
9762,690.2322163226203
9763,699.285194988045
9764,401.1966310946882
9765,679.6766221821622
9766,654.9494013434609
9767,701.1645356187232
9768,681.0022151984651
9769,728.3305137588214
9770,837.345111798716
9771,704.3594331026734
9772,768.9808136471448
9773,776.8692823765936
9774,679.7831990566647
9775,181.91131283050697
9776,311.50239397908234
9777,737.5947301948552
9778,677.217762142325
9779,321.19743864753
9780,675.3173156228122
9781,676.7782991432413
9782,709.690415778264
9783,698.7733397781521
9784,679.878369533502
9785,192.75936907717806
9786,677.8704874744991
9787,300.3062566053578
9788,674.8604263731688
9789,773.3818128696867
9790,849.3582265330726
9791,699.9501494711479
9792,739.6585919201252
9793,709.1717761479995
9794,734.521028062535
9795,848.1726087417635
9796,674.2082208230393
9797,717.3538583541665
9798,704.9084589340949
9799,351.6705838378852
9800,403.63888420423984
9801,293.8446639460121
9802,714.8946441110908
9803,412.558914129116
9804,695.5055394386669
9805,678.6882377211706
9806,673.0269822908158
9807,693.0114206645744
9808,655.613807321907
9809,682.8246335187138
9810,250.8278883029351
9811,305.73537402559566
9812,409.76514931037065
9813,182.38819729359847
9814,702.998439302389
9815,754.9544156786643
9816,814.3370948442481
9817,822.2014488042403
9818,419.12700961781513
9819,410.9915329524772
9820,626.3744692307448
9821,666.1048067898175
9822,740.7534101695259
9823,749.4882170654188
9824,766.761566962274
9825,317.0662044800152
9826,703.6718434374417
9827,703.9245646367381
9828,412.13666686231056
9829,710.9669872661718
9830,660.5572634681606
9831,714.0049354622143
9832,701.1583123973489
9833,411.1487557585874
9834,507.76448045157406
9835,718.6390884006732
9836,666.3573110039407
9837,327.17681953989353
9838,703.0512817096056
9839,722.3009799730444
9840,679.566012146253
9841,690.3206617087599
9842,515.4854153131607
9843,716.4043199906621
9844,668.3748535189998
9845,692.4300335445631
9846,843.6770263187095
9847,303.1068703773014
9848,674.3449926184838
9849,671.4351887225096
9850,701.8194717967834
9851,748.1286797745914
9852,712.307121898914
9853,706.8877659881765
9854,686.7695890042969
9855,676.0156970677883
9856,689.9359171268097
9857,714.0987146602984
9858,424.74398533132694
9859,675.6169298801461
9860,679.8538392930701
9861,689.6606102876412
9862,672.7568623703409
9863,719.3170890511989
9864,403.7372737901531
9865,716.1908343827565
9866,679.2120963657109
9867,681.5835911033043
9868,756.0220826856596
9869,403.5164980396635
9870,409.03953512330116
9871,819.4151439001705
9872,684.9686654116439
9873,713.1341389694455
9874,781.8461976318013
9875,705.324643442892
9876,730.6649845256137
9877,303.5373835301679
9878,765.7586586005209
9879,308.74184897208727
9880,774.458475911536
9881,318.38627715206167
9882,681.8202530322959
9883,751.2988306110559
9884,182.38819729359847
9885,299.14676114493335
9886,701.5104972637517
9887,732.1988540053399
9888,743.1144833490338
9889,683.284240753725
9890,714.4736310811167
9891,654.551195935707
9892,706.990220638386
9893,305.04042754807153
9894,744.191849032733
9895,673.992878771125
9896,301.7444657837602
9897,709.8663230002397
9898,667.6021535275869
9899,694.436740421159
9900,769.3651238644029
9901,707.2081865810313
9902,682.6587884893099
9903,737.9961653012315
9904,669.1913531036142
9905,699.7311698331848
9906,729.9171976739649
9907,851.1083598785893
9908,699.5383105907573
9909,678.543660408818
9910,688.7037366256773
9911,730.7793191184087
9912,769.4688632076698
9913,701.6772073457198
9914,404.3862283018739
9915,677.4520308786679
9916,696.2606191974602
9917,723.9412566999891
9918,681.5235039220981
9919,272.3494666320792
9920,847.3444443747887
9921,679.8372268849427
9922,718.2797237295582
9923,180.03626565711488
9924,425.4650084598501
9925,681.9706896365994
9926,670.8399262540241
9927,686.936874978131
9928,700.8338235225476
9929,719.0361148001471
9930,702.286415109735
9931,324.8026832566924
9932,678.5099313331242
9933,695.1655123042734
9934,338.42876335338775
9935,707.552017692125
9936,728.3008140601565
9937,742.8447118425161
9938,398.70343246090096
9939,511.7549978720037
9940,706.965275432213
9941,403.3999261698107
9942,297.4043557207867
9943,690.124623813455
9944,411.08691796482253
9945,817.5802454624334
9946,686.44061395249
9947,673.5692968994101
9948,685.9865019455651
9949,654.5807271660386
9950,670.1054990357261
9951,655.8333998664205
9952,683.5082896505379
9953,717.7045086007147
9954,747.7615165131957
9955,737.140082237476
9956,410.50582328923025
9957,307.2796492693445
9958,528.5864716863159
9959,305.2678646661448
9960,752.2302490901342
9961,851.9738567558944
9962,775.524980029797
9963,389.79683060601843
9964,721.862545479914
9965,688.0002075520923
9966,764.3219969940516
9967,316.10788992171666
9968,838.5153799643429
9969,704.3605592294448
9970,720.2962159544593
9971,734.9210850257618
9972,687.5901613436907
9973,675.4648899373508
9974,742.6385974624521
9975,339.3898239379283
9976,761.9417818437181
9977,677.8727957662608
9978,665.072113617232
9979,185.03150033136342
9980,714.6613401708609
9981,340.3947640890231
9982,326.91831977059496
9983,691.970101458762
9984,744.9694785860893
9985,709.9095655258732
9986,705.2179427029922
9987,536.6418058401327
9988,683.6477642074669
9989,697.3260750033323
9990,482.2753548756548
9991,672.2079407441645
9992,380.41535672603703
9993,403.7701374126277
9994,752.3027225929903
9995,737.2686319155775
9996,734.2748866545794
9997,716.7762070475434
9998,728.2262671301431
9999,283.22626398483357
10000,724.9387802803474
10001,398.13514076548927
10002,689.1708748660433
10003,700.6072075604417
10004,717.9171467262295
10005,355.9210970850366
10006,733.2678957861605
10007,686.1491983313202
10008,724.2275315718174
10009,713.9259277919211
10010,725.3101570175445
10011,694.5114147432065
10012,716.5601650658903
10013,704.2641178467251
10014,679.5855898157752
10015,302.0281984035029
10016,304.20740525042976
10017,853.5052971949243
10018,848.5018119853585
10019,681.9224011089523
10020,724.1681293030027
10021,399.33083003361844
10022,675.620522372918
10023,668.0903564531957
10024,691.4874728421363
10025,307.5499100231528
10026,688.3400861256941
10027,399.38484665400244
10028,691.2286544573394
10029,307.6268307723077
10030,785.5938491522779
10031,737.5595041948881
10032,704.1371506341524
10033,406.35786264964605
10034,684.8631659546727
10035,312.39091030126275
10036,704.62844320599
10037,306.6192158271329
10038,717.8256788453873
10039,678.233188070787
10040,822.8158097746157
10041,839.1913124456474
10042,622.3151087631941
10043,729.737741888264
10044,693.2069065334827
10045,509.2458296008174
10046,369.50296743519175
10047,402.15637128106613
10048,719.1453212158518
10049,733.3377338434428
10050,698.0485361925072
10051,709.1560147209713
10052,293.40936469826727
10053,729.8932300606375
10054,848.5668879906112
10055,395.0372276940201
10056,310.60861223843966
10057,753.5501251659538
10058,661.8703730957367
10059,299.12813044650835
10060,674.7212518556584
10061,268.66817568424125
10062,297.65277841922057
10063,698.1730544265633
10064,715.213966470687
10065,723.7336968995512
10066,744.4653142433922
10067,730.865351231214
10068,751.1160382124724
10069,751.0869945882368
10070,746.5242393081278
10071,729.2610660354935
10072,712.88088248087
10073,742.2812631984642
10074,703.1310286427046
10075,710.2949033019344
10076,834.0754850945234
10077,663.3485992126573
10078,838.4335315924724
10079,723.9206591337247
10080,179.9286386773328
10081,679.3112907300805
10082,644.4618678681136
10083,676.6553756289725
10084,729.6827056630851
10085,715.8563694412105
10086,770.2818897833595
10087,416.95114689868944
10088,397.14504894829815
10089,681.9347916926334
10090,696.5238889735922
10091,709.7585064946298
10092,852.06302868419
10093,724.9371653930032
10094,741.0306117412904
10095,728.9373029868309
10096,222.55854177189872
10097,772.6727624058461
10098,732.1414024944534
10099,676.2824490004667
10100,274.5256990652846
10101,725.4450278791313
10102,293.8820501597183
10103,751.6845181985842
10104,730.4055320881357
10105,725.8591547104035
10106,751.2240376036541
10107,840.1718509861998
10108,674.7501279140384
10109,721.0314143570532
10110,661.520963336989
10111,687.0919893963352
10112,464.99065603733055
10113,658.5430534207559
10114,295.25542849082086
10115,706.9086438015544
10116,686.4265242439604
10117,717.7796108852527
10118,691.8881264435531
10119,304.6577062540984
10120,714.3372382576381
10121,416.3318200980435
10122,752.7394989332902
10123,656.4518481955346
10124,743.1749245933293
10125,715.6749028160195
10126,677.7928118686233
10127,690.3998981184513
10128,680.9411362032974
10129,851.1668528918613
10130,296.72801846678453
10131,720.4348387650831
10132,724.6829139629831
10133,691.6751960493
10134,410.1514107089349
10135,750.8683447994205
10136,396.4210165844458
10137,684.777870195489
10138,582.137584912234
10139,677.8860974037495
10140,683.5810758218624
10141,659.824480288415
10142,680.87045748609
10143,748.1019105204014
10144,709.3090094313634
10145,833.7167950935126
10146,671.0730788007113
10147,719.9023920700238
10148,751.3087081215529
10149,701.3808539255618
10150,656.8618705671121
10151,739.6353203274367
10152,821.0036863337555
10153,843.8330819891961
10154,664.2573857238096
10155,680.0129363642709
10156,401.88656324468354
10157,301.6204794866632
10158,610.9741256540201
10159,725.7439222950695
10160,734.5282875328921
10161,687.062084058117
10162,681.311095030786
10163,729.9235823357277
10164,734.4100186904657
10165,234.23160595818496
10166,336.45378498753155
10167,688.8862813792413
10168,389.63677333667954
10169,689.4599057714371
10170,727.158779778589
10171,715.9458947786511
10172,709.1906181833566
10173,732.9289888039009
10174,728.6218764031269
10175,732.7233511786364
10176,660.3394655846694
10177,749.4974367673834
10178,672.2725839115728
10179,704.524563648425
10180,684.3138204005846
10181,672.1277181125403
10182,397.8329605822251
10183,705.5075470733873
10184,731.0719513407314
10185,696.8784741300146
10186,738.5980421047146
10187,690.9683147000021
10188,713.8864795845235
10189,717.4389358519078
10190,751.9399243574
10191,401.872453409291
10192,661.7383919841286
10193,644.962559269749
10194,788.681027204798
10195,399.96116274059995
10196,691.424138505131
10197,709.6549009869736
10198,729.0057769234982
10199,684.0016232622162
10200,748.5797859152368
10201,178.86104977344377
10202,706.3466116064765
10203,686.0150266097037
10204,635.5178716292625
10205,247.51063334027805
10206,423.14867996361204
10207,709.4015708233854
10208,397.2890733340002
10209,726.6429397107701
10210,754.3866378104992
10211,301.58335721794657
10212,635.8061251712484
10213,414.22145941271634
10214,576.7424129407381
10215,278.9023942469316
10216,726.9724290435312
10217,738.5656279257624
10218,702.552395019628
10219,744.3710925229595
10220,742.9634023852311
10221,756.9554959969701
10222,706.4222417798493
10223,703.4435249325275
10224,400.20624748761657
10225,442.79946811450384
10226,697.6166955602415
10227,723.1180775775607
10228,711.8647785753817
10229,298.2635602348868
10230,689.1922489402547
10231,689.4211153302895
10232,400.48243318505024
10233,679.6778246997976
10234,672.2047139166076
10235,693.3892784871905
10236,233.62063697566907
10237,703.5354068672597
10238,647.083461253177
10239,698.7904717215216
10240,401.48930931723504
10241,683.878969101594
10242,226.18482504991937
10243,725.2592814569854
10244,387.6892959442872
10245,661.0129793143993
10246,751.3906890579094
10247,655.144363955402
10248,721.190111467951
10249,689.8631356356748
10250,333.95385063180487
10251,746.7573457740573
10252,676.2947922421197
10253,765.025276058479
10254,449.9777350143978
10255,714.3552397230807
10256,698.3935111226903
10257,725.4316463642941
10258,705.5965656316334
10259,709.5195844592308
10260,507.83276647236016
10261,657.2351880763048
10262,705.8952105641424
10263,712.8023784210618
10264,311.5448901805361
10265,705.4919731331108
10266,401.0179826475161
10267,729.7951616529253
10268,740.2102316388265
10269,732.4208556515791
10270,742.6825283745382
10271,817.7016496538831
10272,734.9223668251369
10273,704.7382458938343
10274,698.728095032313
10275,417.9892663742967
10276,171.210888849716
10277,650.4270543275261
10278,405.62832263820434
10279,709.9008803033054
10280,718.3173274770163
10281,730.4878179151074
10282,633.422887181015
10283,718.090033184461
10284,695.8222823592874
10285,386.7762505274253
10286,710.0128481069613
10287,651.7302670309876
10288,216.4873862315199
10289,733.488469651093
10290,731.9970163804553
10291,702.4379594589792
10292,731.5633723527245
10293,402.23415721430854
10294,664.4176185498741
10295,724.4422524737633
10296,750.0548509388138
10297,779.2908477245534
10298,675.7201183586793
10299,406.9970327337014
10300,699.0307709605988
10301,633.3427831178197
10302,670.3738182274443
10303,781.0000904366723
10304,683.892258300168
10305,225.20850462805663
10306,716.3889382839326
10307,679.5177682968955
10308,317.9288466583502
10309,724.7460431059868
10310,790.563777235692
10311,173.83513544617972
10312,608.7434601707297
10313,419.5765656023032
10314,838.882100778408
10315,692.2047197640089
10316,699.2903434072739
10317,445.0181339468976
10318,718.9551871921038
10319,687.3144032781735
10320,406.1624211537876
10321,730.9495611772875
10322,403.78862645095654
10323,309.28584446111626
10324,693.9201694993737
10325,681.9538058352125
10326,402.8395301913858
10327,670.8439028184713
10328,704.6481349447948
10329,698.5493776183175
10330,701.6708212125103
10331,670.701777010419
10332,843.7247920957486
10333,677.187079849283
10334,703.6443760124889
10335,163.8018042669063
10336,677.5370858119645
10337,668.3944730341798
10338,301.2050351516603
10339,314.59856410668175
10340,702.839328860238
10341,829.8851323761936
10342,688.36782440309
10343,752.5758748942619
10344,710.5634482915351
10345,722.1058060955938
10346,745.9328517857099
10347,698.3954742269389
10348,523.8795524958732
10349,735.8528767963757
10350,710.6908835958801
10351,661.4857369838303
10352,783.4322568453446
10353,695.0282228401921
10354,845.5704707492034
10355,705.3434556046359
10356,672.4438953317158
10357,695.2092641260894
10358,695.5233410318624
10359,696.1517641292548
10360,703.2009703661648
10361,652.2532318049299
10362,142.23791145983478
10363,707.7741401938491
10364,666.1147009951861
10365,313.17415898355375
10366,675.9301026095387
10367,640.2147434269122
10368,649.221843353308
10369,293.13193232286324
10370,684.7011068735357
10371,593.0930882181701
10372,298.0137094441933
10373,710.9751171698191
10374,304.57552666270334
10375,695.387810308014
10376,687.8930232252521
10377,300.5449968401451
10378,649.3290201431903
10379,409.47210876955734
10380,689.6490861157657
10381,651.878518436091
10382,408.6948798541691
10383,712.338765362449
10384,697.0734163265997
10385,412.8323592948092
10386,662.727430745445
10387,746.4723138680143
10388,775.3734650879526
10389,714.2337308593194
10390,672.7119563223914
10391,677.9947165711953
10392,301.3711186973228
10393,828.678698427796
10394,300.5338482521158
10395,299.2706024101448
10396,751.2265375196929
10397,748.4736693548597
10398,769.2596698303915
10399,739.8183678705967
10400,739.4527889856288
10401,731.9667863294532
10402,841.1111878929654
10403,786.8929024108957
10404,295.351338290354
10405,812.1669467885531
10406,851.0014997730258
10407,713.723334535389
10408,402.2277610643242
10409,717.1258698164313
10410,680.06386291819
10411,290.82595923500855
10412,409.04175065173905
10413,723.9921122807104
10414,687.2663475399245
10415,518.805737929152
10416,684.8125638129719
10417,682.3455361206354
10418,702.8356289241289
10419,303.2432246951515
10420,746.1458233094772
10421,194.52965066939248
10422,706.3097871834058
10423,662.9501692949501
10424,782.4694002221789
10425,678.0343522927584
10426,786.8640210647395
10427,671.4466150933955
10428,698.945018395763
10429,710.1203308334796
10430,642.9248279643704
10431,319.56708310064255
10432,397.40479884888254
10433,682.5140884338659
10434,677.1746923357126
10435,747.3697935592545
10436,303.2801575878724
10437,407.9406163505851
10438,681.1295440411469
10439,290.93501213433893
10440,702.0572760654712
10441,397.08328138925367
10442,680.9305709849102
10443,635.9819882060898
10444,763.9391921253363
10445,847.8389544522897
10446,685.845090430009
10447,674.3772921671323
10448,669.9298981026177
10449,416.57034561499586
10450,680.6144468685161
10451,751.9118172860133
10452,416.23750626225046
10453,713.0907286787278
10454,822.5134787142149
10455,301.4838399199754
10456,703.677615950674
10457,648.0842479150256
10458,179.02718121440898
10459,255.57762048474342
10460,693.4881787573664
10461,684.9600301293004
10462,721.481920873354
10463,305.57391475223125
10464,672.1454346429231
10465,743.632940691204
10466,822.829050777388
10467,829.5859017759567
10468,681.6733600315691
10469,729.3450606522464
10470,773.1460709436325
10471,684.4452473898165
10472,680.0002137804779
10473,745.5309799204974
10474,659.0388929194085
10475,312.52310858318634
10476,309.96064276015585
10477,415.2999561405815
10478,700.6028220935611
10479,732.393339978129
10480,770.6589437913158
10481,809.9515550212744
10482,229.33094604656702
10483,298.2732698637183
10484,708.87742029909
10485,743.7635692516319
10486,693.3566588590456
10487,750.9715413620694
10488,504.2109139844023
10489,169.18002208679218
10490,321.5616619598877
10491,668.7890376638762
10492,191.76406191609357
10493,849.126694042637
10494,710.0657983077629
10495,845.2184422472017
10496,704.7521499678257
10497,722.2383027898115
10498,744.2016468589652
10499,765.5882462212492
10500,738.8292806627582
10501,680.7312099958818
10502,706.2256439305397
10503,667.7330287750822
10504,718.7968385451701
10505,651.4608752410649
10506,674.0303075714453
10507,839.8723495207994
10508,296.7510051167636
10509,678.6658837269734
10510,485.75964498486167
10511,812.6983888959057
10512,731.6959698955942
10513,687.3130181181253
10514,667.7956442203641
10515,740.0038543878444
10516,746.1274867626499
10517,750.8036630998345
10518,701.0543387179575
10519,702.195018484774
10520,652.0379001784087
10521,771.9970577626497
10522,303.7403767178668
10523,746.5170766855717
10524,731.0616603922346
10525,293.5838478566242
10526,684.4411685588083
10527,710.2295747544134
10528,685.099155205665
10529,680.7218485000886
10530,182.34056209817732
10531,717.2752543542467
10532,827.5091178507975
10533,401.7337918066712
10534,667.5284426246483
10535,841.5602788535016
10536,703.7278744388634
10537,674.151923165937
10538,707.7858131611732
10539,704.2816037033497
10540,379.1848592510111
10541,685.9643990719268
10542,690.9008982135945
10543,723.5598332402913
10544,717.6543448566089
10545,738.3067644785485
10546,845.1696018593095
10547,395.4721820362384
10548,269.56451283868597
10549,329.5723155944897
10550,400.03974616750594
10551,683.877412119009
10552,697.3963923041784
10553,704.5340628134967
10554,219.3544703133956
10555,753.4575381702119
10556,638.2037008316075
10557,284.92701837479865
10558,673.6426228266655
10559,295.2320973460139
10560,750.5816224702519
10561,330.8505979881308
10562,301.2661942451631
10563,740.6429758452746
10564,731.1299532516795
10565,757.5629361187945
10566,716.5181596484498
10567,300.21283165219654
10568,827.7566707925607
10569,682.5642203861948
10570,763.1775462557234
10571,635.1774034817456
10572,699.0063028823308
10573,573.9937852039641
10574,696.6094700035218
10575,718.3501969119937
10576,834.1569811934054
10577,675.6826784177558
10578,709.4009648262338
10579,306.4937780503793
10580,722.8936360328488
10581,389.02794241504887
10582,820.5919354722457
10583,394.0760419561798
10584,683.3834020551409
10585,399.30615380690506
10586,399.45564416836896
10587,746.1993655012075
10588,296.68791522540937
10589,719.176972861093
10590,799.853254731145
10591,672.9951835800734
10592,736.6850675447793
10593,729.4880067684793
10594,719.6799332721528
10595,648.9129670594676
10596,688.6236233670003
10597,302.09382602126465
10598,760.7178107116852
10599,690.4551931822198
10600,306.78995794183294
10601,295.14514151614213
10602,295.98217300890974
10603,666.4740970996435
10604,649.610479588795
10605,764.3342035797332
10606,233.7635098638637
10607,753.2202518661081
10608,726.1739032664666
10609,745.0919492380368
10610,688.8836159555769
10611,704.7777331789254
10612,673.1999291413834
10613,705.007086277865
10614,695.4481527536866
10615,704.8795977326048
10616,404.92967147404266
10617,718.7711244402643
10618,751.5402942632961
10619,674.1162484746918
10620,675.9540233501566
10621,838.724429959899
10622,718.7589047984106
10623,649.0091628377464
10624,417.5352208195727
10625,746.3710129298197
10626,291.30042053592274
10627,694.3652156155088
10628,696.5803758560729
10629,708.6095434333952
10630,769.9915384210271
10631,747.929882755452
10632,644.3640383268048
10633,407.31762751083943
10634,688.3149774726502
10635,225.9165550429786
10636,730.5289821955273
10637,680.0798585532708
10638,708.8598154337358
10639,403.9915977598557
10640,717.4468440813511
10641,413.7925935031587
10642,852.924015749829
10643,816.1037154347911
10644,677.4424698320573
10645,703.102613156409
10646,735.221346721092
10647,772.9722806374324
10648,716.1396893946735
10649,401.8506350347998
10650,727.7535600746033
10651,416.1962736845827
10652,710.9904503354746
10653,685.9752309266174
10654,296.34913661275164
10655,395.60057023228535
10656,737.8242933815287
10657,678.6457615818176
10658,688.3274544509343
10659,703.165231008729
10660,315.8311918847623
10661,413.50388225443123
10662,697.2713464151444
10663,647.2874545980069
10664,707.9507940579922
10665,695.4726675811584
10666,724.4946538835757
10667,329.8945462736047
10668,675.8307401198072
10669,412.6051311936453
10670,678.1915940960342
10671,564.1989239118287
10672,405.4269567741004
10673,715.2859379987304
10674,693.9707951437592
10675,679.9130956014321
10676,411.618402393269
10677,717.0631036179135
10678,736.413169241608
10679,678.6227654211422
10680,677.4449598242319
10681,847.0872812520479
10682,678.278527194459
10683,660.9089282888357
10684,853.5433332409544
10685,677.4515384948736
10686,718.2848692671778
10687,701.6920468691405
10688,717.4725986960974
10689,667.0938940852325
10690,406.3892535209126
10691,741.8501278619938
10692,667.5293950767137
10693,736.7772371905617
10694,729.3104616268304
10695,694.6795245753607
10696,680.2272486050259
10697,736.7354957596409
10698,708.3061082871609
10699,359.95070543075786
10700,700.9474080255444
10701,837.6834367313365
10702,294.4809787924948
10703,679.0165320658949
10704,754.3989129374462
10705,687.5945519698679
10706,715.9708058852949
10707,666.1002204785574
10708,682.8968681044705
10709,675.6160175508959
10710,727.9002010045133
10711,695.0909137960368
10712,729.3730291469851
10713,679.1177086600279
10714,641.2119384446246
10715,671.7156854870436
10716,394.20165840230055
10717,545.0459470620638
10718,678.5185023034547
10719,401.25671799080277
10720,704.708076976991
10721,397.9661664461528
10722,740.2743259918822
10723,701.12564770559
10724,308.37811088955397
10725,700.6593990807417
10726,701.9874430051026
10727,688.7640249016972
10728,744.5549155019819
10729,233.53328899605242
10730,706.5517962885428
10731,720.7358496912581
10732,406.3310303528379
10733,709.2682587510816
10734,311.848653698405
10735,684.7363360237852
10736,752.9337066354011
10737,723.9861981710728
10738,738.8989495955058
10739,660.2687115444885
10740,706.2482688053242
10741,257.74351135896376
10742,692.0164040012738
10743,723.0965695093439
10744,542.6683822220158
10745,679.1782972686912
10746,710.421172579345
10747,499.0850754715662
10748,714.0631014157531
10749,681.3567919227316
10750,751.0995283635674
10751,703.0105480529414
10752,677.2070961937072
10753,679.3898996924821
10754,307.03635066124775
10755,419.71463701968065
10756,295.9689005996808
10757,699.9922119216625
10758,721.4120086936003
10759,652.1324673033547
10760,680.7276069773993
10761,278.69387082442637
10762,394.64749380364594
10763,723.6395390766854
10764,733.3424934534413
10765,696.0167611233767
10766,337.73236883188395
10767,681.952601380832
10768,697.6011143648733
10769,734.5267164372265
10770,196.70336634465548
10771,329.426627733458
10772,766.1428039951778
10773,678.3964624877112
10774,834.3321521161354
10775,710.4485211039387
10776,670.4533735830179
10777,732.6576690955882
10778,812.7979700149818
10779,740.8794460970961
10780,701.4686531725779
10781,852.3095509758416
10782,308.9379101758059
10783,813.2162048682962
10784,680.2732364671579
10785,709.8493606587267
10786,391.99880251688586
10787,742.7458167354172
10788,753.0265408017767
10789,237.21383106154286
10790,737.7870787607973
10791,740.6713421757122
10792,669.3189838526206
10793,240.11039339248998
10794,703.2975449528271
10795,731.2235364771808
10796,722.9313610713529
10797,329.88870140914236
10798,682.1184947490234
10799,695.4321137342156
10800,751.8539695923489
10801,663.2607857049735
10802,308.1996859370763
10803,650.3476899922731
10804,719.17467825226
10805,730.6179261643634
10806,246.44497957664737
10807,676.3970561399401
10808,423.5775443260676
10809,319.2799331378017
10810,850.0170501960317
10811,681.9347040039323
10812,715.6297042691555
10813,756.7984310712069
10814,676.907617089204
10815,729.0854834282726
10816,706.3341159544515
10817,718.0484375090869
10818,685.7159658347421
10819,699.7167475812369
10820,638.8596916730529
10821,680.9399509512732
10822,722.8139303591759
10823,780.151703625967
10824,700.3661379087953
10825,660.1927449331075
10826,708.7359404465745
10827,741.4833424238994
10828,399.5708145173804
10829,763.4955201500195
10830,695.0017916679088
10831,163.79687633328365
10832,751.5995612612809
10833,398.9896317852349
10834,690.6455217394591
10835,716.4554810139223
10836,404.6804720062971
10837,702.4879963832818
10838,707.5737016822192
10839,763.7197437133839
10840,236.54975530384428
10841,699.6028615301109
10842,298.72335619712965
10843,654.7906051031732
10844,163.2095461867147
10845,733.7299785441933
10846,724.6050439035002
10847,711.5548985951359
10848,179.99931444865535
10849,640.3090243507093
10850,728.3110415183038
10851,702.3766374844241
10852,707.3406102614633
10853,662.7995473544883
10854,703.9002463109036
10855,721.6230823552845
10856,697.1791893680502
10857,684.3888823060581
10858,730.7828081205425
10859,787.03167728165
10860,691.6933287211689
10861,670.6387765225838
10862,676.1458553252966
10863,293.63471471771646
10864,666.4493504821321
10865,686.1962601067132
10866,844.7526419404907
10867,715.7406290783676
10868,703.9510831062744
10869,707.4793319649547
10870,671.8414231175509
10871,819.3788521263772
10872,386.45609805842145
10873,702.5103281038089
10874,205.0660051999327
10875,681.9192072071658
10876,732.7897424059063
10877,643.3554748928035
10878,831.0534046283004
10879,712.635481828859
10880,182.1077968984988
10881,748.3264677087684
10882,705.0144160946875
10883,487.25629988272607
10884,401.44120070165513
10885,682.7810746869955
10886,240.86985904818823
10887,717.7310497174861
10888,340.3028630096088
10889,849.0959295739416
10890,722.792219624392
10891,826.4857931319344
10892,701.0025034403125
10893,808.9533342238723
10894,680.6944653787311
10895,685.2966041942877
10896,737.571364391934
10897,687.7306689027757
10898,719.0572678326466
10899,670.0737704966492
10900,679.7875961099085
10901,848.7048425937744
10902,695.2999227256721
10903,729.4069262196491
10904,300.0963939415012
10905,408.16658347254173
10906,257.3639148493438
10907,672.9691166908935
10908,698.7042780884614
10909,682.3170183785331
10910,430.902789252086
10911,848.6312271507853
10912,720.1258664306195
10913,833.5310913052234
10914,670.7388330612608
10915,752.3362655565131
10916,668.0469660741833
10917,688.9649928702682
10918,757.3894614812508
10919,828.69977312796
10920,735.3206187373219
10921,719.0003765649828
10922,731.2766488228526
10923,316.76221865595795
10924,770.4394286299232
10925,272.953725509307
10926,743.4775562342393
10927,537.3168750770899
10928,230.27810605603077
10929,749.9198480138391
10930,303.6430338732788
10931,686.6954301274718
10932,715.8860139778318
10933,705.665758541542
10934,749.1409044494441
10935,305.5398585339991
10936,746.6791411225057
10937,838.581690400896
10938,522.1311545360943
10939,724.976851039432
10940,241.00676177093345
10941,683.5325250333925
10942,767.2370953677114
10943,697.2493075659179
10944,400.0338983892357
10945,643.4558889322803
10946,718.1234664510033
10947,742.2431769984913
10948,291.97586683899544
10949,684.607065891254
10950,710.3339513296879
10951,259.1632051071871
10952,685.8510253872116
10953,243.22307641782749
10954,402.2970272531449
10955,666.7817458562637
10956,295.51169565829696
10957,767.0232009122552
10958,620.6126860409177
10959,728.7610813669114
10960,727.5392714666965
10961,814.7556042183944
10962,685.2895379930598
10963,731.1185906974008
10964,721.7400879357068
10965,331.0130614975521
10966,673.4665077412576
10967,207.64994257542975
10968,664.1192656790481
10969,510.8001572955262
10970,848.748301403971
10971,688.1319201955635
10972,607.9269674811349
10973,733.6472216617714
10974,747.0604901407281
10975,706.7181645406922
10976,397.861534800586
10977,404.72399757892873
10978,314.7611781529159
10979,679.7645337916448
10980,750.8326983832563
10981,773.1111015236014
10982,702.6934498803527
10983,761.5165047282346
10984,728.5787543947353
10985,693.6527563848368
10986,795.2066295230286
10987,662.0809906836594
10988,744.3390938400573
10989,757.2170090008935
10990,747.6489358166771
10991,742.4361747442723
10992,462.15391539828585
10993,833.6058369251255
10994,732.7953966384463
10995,719.2685787248802
10996,392.16379568437725
10997,693.573778785519
10998,751.4697959454252
10999,683.4763037844998
11000,723.1496686913055
11001,553.2915012032088
11002,726.3097170641913
11003,752.2028217258211
11004,374.0489877184488
11005,740.7154233107457
11006,669.0474257062768
11007,677.2469437105651
11008,711.1932162029374
11009,430.9734252974015
11010,712.8607826655935
11011,710.7146176347758
11012,396.9249757708503
11013,713.8225483634149
11014,723.2849333788288
11015,423.792446646954
11016,724.5720649083808
11017,744.8941308557303
11018,830.8306162130925
11019,696.6113049791509
11020,739.905503005935
11021,734.5016006781086
11022,409.88282508631903
11023,675.2721437515321
11024,703.9039810319904
11025,422.26355980602796
11026,838.2709196124819
11027,753.1089766838942
11028,695.2908107762346
11029,399.4379104186761
11030,671.2678883760022
11031,765.0775869619105
11032,662.7154561863805
11033,746.0922463564686
11034,688.0160253912853
11035,710.8673320396244
11036,749.2763093678141
11037,648.491477292812
11038,672.8664421263303
11039,716.7947007696193
11040,299.98303319890874
11041,805.4778361746266
11042,721.4158991067734
11043,291.3130359129943
11044,790.8257251824334
11045,299.83566882011866
11046,327.8847598631476
11047,678.8003536992185
11048,716.788821762318
11049,718.6574755839026
11050,827.5170850665475
11051,783.2881440964062
11052,652.2304572836512
11053,674.7916836449946
11054,740.4906305823804
11055,668.0694916821012
11056,694.7902862033486
11057,699.1494180860678
11058,714.6815032058664
11059,731.3410250647497
11060,696.4510388743261
11061,676.2651616263958
11062,714.4108241042429
11063,766.2025579977366
11064,697.5442679348938
11065,730.925665562392
11066,631.4398130002385
11067,370.2008261837727
11068,730.8532607837317
11069,719.6559226977449
11070,827.5483556670865
11071,301.62165009973097
11072,679.3612171060847
11073,705.427768133182
11074,687.5263461136365
11075,390.1334536348427
11076,675.5589917499253
11077,697.747758313009
11078,695.0951789258477
11079,288.8985087683078
11080,325.66479589880925
11081,396.8150562230478
11082,708.1411624790373
11083,852.9244578476023
11084,728.515390014671
11085,714.5980738993702
11086,716.7887682832761
11087,683.2483905712159
11088,737.5657963137144
11089,656.4940730495923
11090,746.7396523155749
11091,723.6416682029253
11092,298.7214062654388
11093,308.62032390864437
11094,712.937267047904
11095,299.39360326621147
11096,766.2440754275988
11097,681.2704558562574
11098,315.25055494055675
11099,704.8791544656328
11100,763.2549356251623
11101,674.3047523666999
11102,720.8910689900526
11103,727.3387145673406
11104,835.3080495350042
11105,316.7767839606475
11106,712.882444247529
11107,301.1790188541975
11108,718.1487218452448
11109,796.7397845301284
11110,737.7695238030017
11111,256.1254270119039
11112,846.683384126559
11113,675.4767114430011
11114,179.10639926453007
11115,415.4554665071959
11116,314.06503221545154
11117,670.180561129062
11118,706.5687131906034
11119,675.8469800613973
11120,669.2496788014814
11121,320.987229802667
11122,772.7462381964413
11123,829.6071137555489
11124,712.3941949434433
11125,744.5908770377697
11126,739.5124423060522
11127,657.4328212158686
11128,404.8151910179445
11129,754.144280015398
11130,707.7504656345965
11131,785.1463652063486
11132,674.3870768538836
11133,294.32045708655465
11134,685.2442096631369
11135,750.3599178691272
11136,700.2427922030365
11137,679.9986393701575
11138,709.7473011281268
11139,685.4819468117576
11140,660.2089587435422
11141,729.5263238779658
11142,744.1386018140104
11143,700.3621460266131
11144,689.3854144385965
11145,704.5611974102902
11146,391.4833924635418
11147,682.1369565529324
11148,709.6098443795038
11149,648.4870542898583
11150,643.1313395129819
11151,732.6031865312362
11152,721.1531710890939
11153,672.451197510037
11154,699.8083542432864
11155,268.6171205712738
11156,677.152227719116
11157,747.0656092699712
11158,669.8482426401961
11159,734.8807926390796
11160,400.8871979450712
11161,728.1925940707931
11162,656.3114451354887
11163,701.0282163464923
11164,304.34592930366506
11165,716.6570168225221
11166,726.6136058140888
11167,398.08344268718645
11168,678.3947628303589
11169,388.82438132740384
11170,679.4003782777443
11171,658.972320721177
11172,730.7911434508209
11173,688.0365619168016
11174,763.8524061838287
11175,725.8892907117197
11176,754.2836483200085
11177,746.8821590515154
11178,746.2046795787531
11179,749.29450306471
11180,438.92950617607244
11181,750.8067017444487
11182,710.9184998321451
11183,529.0451878364581
11184,679.1490299793926
11185,702.7225409705987
11186,696.9254377229429
11187,692.047979419553
11188,721.780848569698
11189,679.9547599432306
11190,768.9661790368198
11191,181.91131283050697
11192,730.8790537881484
11193,681.1982544947729
11194,327.30138070834727
11195,851.7727346344589
11196,400.1042695643004
11197,295.5061889518931
11198,706.5396932513484
11199,542.1604631634322
11200,741.8100501258417
11201,309.85139975905236
11202,720.2867414266074
11203,675.1406292314352
11204,397.1728653294931
11205,753.138672850324
11206,717.380305889054
11207,700.0537177252161
11208,745.7912422878842
11209,714.1139342384326
11210,722.0249606998668
11211,730.8771191881302
11212,705.394202029317
11213,696.5732895455053
11214,735.3872052617829
11215,697.9876842202889
11216,842.8095943954934
11217,660.5821176893616
11218,768.9300355652854
11219,684.4298971233943
11220,735.1558920458866
11221,669.6117597875453
11222,687.298858650051
11223,714.0482900818012
11224,307.5919050866838
11225,709.503519305817
11226,713.8757100090909
11227,678.8340388790626
11228,814.7300102234782
11229,696.1701829109878
11230,542.4690504222044
11231,723.4032144106656
11232,317.2189694766755
11233,723.5934661387247
11234,695.6806878665373
11235,401.9078949524959
11236,691.6970950299768
11237,307.61783022951687
11238,703.6808904464658
11239,656.3467398720284
11240,323.6846145482657
11241,693.677877676144
11242,678.3599742671926
11243,849.4430344013845
11244,749.8718798414993
11245,730.435465578433
11246,295.4157549577029
11247,714.9720742389825
11248,674.5203865222156
11249,307.53801856742325
11250,300.34275880890334
11251,767.5628527178247
11252,680.5523604676486
11253,508.00043878558586
11254,750.3812943103803
11255,656.6118079753478
11256,673.6277251162751
11257,718.502719437117
11258,683.8052670922075
11259,401.3926102690261
11260,694.3837128458238
11261,680.539631374367
11262,827.4742544695703
11263,666.3003641123581
11264,731.9152169848765
11265,656.7911541965157
11266,728.4926932039241
11267,665.7084020686124
11268,677.1839580671208
11269,731.730799746072
11270,700.425350986041
11271,668.664853212169
11272,746.091208256988
11273,471.94445958782165
11274,695.947764434863
11275,743.5698098621983
11276,300.4315577957061
11277,720.4656955866244
11278,699.0739104773642
11279,734.3896671069767
11280,316.23271050894755
11281,382.09536557250675
11282,743.8962511715788
11283,724.4714587624011
11284,716.040841605994
11285,420.5869496679635
11286,672.5141079203448
11287,711.7072979104917
11288,752.3274095129973
11289,400.75807701177456
11290,748.5175967482222
11291,718.1060212434058
11292,738.6507071745107
11293,701.9806211833326
11294,729.1444605936929
11295,713.9105870160138
11296,851.6560898217807
11297,711.0853136858193
11298,676.7174984399652
11299,729.1464403449127
11300,182.38669454873457
11301,698.715409475467
11302,749.4507592549278
11303,321.33771334050635
11304,684.9805294154149
11305,710.1053293699983
11306,726.0810354828266
11307,663.5275356218116
11308,742.0257663432652
11309,696.2392102828336
11310,744.6537839692681
11311,757.2596442469736
11312,409.7319670622937
11313,687.868072039422
11314,410.8570891340248
11315,233.9308624855277
11316,711.8432103850552
11317,306.2104038589374
11318,677.3132784124876
11319,714.3643799327799
11320,671.5019664718641
11321,680.9547504441621
11322,683.4535795519454
11323,721.7861516910766
11324,679.7421801030774
11325,644.1129601069339
11326,694.5689319283723
11327,397.4418012658757
11328,734.6754342975684
11329,852.1384266139341
11330,363.49467944194276
11331,307.5118976880011
11332,712.8338277750174
11333,720.4545358231803
11334,705.0851225559163
11335,708.9240339417825
11336,701.9616167786863
11337,675.8440903116071
11338,721.1498124683719
11339,699.9957075263372
11340,752.6982343181314
11341,724.034125987535
11342,720.0157121289416
11343,709.9967565724845
11344,668.8614967494495
11345,416.5276600586092
11346,644.578794574337
11347,719.0961213548961
11348,762.0306851421558
11349,736.0213295938646
11350,721.4697884233219
11351,319.64394743314415
11352,754.6119101761973
11353,700.753384962691
11354,300.68574160305366
11355,753.8459462291589
11356,298.90942938068133
11357,685.1488953327498
11358,751.1709333972137
11359,652.615614239875
11360,686.4757577201249
11361,720.554261514264
11362,403.16065836821025
11363,743.2929030975664
11364,409.04278774266163
11365,734.6268620189679
11366,402.5182032150845
11367,838.4102714792648
11368,715.732488106548
11369,708.0680404981503
11370,701.9795600284099
11371,695.2351284559371
11372,701.3395330790547
11373,311.3833513910512
11374,701.4791606622252
11375,400.31074049266755
11376,298.77841164971557
11377,674.0814101180365
11378,678.1734823059429
11379,408.1355912192726
11380,653.3865309769251
11381,768.124288757719
11382,717.0052964513942
11383,756.3845369740291
11384,407.4194781417726
11385,680.9375669068487
11386,671.5098120891826
11387,677.017741940316
11388,482.16926444013166
11389,698.635276342643
11390,705.2297062836435
11391,663.4365638924857
11392,772.1907119465329
11393,716.04898266195
11394,654.0987705406112
11395,732.1667042841723
11396,699.8612255560713
11397,739.1133250735766
11398,765.908183630931
11399,726.4631451690394
11400,810.998517635067
11401,677.1716126273616
11402,679.7201832578854
11403,713.9627290745714
11404,657.0295029737281
11405,715.5717015879935
11406,390.94716426211676
11407,784.271077302747
11408,705.9351520038923
11409,693.5429902478086
11410,694.6241083059215
11411,707.2739230341949
11412,696.6042575528134
11413,757.0983704939307
11414,722.8285548378262
11415,742.9494764287789
11416,402.2345978647445
11417,701.8340845715667
11418,744.1830694228456
11419,702.8806091859126
11420,169.93791658352956
11421,419.39887972465704
11422,672.9376459673201
11423,427.8501683804425
11424,246.6712641357338
11425,737.5094063508842
11426,717.5787891419075
11427,400.9188308361968
11428,675.3325592548672
11429,337.25575169578934
11430,774.4890642019644
11431,763.9979306034099
11432,703.0188243296495
11433,733.412592059479
11434,725.712128847232
11435,733.3953056586488
11436,674.7367828989117
11437,412.1019113248956
11438,688.2330785073062
11439,750.5669151848326
11440,713.4444011067848
11441,651.8247856078655
11442,728.6382200839106
11443,395.17772827748695
11444,306.0278664593834
11445,713.718824985423
11446,754.3387192837196
11447,656.3802084281533
11448,673.1904930003326
11449,300.01251597883044
11450,667.4063213941605
11451,682.8171801880986
11452,296.13345586672716
11453,728.634803409079
11454,682.5863791694338
11455,301.129046143722
11456,231.06196680143222
11457,659.3739042218566
11458,408.1548051066456
11459,408.51557810989306
11460,674.6813564038749
11461,734.5122664745641
11462,299.06440007523196
11463,668.5872913812191
11464,696.585021105134
11465,677.080974899495
11466,731.7136079775777
11467,832.4937627852238
11468,311.1535710230798
11469,686.6300673794156
11470,393.1392111202265
11471,686.3664917344813
11472,766.8967292415794
11473,748.7677887711076
11474,833.311878335533
11475,723.1847306872819
11476,554.162487847933
11477,723.0013701376471
11478,673.4572353474134
11479,302.21560018551594
11480,721.6463694315046
11481,670.0440076452865
11482,679.4765810991729
11483,700.4101282487096
11484,617.9472251270279
11485,711.9071797576312
11486,241.0475224464252
11487,730.5612413297463
11488,708.8827127482936
11489,751.7210400746236
11490,837.5008945535751
11491,695.1607732798005
11492,721.1725471737753
11493,395.50192882648474
11494,678.0443757804886
11495,718.2802123085854
11496,667.57648042386
11497,702.0977743173219
11498,300.1137278754203
11499,253.8469662579185
11500,701.6691421812873
11501,678.2298835390177
11502,643.3710547254857
11503,702.9759302960101
11504,680.6485331398881
11505,694.2848716300343
11506,670.919230780732
11507,782.0011916509496
11508,723.5832581326591
11509,660.6884899108853
11510,699.9509631723307
11511,644.4450238167805
11512,684.5013891447113
11513,690.7596777251098
11514,298.0382161283351
11515,701.7912864403029
11516,706.0296697217789
11517,401.2971782962235
11518,515.5409815678713
11519,714.2234002253748
11520,412.48950541526585
11521,678.6537030931811
11522,718.9837757933277
11523,397.6716373114512
11524,299.4729346537117
11525,707.8452326356208
11526,681.4509065717527
11527,702.0442367436696
11528,689.9088742149379
11529,716.483073045033
11530,562.2459659377566
11531,723.6067096211445
11532,719.764585256622
11533,582.6044680256414
11534,751.82995732606
11535,686.7385907286929
11536,680.7336566313513
11537,380.7242723551098
11538,291.6593151724175
11539,709.9615010505655
11540,300.46893308371597
11541,669.9305526042674
11542,744.2197032913136
11543,439.62290962513293
11544,698.062876405352
11545,299.9679791455424
11546,681.0724690031096
11547,760.6750331634616
11548,714.5946424441163
11549,727.3353794575345
11550,764.8629772446114
11551,706.8718204366587
11552,399.08570364333394
11553,180.46045558304115
11554,649.8631154435172
11555,719.6578775363023
11556,677.6823237431913
11557,699.5455962109912
11558,299.8913237006128
11559,722.1834762313541
11560,737.3838020134253
11561,740.7239332338929
11562,698.5315422336345
11563,742.2292965588438
11564,304.3839224020295
11565,704.9341976572147
11566,698.1496270598483
11567,829.1902358905404
11568,686.1332026056413
11569,735.0691993232701
11570,672.2707780493982
11571,707.5400452612569
11572,705.2465081508238
11573,733.6005551357216
11574,748.5016058654596
11575,293.77433503561446
11576,652.9151280662257
11577,309.1860233177142
11578,849.4824978966906
11579,835.8615300760638
11580,735.037749714602
11581,722.3024054919207
11582,363.3577403427023
11583,309.7245726956978
11584,713.8894743919906
11585,515.4955678255843
11586,686.4007517101746
11587,327.16222966563123
11588,181.4260205867406
11589,705.2400041637875
11590,719.9266189057162
11591,408.3339093483677
11592,757.1661593963285
11593,624.3358443001888
11594,695.0684642823735
11595,677.2756771112827
11596,834.1216778070525
11597,710.4793588929703
11598,578.1718760335049
11599,311.0181087891173
11600,198.56064759141623
11601,784.5972200292259
11602,403.74681240017804
11603,301.1781130388336
11604,711.1312829614534
11605,714.6017559807784
11606,694.6567056176361
11607,652.4764075356159
11608,649.606589394177
11609,705.5313788143287
11610,687.733076474615
11611,747.8912059572416
11612,710.6655121719843
11613,753.6097144947764
11614,777.8475790038401
11615,401.48696343529014
11616,497.3840644911437
11617,682.3374643864713
11618,706.4690760842795
11619,747.3018763073359
11620,734.8170114019988
11621,708.235206643542
11622,699.3661738748109
11623,716.6970166685879
11624,706.8585290794282
11625,386.56515637539155
11626,744.858627809711
11627,659.3902815603118
11628,302.4771119993986
11629,670.4940316571954
11630,715.1271738293393
11631,649.585628623247
11632,681.6171074374543
11633,722.7701861653096
11634,400.02645550340566
11635,717.1184345698872
11636,716.5307365115792
11637,744.578924200971
11638,329.17073859894447
11639,729.1847162561317
11640,399.49253362828637
11641,775.0250591741268
11642,733.8554153796832
11643,406.8270621930365
11644,718.6544463451223
11645,747.6469135425405
11646,727.7263620117632
11647,703.0010468112446
11648,678.845924387454
11649,661.9225431114259
11650,705.789788922963
11651,736.2740393004719
11652,303.6271026177492
11653,397.90772193471685
11654,684.2274151605286
11655,739.061585333283
11656,538.9907280482461
11657,689.9756693520736
11658,804.4782326654216
11659,769.050772956019
11660,730.8199413773282
11661,726.03941999802
11662,731.0248972941168
11663,712.9118849830131
11664,177.44638791913326
11665,670.8130320003277
11666,710.4262121112789
11667,640.6604286237927
11668,698.0662678739593
11669,307.01161354471856
11670,719.3792269750545
11671,702.3577868638907
11672,726.3555309609544
11673,674.625771290504
11674,720.3730448075428
11675,408.7767110863168
11676,704.6921377359342
11677,323.8174304359799
11678,654.5625800425556
11679,821.9143011193823
11680,231.50535395546837
11681,680.9774168008523
11682,723.9843846073131
11683,711.4490369229609
11684,699.1475092049777
11685,673.4277138930621
11686,722.0506198981101
11687,395.01134925310333
11688,711.1937864636931
11689,700.0178272338816
11690,717.6082731170036
11691,652.0997507727647
11692,676.9701742431679
11693,497.32202861876107
11694,701.8008115730107
11695,740.9203518475914
11696,728.07888293151
11697,642.8669827797548
11698,185.03150033136342
11699,712.4558640653801
11700,707.2516339152212
11701,754.2836054481689
11702,660.0648860781426
11703,399.6586254343678
11704,701.8075831655269
11705,843.5111581149131
11706,688.5778664221535
11707,731.2365889889725
11708,732.5587647583275
11709,671.2081340356498
11710,296.6263328303658
11711,743.6560010215367
11712,842.9767663382185
11713,649.3938584027742
11714,715.9327366157073
11715,849.104073882379
11716,309.13754438567406
11717,316.63678877995153
11718,751.3440034605779
11719,666.9049700661699
11720,836.913362747206
11721,702.9280641889927
11722,719.394744438489
11723,669.8366228619976
11724,760.1108526838223
11725,646.0520196901227
11726,297.52915914867503
11727,238.27203671501167
11728,202.25755948062766
11729,751.3319337121129
11730,702.511945151702
11731,697.7937214336346
11732,397.785438212256
11733,656.5504803520303
11734,396.62698757118045
11735,723.2045731296234
11736,720.8990929513374
11737,557.3678213754954
11738,655.9477953442241
11739,702.8481451434706
11740,699.7033501162688
11741,714.0649456654301
11742,694.5203324095254
11743,724.2237050492341
11744,673.901274525693
11745,726.7146445565375
11746,674.1231066635022
11747,730.0522981262347
11748,746.7962747537175
11749,672.437213631714
11750,407.283191843985
11751,304.17983737158517
11752,832.2891277459152
11753,704.291901363335
11754,701.361504944286
11755,683.8178274242815
11756,297.49676715719795
11757,737.804524933778
11758,294.01823110954933
11759,742.9238203825399
11760,695.7327640340129
11761,741.5567475952627
11762,698.3847151523158
11763,717.8819127601096
11764,724.3121161978837
11765,679.7126530325004
11766,645.2957775622857
11767,695.4768757209172
11768,412.62669663189735
11769,645.783795285417
11770,741.8752099645404
11771,748.2188472275122
11772,741.3906904440335
11773,393.65510056223206
11774,706.4382760006583
11775,713.5309821015904
11776,696.8819724158568
11777,754.0357544974063
11778,171.210888849716
11779,232.35712682060085
11780,736.0056953114381
11781,700.5088584507685
11782,731.2440248275286
11783,413.7376236988351
11784,397.0002295596191
11785,674.1339496491706
11786,673.8838898768038
11787,755.5361918063847
11788,277.0334487814936
11789,679.7917017689643
11790,710.6797249344339
11791,652.4438318730628
11792,685.2416604716261
11793,674.5162810135838
11794,400.38880357763895
11795,697.9180885556161
11796,718.9147506280593
11797,667.4672855721078
11798,713.7267204054242
11799,844.2107254130403
11800,401.2041826975759
11801,852.024486232977
11802,695.7363115347405
11803,202.03307313050345
11804,408.81741814937254
11805,740.4274609254863
11806,701.077502167099
11807,682.4559153134692
11808,729.1565572572051
11809,400.59559611160114
11810,257.08693303631975
11811,722.9763577453232
11812,404.0890242221588
11813,711.2509085831989
11814,304.8350090058942
11815,720.1903474449266
11816,673.4719206557747
11817,674.1755480205685
11818,721.0024539208255
11819,726.254767186859
11820,313.91846876543883
11821,820.3952293237787
11822,682.1701130110254
11823,299.45402931656616
11824,731.4923349767682
11825,623.9099156973497
11826,708.4529018187663
11827,399.1779680454271
11828,677.3313289093123
11829,749.0351120640366
11830,725.5988751149798
11831,760.7444292087366
11832,303.5653760145537
11833,680.1581211662423
11834,413.1360899072255
11835,703.2664246675375
11836,677.0767269042956
11837,399.97638159032135
11838,698.6879379021891
11839,703.5544898430574
11840,699.4056610589207
11841,705.6013773792965
11842,716.274299190847
11843,748.119497385115
11844,726.2815894178947
11845,704.5929885087891
11846,849.1406309281032
11847,400.15868236850775
11848,699.3355243559163
11849,304.75670172415556
11850,398.8014489012255
11851,698.9300708047109
11852,693.222770262614
11853,685.1777263298221
11854,333.65226337075524
11855,672.1611017114637
11856,561.752587838522
11857,287.33513155860686
11858,294.3254449744527
11859,693.2056084330758
11860,410.13408866361084
11861,707.7857410957665
11862,642.8327557848941
11863,716.3252984949513
11864,683.1343395976799
11865,402.8655194041847
11866,308.6584634035166
11867,690.5221565074802
11868,393.82899541002644
11869,669.695382510301
11870,320.92650400433007
11871,400.60679992999763
11872,731.3269186741152
11873,408.9426274016193
11874,407.6052073189617
11875,709.210059248831
11876,671.701635553886
11877,775.9675411084272
11878,405.13912960312877
11879,703.8609805634487
11880,693.4686560472917
11881,688.5211233909847
11882,701.9642959244155
11883,179.65016414309707
11884,308.77235606451603
11885,664.2128153901712
11886,730.9785976491387
11887,687.1031520175991
11888,784.7514281142113
11889,726.8207295210166
11890,661.2762892207078
11891,712.6343031661432
11892,780.5724349634768
11893,694.1794790142004
11894,726.0747659271558
11895,400.61439152180486
11896,766.3684759530241
11897,814.2505113825837
11898,671.4488840439976
11899,309.59357217055714
11900,400.2905388023821
11901,693.4750673030024
11902,307.80931554411535
11903,716.3543072417398
11904,722.4114334908302
11905,297.4641365401899
11906,522.6481112833457
11907,685.9022461283298
11908,722.9807914930458
11909,708.1304468615011
11910,677.3655818845821
11911,734.4606838325266
11912,682.305071310348
11913,680.3993416535213
11914,291.82538091011793
11915,741.6438746975632
11916,673.5982931661184
11917,704.7300294098183
11918,708.9905993230976
11919,402.4052717278696
11920,699.5815622229011
11921,697.6206160818805
11922,670.5221773498504
11923,674.8186017859912
11924,757.5501284659335
11925,761.5898443425696
11926,286.4119490726763
11927,702.9935437970684
11928,656.0129002527809
11929,705.2842729390712
11930,704.2014055971468
11931,667.0955596577475
11932,748.0092758311331
11933,246.84178380644659
11934,677.1782438825734
11935,696.3819688834541
11936,694.1781699341617
11937,288.549978119599
11938,677.9969626150892
11939,737.6725451799168
11940,746.779135845396
11941,416.8298836839847
11942,757.3203774721734
11943,737.268197954877
11944,413.5791717005302
11945,670.7571250313734
11946,680.716540191047
11947,847.6335512670689
11948,678.6418046719047
11949,683.871845167931
11950,709.8150506757976
11951,744.413062329048
11952,726.3530739929884
11953,723.311234576762
11954,219.29429874783284
11955,703.1170145315167
11956,696.3130232894977
11957,701.3503276303186
11958,678.9851950033953
11959,681.2377860394242
11960,675.0152713192275
11961,738.8499006399111
11962,688.4954492327995
11963,637.1812819957777
11964,706.188771417997
11965,293.28941662158115
11966,765.3196861365736
11967,763.6581378124112
11968,670.9696358468791
11969,720.5905054868183
11970,655.8779699047494
11971,718.5860232630374
11972,806.052621842178
11973,673.6249826967861
11974,145.4721814202676
11975,325.96636167333986
11976,609.7336585622913
11977,401.9868648648006
11978,745.1280657779045
11979,199.59774362220713
11980,848.2294350730343
11981,702.3609866615963
11982,303.5502412660339
11983,693.9113680464127
11984,759.8955805612646
11985,730.7228049459789
11986,720.1621512561726
11987,754.8328392947576
11988,238.18099188578503
11989,721.582972044817
11990,712.4406796693659
11991,696.7875236411733
11992,303.5775267229742
11993,678.3295387953636
11994,686.8901996970963
11995,672.4047940381154
11996,690.342726754698
11997,665.0114485660272
11998,716.4398808465712
11999,664.3125946885505
12000,722.5322417037081
12001,716.9824729439554
12002,743.7960036484169
12003,399.85926447026645
12004,670.3395193939795
12005,672.5575099725233
12006,486.7869400624478
12007,715.0236577597286
12008,681.255237826063
12009,766.9083812833243
12010,680.1356496861788
12011,847.2602419416196
12012,316.6786760249965
12013,337.10086883595886
12014,699.5397869394141
12015,322.75338490471
12016,704.3052010046055
12017,395.761468085928
12018,713.5363361966841
12019,749.221779471983
12020,375.13608425587626
12021,684.8792585867459
12022,815.391431126454
12023,402.25827640925894
12024,727.5246568411095
12025,644.3652509099244
12026,666.1881805839362
12027,664.2225706966275
12028,687.0746584054701
12029,706.1873556267238
12030,759.8946327585572
12031,294.3914312534673
12032,701.834342298222
12033,742.5929349490117
12034,684.3788793776217
12035,702.8549780686235
12036,731.7496316339535
12037,704.4267657650942
12038,402.2447777703022
12039,724.919847942862
12040,301.90919584961057
12041,705.9755325798062
12042,369.7075667849522
12043,725.3575447111376
12044,662.1708049715986
12045,848.3367902015337
12046,405.73948641834744
12047,408.0854869024579
12048,728.8300978470274
12049,758.0060922295309
12050,712.1217771587866
12051,705.6940616683574
12052,753.857611996774
12053,737.0838210254942
12054,753.8808749634059
12055,713.1764952031871
12056,672.6110191224756
12057,751.2468755915199
12058,683.8173709908369
12059,693.9234477447071
12060,692.1889573355298
12061,691.9518200231385
12062,733.9315554706359
12063,727.1001461834132
12064,548.5781257598554
12065,714.6907796031575
12066,850.7483956538418
12067,722.7678768172863
12068,745.1766821476931
12069,716.1472958189604
12070,754.0253023619937
12071,406.1064544242148
12072,301.7134718015486
12073,679.6391314303439
12074,705.7687030489161
12075,702.831987197502
12076,732.605915343761
12077,680.5725070272822
12078,814.8506437431049
12079,400.24587324309437
12080,694.7764254181951
12081,690.6901466062226
12082,638.0968350693528
12083,434.8026566242971
12084,397.740646234349
12085,674.4751632647901
12086,680.7904980015512
12087,733.7030439844027
12088,685.9826511567439
12089,690.0039103131005
12090,355.073600196629
12091,705.6535002657523
12092,798.2448379710835
12093,672.4005596558752
12094,240.23394818647677
12095,517.5777783096254
12096,704.3904550690955
12097,731.3684674672986
12098,731.1526440369465
12099,664.9606216895246
12100,705.2841141234834
12101,225.0923882657085
12102,306.83936847072795
12103,677.680499346562
12104,676.8761121591823
12105,847.9870563695545
12106,320.1906701048276
12107,738.5966790309735
12108,721.4153474196092
12109,728.0942984103289
12110,416.8580311760453
12111,748.1679053540335
12112,714.5187374599768
12113,728.3393521671456
12114,406.9392107917599
12115,706.0189827196511
12116,728.4369716340053
12117,706.6741004351483
12118,321.2636789848796
12119,675.3032172351827
12120,715.1262355364781
12121,708.034697712971
12122,659.864090832494
12123,668.9972571825093
12124,487.40185626163793
12125,852.8564418247086
12126,652.0528656196427
12127,733.4980401581685
12128,687.083055478544
12129,288.85525408169826
12130,288.8645220840295
12131,659.2974567236529
12132,704.9451677295579
12133,649.8968178549028
12134,672.1166215860899
12135,748.1102563223451
12136,640.2735212532968
12137,819.5934019632575
12138,240.12781290907122
12139,832.2305644724999
12140,724.0189843585111
12141,742.2039492279233
12142,307.55726454730404
12143,296.3543828021563
12144,689.5328334582974
12145,293.5669615559563
12146,749.0194119536118
12147,707.9947551807182
12148,709.2948250577629
12149,777.7369867283605
12150,694.3045817226133
12151,450.9969736734776
12152,328.68046150769766
12153,652.0647115550828
12154,848.0630883840879
12155,691.5819601807674
12156,294.47777352454307
12157,721.5569879121385
12158,726.9805745319383
12159,789.1560121561297
12160,677.1010292733812
12161,683.394579643755
12162,312.1459391020815
12163,301.55989739083935
12164,675.2394681896587
12165,294.87281765822763
12166,685.1196047919951
12167,396.57109086609955
12168,846.1191932270872
12169,300.80089039606
12170,677.2511475042749
12171,680.775973826347
12172,714.5015873195886
12173,706.0890268084714
12174,398.6407694984027
12175,303.7704593452984
12176,728.0349777120354
12177,665.4626174179921
12178,715.7175010158253
12179,700.541999288761
12180,737.5294741972535
12181,767.47614303222
12182,730.5540139398545
12183,438.7660580226706
12184,705.126896553601
12185,835.6269325653452
12186,672.3704251339807
12187,237.55547587673203
12188,696.8446770511493
12189,259.07867646466417
12190,729.0284299445178
12191,682.7068874854147
12192,301.56913474553244
12193,751.2459603121838
12194,469.32141601043156
12195,818.5620409423701
12196,652.8180236038752
12197,656.7791161164103
12198,706.8483519500573
12199,715.8022719953811
12200,394.54761149073227
12201,736.5180697295558
12202,782.9752157871159
12203,849.7301704879976
12204,267.0617470394225
12205,651.1238278834788
12206,673.4077214320304
12207,714.5299762889549
12208,302.331553519962
12209,692.1433874149845
12210,412.7413629011031
12211,706.2799678291009
12212,748.638745816154
12213,697.0291873170124
12214,393.35751732262486
12215,661.6501347178249
12216,399.3942062495944
12217,666.7798167285224
12218,756.1242370342355
12219,402.0247152443587
12220,722.2890796041294
12221,413.2387762384817
12222,725.6948572568766
12223,702.844650795761
12224,659.1930441465533
12225,665.2638998695525
12226,733.7588869069378
12227,757.4496956005023
12228,846.6133680495707
12229,722.0770945100128
12230,711.3102395998736
12231,720.5522822341203
12232,233.1957069943843
12233,701.9016616664319
12234,704.5938826751936
12235,632.5525330859011
12236,689.5143638203818
12237,729.7212107068278
12238,304.5568657327259
12239,746.6599346786558
12240,417.0376240051063
12241,662.3626619316418
12242,707.2457093276524
12243,312.20744159202184
12244,673.1306240738014
12245,723.5225220282695
12246,554.8521429726857
12247,758.908492825548
12248,719.545961028877
12249,187.49118200375733
12250,644.5929503521404
12251,739.0667200862403
12252,833.510083291433
12253,681.526944825016
12254,408.1679770286013
12255,705.0814166064152
12256,666.2327277807559
12257,690.4692853522672
12258,709.4118499114211
12259,715.8108630668349
12260,832.5466745056794
12261,669.0469820662491
12262,852.5929422524496
12263,717.7834733508085
12264,771.0743659397253
12265,688.8619718770573
12266,730.729132412839
12267,705.9834984705494
12268,711.3429177430893
12269,703.1142198738388
12270,401.22460745765744
12271,767.5705863066582
12272,412.2226540903199
12273,709.7560087327304
12274,732.0112574249702
12275,777.7402749119912
12276,699.9518729634146
12277,402.95912523998544
12278,307.60320720462556
12279,759.7999140407763
12280,700.019075201611
12281,392.1884588219877
12282,301.9324001421226
12283,717.789877212892
12284,718.523194031334
12285,677.3394717328899
12286,684.0680967061028
12287,708.7303955951737
12288,303.3556943209769
12289,719.8254160627064
12290,290.1144137769808
12291,284.2500105602008
12292,848.970914234772
12293,660.2477004154495
12294,778.9260381868796
12295,722.6546182623192
12296,720.9921717020483
12297,692.2782122228697
12298,730.9899782163656
12299,689.7442857983406
12300,700.6331505382593
12301,688.6039049101618
12302,723.5412573948561
12303,722.0755291459459
12304,684.6132138723042
12305,663.5239375065413
12306,476.1984523966071
12307,677.7371852375937
12308,433.89333471847135
12309,733.1348841771888
12310,743.8168523672499
12311,409.5840171549994
12312,849.8776942386676
12313,781.6841489417295
12314,685.3063099517007
12315,304.7754841440191
12316,632.5055155539754
12317,682.5908229677214
12318,694.7313617908552
12319,684.6956762078183
12320,714.6543587015117
12321,357.0220734328229
12322,776.317234354942
12323,716.1002023750046
12324,691.7062819200956
12325,748.5978901528208
12326,708.3853104777259
12327,294.9424024310744
12328,682.5742172169531
12329,729.7611150056306
12330,679.2244469710816
12331,719.2066730513108
12332,755.7290667925458
12333,662.3136625529245
12334,722.2622904886566
12335,661.5764193791418
12336,328.783129001825
12337,844.8358713192465
12338,675.9558418195145
12339,299.2686760739501
12340,741.195897215587
12341,767.6642415668108
12342,238.30070789397274
12343,745.7717154946555
12344,295.89979569514765
12345,712.9789182634097
12346,295.37621368689753
12347,847.0510194584436
12348,713.8729208196237
12349,694.0927778724672
12350,710.9121264772511
12351,395.44680017064644
12352,299.6142795947229
12353,701.6427974018347
12354,725.6004450263808
12355,571.158666500463
12356,666.6027192578404
12357,682.2194926260869
12358,687.4244155589691
12359,697.4796875583482
12360,743.4994364676401
12361,826.5874418334845
12362,690.8009376591402
12363,706.9410374144146
12364,669.29704717337
12365,666.1188637578194
12366,751.958830083259
12367,749.8641873432329
12368,695.459908390865
12369,677.1276436557037
12370,724.1937928708622
12371,700.9573369427209
12372,706.0752556234913
12373,698.054032999851
12374,755.0380502701034
12375,714.8868752690398
12376,759.4304350341406
12377,297.1210883685547
12378,752.7032013711237
12379,697.9997584596297
12380,752.2233525868878
12381,334.95263251450166
12382,693.137739397092
12383,735.867434293557
12384,733.9744793096577
12385,714.5360138246817
12386,706.3386593160984
12387,406.6691334877309
12388,756.0961943286669
12389,409.1181811661715
12390,561.232435764283
12391,656.9891663479566
12392,186.0675319307893
12393,731.5944838647895
12394,416.50895384060186
12395,841.4462224208014
12396,673.0577701123952
12397,752.5142417496338
12398,703.7434995812995
12399,681.5710063409683
12400,735.9525971780816
12401,708.1967038713709
12402,403.00292657066444
12403,771.5483197186647
12404,655.7301467186768
12405,705.6944980128843
12406,702.341419537674
12407,725.5404474020925
12408,287.3258616713527
12409,737.3261522609769
12410,678.7530308490444
12411,703.8662605859395
12412,721.6295779691305
12413,836.1602350293933
12414,655.2750046549619
12415,705.7535777363901
12416,695.9524719382576
12417,742.8492683460761
12418,757.7959079795505
12419,289.94960917449265
12420,779.4845683123606
12421,423.59796109751403
12422,405.1629097896879
12423,311.37496508706334
12424,735.6688319060975
12425,299.1977827850772
12426,747.930121202947
12427,419.80520576082745
12428,401.8251245450214
12429,415.44286508284307
12430,701.678919332514
12431,841.0227389393839
12432,654.2934531683931
12433,152.2061959423172
12434,677.7119413446859
12435,714.8894127946024
12436,645.1222790403718
12437,734.6939576866154
12438,675.063569267484
12439,709.1591148123198
12440,821.3671552856251
12441,721.3737124456102
12442,732.8873145730381
12443,714.400478603295
12444,399.5044416883146
12445,701.7093225420876
12446,624.3610594373398
12447,727.4572243454721
12448,753.1769245478976
12449,699.1317241770627
12450,801.9222469612714
12451,669.6959977615132
12452,732.0697696731177
12453,718.2077405323661
12454,751.1038344877267
12455,401.1678275540967
12456,722.8123754042717
12457,751.8002872701556
12458,664.5961160474201
12459,683.6978164020793
12460,702.6373377107211
12461,685.5625700609033
12462,410.44677591536055
12463,731.5480473181153
12464,627.6920376551363
12465,275.5917078333172
12466,731.5679767169017
12467,159.01056526611728
12468,726.2463529467373
12469,314.9395575956407
12470,689.5498617953898
12471,709.5467809629433
12472,838.9223742445797
12473,700.9899851370428
12474,719.0596822039213
12475,724.6234009443006
12476,740.1285425648691
12477,706.893105762912
12478,701.1986702099452
12479,735.2538043760819
12480,683.8299920522355
12481,743.7598123999724
12482,476.9903155249008
12483,740.4607444741116
12484,729.9198837393687
12485,849.5583511773191
12486,734.5711361129977
12487,327.512425378421
12488,716.8723114903053
12489,405.13856493696716
12490,703.343902264234
12491,693.8376491055571
12492,402.05687646069345
12493,298.8040763664909
12494,719.977323266946
12495,690.3028884471943
12496,848.7083253969795
12497,411.1898584665092
12498,700.5537566418843
12499,408.6345294244549
12500,719.8438833585407
12501,681.7152202488007
12502,295.6110292607823
12503,729.3316724189618
12504,722.2986558965538
12505,854.1712710774419
12506,726.5419019726097
12507,298.34184297906165
12508,659.2519990546626
12509,754.2735469341096
12510,650.3941625910252
12511,673.0790572289527
12512,411.5899497703795
12513,680.1442639622417
12514,650.8905015680011
12515,754.8137333653094
12516,396.3679271838692
12517,298.82674505775407
12518,695.5363965602322
12519,660.0920205811212
12520,753.2620121245827
12521,316.47093888164994
12522,705.272826066528
12523,747.4753003561831
12524,728.8719810007151
12525,504.57877650136567
12526,776.3566801054735
12527,687.0882154154161
12528,714.1966208120701
12529,729.9971242075866
12530,188.9687975772997
12531,849.0035812047531
12532,300.86683562758975
12533,716.2268522924184
12534,659.4321013759446
12535,676.3551244153238
12536,729.89776673947
12537,407.9614899736252
12538,179.9106932353202
12539,718.730104615648
12540,727.6311271488327
12541,384.68377564553793
12542,702.519731293374
12543,655.0068292218662
12544,666.3918986364016
12545,718.9482331000974
12546,401.9894828434539
12547,239.86208948472944
12548,788.060307891432
12549,751.3736721595016
12550,671.4790356001234
12551,697.5965889684888
12552,729.0624303010222
12553,676.8292591077468
12554,675.7606291069734
12555,723.7887302772631
12556,657.8766445405122
12557,726.5583677777545
12558,700.2515689957548
12559,752.6475589842433
12560,728.3337691324879
12561,751.7743796116324
12562,724.3611997203649
12563,719.9360520461714
12564,704.6790537245353
12565,687.6380803767287
12566,405.0397469947885
12567,663.1187018949038
12568,400.35914880188164
12569,695.9047115893374
12570,688.2492505125158
12571,669.970257575806
12572,697.4553064992382
12573,186.0675319307893
12574,723.4934434777016
12575,407.5190238947888
12576,694.1449573931777
12577,746.6946635734697
12578,707.4876579760704
12579,679.9898496051671
12580,713.8028985142109
12581,405.9295663503633
12582,739.7608786360454
12583,721.1402002074474
12584,754.3897153068101
12585,680.3178182678533
12586,667.2120732540471
12587,173.02053458567394
12588,293.4724956333246
12589,761.1538639312357
12590,368.7891206849339
12591,453.6311342887112
12592,723.952325055484
12593,635.1226761070885
12594,311.98655301551787
12595,722.211454691099
12596,260.2338295896533
12597,671.8023244709885
12598,409.19840078692965
12599,403.6535393376608
12600,394.04511332794925
12601,681.9641766239142
12602,303.732981843505
12603,685.3071991694172
12604,299.0639199419273
12605,746.2615530963262
12606,683.1328479810588
12607,673.0462757782586
12608,743.338319802867
12609,312.1676572195135
12610,779.2588867160205
12611,238.35972668010163
12612,689.0567805000687
12613,403.99792378822957
12614,662.9342846742189
12615,667.9155537131929
12616,731.1603767187813
12617,402.6622083455797
12618,749.9414518982795
12619,663.6949678643041
12620,687.1445998960428
12621,295.67534030199766
12622,731.0604588718999
12623,399.43163874924244
12624,680.6331159156383
12625,688.4191360168902
12626,752.3176231191842
12627,414.1980135133746
12628,827.6185928706398
12629,665.7416047343289
12630,651.6783904720166
12631,732.1945424801991
12632,583.9015012764008
12633,305.92999370825277
12634,688.034974838427
12635,731.4843519895664
12636,708.3484604259256
12637,741.7560476817971
12638,569.222418718439
12639,716.3535992325752
12640,787.2429986383947
12641,245.7266270164762
12642,806.9209194751959
12643,720.9754568114764
12644,445.62853656233835
12645,671.860228402527
12646,851.1363952872246
12647,706.4192195724947
12648,680.9362053478285
12649,698.3211179159273
12650,669.7129572619461
12651,676.3413175650768
12652,263.09614722439994
12653,322.38179698847085
12654,336.06268545211014
12655,729.5301847817927
12656,744.6056710007471
12657,718.3104275763095
12658,700.0987771230995
12659,465.99109322536776
12660,771.0623062571054
12661,670.7293401572043
12662,697.6306310268529
12663,744.4081026787321
12664,652.6901687843922
12665,304.6696910322002
12666,406.54508458277706
12667,706.5463538653346
12668,702.6995917899897
12669,706.7668731910669
12670,674.4223612950476
12671,738.658893724337
12672,705.427746056079
12673,749.7862399879286
12674,673.5776438158382
12675,302.1181449584621
12676,705.7683463139228
12677,666.4341541228376
12678,411.15081765483205
12679,252.00207135015648
12680,504.88382057347997
12681,677.1598662729521
12682,757.7018774293332
12683,728.7260376349224
12684,330.8540740295278
12685,303.3066148759546
12686,396.9086282509722
12687,680.3069970545182
12688,736.0638484862864
12689,727.6512554398859
12690,301.8143925323543
12691,752.368944759908
12692,696.7499249961467
12693,672.0815684937248
12694,678.1168410895436
12695,732.3126405973926
12696,671.579049475326
12697,300.17064658260296
12698,837.6425780816792
12699,398.13572450385556
12700,402.44248008313997
12701,304.8124153524958
12702,748.7030548416351
12703,475.91612656282666
12704,669.506233223273
12705,678.8921184120072
12706,719.57566024804
12707,334.11226609923835
12708,699.1838998324936
12709,704.9256861747681
12710,797.3591480938678
12711,409.43441778871176
12712,649.8300555821833
12713,681.5179846810893
12714,674.5808832262866
12715,712.3774744946325
12716,662.8095750375464
12717,684.0697972044255
12718,664.4351741303964
12719,726.1344892192614
12720,416.8870128971214
12721,703.608344803899
12722,699.4303600864845
12723,693.42352934661
12724,679.7068380690397
12725,847.6954536688705
12726,738.8965196344342
12727,158.35131905909236
12728,720.8665584617899
12729,739.3339809439359
12730,694.275337497656
12731,192.24630268394708
12732,716.9663481802833
12733,402.3228385166238
12734,620.6268322341178
12735,703.0680583321648
12736,704.3783829179981
12737,412.16594771312543
12738,689.5796531506412
12739,690.5771217740382
12740,714.1348010734685
12741,716.2972458527663
12742,756.9330473056648
12743,726.0040724191252
12744,782.7109498914374
12745,748.2477694275564
12746,408.050291423154
12747,298.1480146138278
12748,685.4556452866499
12749,708.3223812936873
12750,687.5647597720664
12751,685.0146620359183
12752,728.363132448896
12753,712.3562616551284
12754,648.3332969877848
12755,326.4014923549291
12756,239.2575761054718
12757,755.0061111923088
12758,688.4600327399734
12759,675.3620129861716
12760,737.1388888558984
12761,737.0431923185286
12762,699.2388780475137
12763,721.4787625459876
12764,737.7973336829302
12765,744.6387835708904
12766,672.6741539118633
12767,721.721332201914
12768,741.6587418316246
12769,678.5491215477577
12770,703.621823968686
12771,680.9731335935651
12772,709.2568993077998
12773,770.6246921544977
12774,719.7540257827496
12775,737.10737742173
12776,739.674776786057
12777,733.2916215116755
12778,704.6553486845178
12779,694.2465744072521
12780,657.2634273035504
12781,714.0921146022164
12782,686.9751758479034
12783,728.0977217115376
12784,827.5100514004336
12785,708.805342663328
12786,714.2829167448085
12787,710.1443226579224
12788,702.9730341948001
12789,690.1996483437784
12790,848.0022442428096
12791,694.1132979502803
12792,725.9529873819712
12793,706.8911329448
12794,681.1594109937694
12795,742.5884598577543
12796,737.700540827666
12797,395.9338828006934
12798,699.1638785823576
12799,696.6173734182524
12800,677.5702301729082
12801,274.32757234548916
12802,680.7263237644819
12803,696.4893245884119
12804,723.896913106079
12805,683.8136965452885
12806,680.6047220959156
12807,209.09324375190147
12808,674.8859244281074
12809,682.3952537992989
12810,674.5737398003452
12811,771.4059537897735
12812,707.3221318226546
12813,753.7343834247824
12814,325.00954182009866
12815,801.3022814891353
12816,308.8962751458961
12817,706.9760698572359
12818,660.8044874041344
12819,689.7804437161649
12820,724.7546225114759
12821,825.8169205346262
12822,648.683532593247
12823,679.8661068464205
12824,681.6632684995886
12825,708.6660517729003
12826,560.1724606500611
12827,665.6852305777068
12828,644.8803189308456
12829,254.94667981605267
12830,406.7705092816872
12831,709.5973502103076
12832,405.6748463860035
12833,413.62954651415487
12834,295.11409264605743
12835,748.2551175442322
12836,727.6965490750594
12837,671.6528449929122
12838,296.76361321089195
12839,713.292206376062
12840,672.302353016286
12841,848.0034222854827
12842,641.2767344100105
12843,680.7034210986737
12844,702.0959665603052
12845,683.2694953333826
12846,721.1610425193912
12847,676.7925853381707
12848,696.1676916449333
12849,705.8034912467187
12850,721.473969073111
12851,644.3775883877072
12852,829.6528150692952
12853,310.3637759989802
12854,774.461761276595
12855,300.281651965505
12856,716.6941181095103
12857,745.5292394856643
12858,733.5322146582303
12859,699.7217581320348
12860,395.1837223817557
12861,719.8884558471746
12862,696.2450798959833
12863,728.8299305980398
12864,750.0007171611904
12865,681.7596375781393
12866,181.5976993392057
12867,302.2002049303845
12868,745.5167517767673
12869,841.5285943931099
12870,729.599340968474
12871,749.778797632125
12872,397.89906087469757
12873,688.714484815267
12874,753.5345481222827
12875,664.3218566950031
12876,706.6338015576579
12877,816.8378841376815
12878,809.4488266170683
12879,549.3500036043558
12880,388.8942539074506
12881,646.9308179437662
12882,750.0357510760842
12883,682.4949968589742
12884,720.080863193273
12885,701.7448623568359
12886,698.2210593483651
12887,717.9146529081318
12888,728.2821994491931
12889,679.0961984265323
12890,728.4057592197125
12891,693.6934174941239
12892,561.7894434263549
12893,729.3890360405653
12894,181.42833192274503
12895,760.9176548057386
12896,299.9398352377496
12897,430.8951151672335
12898,460.5822469685636
12899,721.7737341824261
12900,670.6881507229658
12901,685.6931728000906
12902,416.2187343499719
12903,193.8088214767813
12904,739.2662617532569
12905,708.2019966823354
12906,301.2183317799502
12907,724.2739576954899
12908,747.9532690924934
12909,693.7246542251332
12910,696.3041935966064
12911,674.3535256682397
12912,709.0109666788329
12913,445.1793549159446
12914,677.8668805946667
12915,725.9357348127511
12916,296.97371811103545
12917,761.6399501883044
12918,680.5037771067598
12919,698.5367486267304
12920,684.4019690561867
12921,738.1932145040813
12922,318.38396869281314
12923,459.5959838163767
12924,692.0214676117696
12925,419.2665703637718
12926,399.24631615095467
12927,725.6429274731587
12928,688.2790726870317
12929,834.3835191322303
12930,648.4251759054313
12931,758.657281620579
12932,703.8526758190347
12933,296.0323149176607
12934,399.4266186568308
12935,721.3726562752495
12936,304.9827680166191
12937,689.7957176800604
12938,717.542011810204
12939,850.8845100428056
12940,408.38160048196596
12941,680.2481486707259
12942,847.2318664842028
12943,189.90868295390783
12944,834.5810808130798
12945,721.787264942937
12946,530.0635904596761
12947,745.2876258578024
12948,735.2733829494631
12949,668.8962829850575
12950,708.0163914184473
12951,703.3676885009977
12952,697.3513898746397
12953,728.4030867842604
12954,710.9653572239104
12955,704.3921493834866
12956,721.856033389694
12957,475.90327172828535
12958,656.7878728299602
12959,674.2440481023489
12960,303.08861509602093
12961,668.5199513635007
12962,669.9541823806219
12963,727.7886819529318
12964,851.1199138047555
12965,734.6058727525092
12966,384.1154925528688
12967,305.96318989231185
12968,294.24635454180117
12969,813.6449361467257
12970,660.1210198528261
12971,659.470903778184
12972,300.8069462897749
12973,250.95667193579118
12974,303.7249183643441
12975,681.9540526258361
12976,674.691336255153
12977,734.2816576661576
12978,675.1003594556049
12979,670.629703265384
12980,408.2818408569626
12981,710.0485459847062
12982,391.8825379088878
12983,652.8522851753564
12984,733.6428108433078
12985,716.2661674862512
12986,727.5720044294166
12987,723.5307837019895
12988,687.8917945046627
12989,707.7756395063827
12990,771.233302047171
12991,746.8060806885068
12992,752.3995563910028
12993,417.5253203163635
12994,738.2360217166498
12995,696.410635753934
12996,663.6994997542142
12997,696.2054031670609
12998,636.612995491287
12999,697.8125612599201
13000,419.2888169500835
13001,704.8258462821148
13002,398.13404651841586
13003,301.06226491920467
13004,369.3768367056295
13005,417.8679685982722
13006,403.3786915294914
13007,680.8061371923803
13008,747.0676897606277
13009,682.6299935379508
13010,696.9091573912935
13011,647.0657221440838
13012,715.2564392129932
13013,834.5791031129509
13014,397.4886151466993
13015,674.1494006260059
13016,712.7031661213738
13017,310.93135119309966
13018,171.210888849716
13019,727.9204100595736
13020,310.17368256469416
13021,683.9091646855971
13022,701.7680699431087
13023,662.9558256426075
13024,737.9363873909936
13025,509.44417580410976
13026,697.7372847142399
13027,706.4629429230332
13028,696.2169450821503
13029,709.3257924919592
13030,406.7893108342116
13031,698.36878332522
13032,245.38137703628325
13033,729.6229654267756
13034,699.301530560249
13035,716.6726438073582
13036,683.8076743154239
13037,298.8748614766663
13038,237.92691417557404
13039,313.57422013144446
13040,400.4996831640219
13041,244.39712512328288
13042,720.1289548140871
13043,649.9541026925305
13044,295.17091058343726
13045,680.0944950740643
13046,726.5716462872076
13047,824.199014219109
13048,693.5699416885449
13049,685.2229604596041
13050,182.34786279708203
13051,697.2379175482162
13052,625.6490876014675
13053,708.9111155039255
13054,692.1371469989814
13055,749.1903252892546
13056,739.5239144730762
13057,302.0750294245779
13058,727.6329136306505
13059,698.2515416651474
13060,680.3126922719963
13061,686.3612666079872
13062,708.1873298807985
13063,179.9286386773328
13064,743.8735237444621
13065,548.0464428991792
13066,849.5909740172992
13067,711.7349329416347
13068,730.8052057468398
13069,281.86522632848164
13070,706.8660981735807
13071,719.17756186066
13072,787.3290956914819
13073,852.4353357129669
13074,413.234715934587
13075,743.7262697535456
13076,695.9389083756893
13077,719.7399546750696
13078,739.7607157173006
13079,323.57749323803193
13080,737.1187826530944
13081,769.4868224058889
13082,677.680601486554
13083,702.7263971649218
13084,716.9499555859247
13085,766.9893931405611
13086,662.4047379439302
13087,708.7251891228423
13088,685.2813046954615
13089,733.3670270576033
13090,840.5197129693829
13091,711.8019278547906
13092,686.7397253478418
13093,643.0010705567341
13094,848.8593494245856
13095,399.0005569442687
13096,696.366201092826
13097,300.9112169726515
13098,731.5981576257841
13099,205.0466137691073
13100,732.7979779817822
13101,836.1756008492954
13102,735.857028229773
13103,848.8397149773876
13104,701.1526467102202
13105,677.5977261223292
13106,700.4496441728464
13107,679.8582194966345
13108,676.4818111392518
13109,701.3948989133708
13110,673.384944177728
13111,746.9401176361979
13112,846.6463581287379
13113,669.3982624967479
13114,699.7356456022757
13115,688.0958183240873
13116,402.85079225718357
13117,654.7800165438084
13118,183.23883384863603
13119,712.1296828405631
13120,687.6591613650762
13121,740.8673605710682
13122,738.384640455877
13123,676.4519523446228
13124,694.4721105755763
13125,733.0772126363884
13126,398.26776131910816
13127,701.9367288377224
13128,715.1595699846177
13129,706.4576340232767
13130,723.5826990696906
13131,655.7718550293914
13132,682.0123459539685
13133,737.0329053353835
13134,673.1077822919111
13135,636.104807875894
13136,704.0690291867979
13137,726.39816015385
13138,682.9323112671963
13139,672.3237821189797
13140,678.0866280840102
13141,778.9261276842166
13142,715.9163548952248
13143,394.79181067866716
13144,704.1411643437732
13145,763.3520856832668
13146,755.3288248492609
13147,722.6817158669816
13148,678.0768041363931
13149,413.5069101749556
13150,751.9888196984771
13151,559.2924605064352
13152,705.0658725919726
13153,679.1172662168907
13154,680.3592066700664
13155,702.3748471742973
13156,698.951559932237
13157,681.9836862165357
13158,717.3140834801632
13159,680.8087838617726
13160,771.2995323309422
13161,264.3008085870881
13162,678.7470032029779
13163,686.4411822657281
13164,254.40091688382165
13165,312.6900678667677
13166,751.2373583444971
13167,704.1614059393474
13168,752.5457512677697
13169,735.9701729037365
13170,702.6346905196127
13171,692.7523590981413
13172,665.7630284863783
13173,182.34056209817732
13174,819.630463790801
13175,673.7209444730754
13176,717.8010802175999
13177,716.3470012046436
13178,300.70956324979585
13179,733.5856461933023
13180,738.0757728673304
13181,678.8337298271041
13182,682.241578980043
13183,675.4400424945921
13184,716.309332241147
13185,712.7803031169698
13186,840.5587405802627
13187,703.7822191721792
13188,709.1463899361635
13189,400.1566491254946
13190,312.5214373001232
13191,693.8972353766844
13192,315.6298759321485
13193,690.4973149344552
13194,182.38819729359847
13195,735.6016107831631
13196,304.4167196279587
13197,442.9725448632186
13198,707.3803203760316
13199,733.2535168002044
13200,316.7614955522799
13201,656.3437902918477
13202,734.7891364762404
13203,695.3955523954426
13204,249.4044323430877
13205,666.8442192932787
13206,723.2148688245107
13207,701.2247097842808
13208,645.4331353662583
13209,567.4709710047068
13210,673.4421122284446
13211,224.77783752151902
13212,691.2878120892545
13213,745.0179666128898
13214,694.667252930084
13215,657.1218037598092
13216,848.2416800248147
13217,703.8525038217749
13218,294.9817854747611
13219,714.1196228336216
13220,744.8318816333453
13221,739.7505635776487
13222,695.3865116759503
13223,733.1403718332933
13224,720.4504012593834
13225,848.0206762422074
13226,847.2964775827377
13227,709.6368975790174
13228,752.4479138532339
13229,312.73854557901905
13230,839.3390141208624
13231,494.4439024698119
13232,408.40501773135077
13233,746.7542972918577
13234,673.8412102994381
13235,696.7609080632627
13236,714.5398209688655
13237,410.99155523425634
13238,683.6121399668068
13239,766.995957824803
13240,546.3461797761915
13241,574.5250893879843
13242,407.2355667960707
13243,719.0567973022635
13244,724.6257796623571
13245,688.6398726292008
13246,743.9137465742901
13247,669.2820701263154
13248,704.1470277762371
13249,683.3849338937212
13250,689.0327551762464
13251,733.2152412428052
13252,683.4023897047822
13253,700.6759811812145
13254,680.3304480907095
13255,638.8883129915955
13256,331.87727294540827
13257,700.5472685051475
13258,743.3353506458283
13259,736.7267401174805
13260,711.8196645489097
13261,682.5613618328636
13262,181.5370505011989
13263,727.0458987706907
13264,687.3525855035691
13265,753.17433454457
13266,290.2692076660186
13267,640.6485041102248
13268,746.6203467473849
13269,701.8648890454403
13270,294.59035246686057
13271,795.4319900269621
13272,442.4098671138686
13273,689.6734922136374
13274,648.9958692402988
13275,676.4411606836667
13276,405.3236834621794
13277,292.13778401305836
13278,700.617092991502
13279,733.1592161534996
13280,752.0654169800738
13281,305.9605981049013
13282,693.6493483640133
13283,681.7301278871766
13284,287.6875242431907
13285,729.521516122975
13286,683.4629771637708
13287,697.1830104890507
13288,581.3022529687435
13289,708.874315579064
13290,294.60888611543834
13291,755.3736473981122
13292,713.0018253633589
13293,230.27810605603077
13294,708.0842641662205
13295,649.7631219925778
13296,268.2506018696926
13297,769.225085915568
13298,710.4989654306644
13299,726.3979547273242
13300,844.9285179471977
13301,196.20513947458767
13302,726.2096567406409
13303,698.0381024522621
13304,754.2629764263452
13305,252.10668667332902
13306,703.4876317266609
13307,439.90258486219034
13308,705.8867218976475
13309,747.4219003229929
13310,708.2183391928648
13311,755.9527534599201
13312,719.310060481306
13313,760.859200638185
13314,684.7452968134418
13315,698.5046654484775
13316,703.3407009021801
13317,689.7321507261967
13318,694.1234261909749
13319,768.0314320996447
13320,704.6894907853359
13321,402.3649199309619
13322,701.8834183242051
13323,259.1569679451232
13324,698.9570775157752
13325,705.9123306498434
13326,709.3669503795438
13327,735.5463726499995
13328,686.4976277545251
13329,736.5785673204724
13330,645.3982251716824
13331,394.65477238998426
13332,671.5709674087487
13333,403.6147344723467
13334,839.8900778797317
13335,294.00565140036167
13336,842.7925526106353
13337,675.538415783875
13338,658.3083138309157
13339,677.3874505240552
13340,706.1192840595518
13341,402.86395237311496
13342,745.2446400838205
13343,402.70837787918623
13344,649.8351183846335
13345,724.5722805048531
13346,767.8594917974095
13347,730.2347943147447
13348,814.0485628086726
13349,745.5411053189852
13350,716.6630770166339
13351,314.58103790506726
13352,717.5737387828881
13353,432.9738136772328
13354,716.8438831056126
13355,830.9705752959319
13356,715.6148618504787
13357,416.0467443826619
13358,682.1543461103961
13359,836.182375968106
13360,738.4107717585107
13361,669.8427141997803
13362,678.5431204892334
13363,500.76624454682354
13364,688.1155775254168
13365,716.4974447753589
13366,296.1098183021383
13367,851.8899289175872
13368,707.9094949378084
13369,680.3788398011367
13370,681.4458774528333
13371,784.2432435771741
13372,300.316292334861
13373,673.9927656466051
13374,661.1719901792709
13375,702.9888003092582
13376,718.4260592514429
13377,743.1654069820578
13378,842.0725880846494
13379,696.0056874870538
13380,304.4902813066598
13381,687.3525974884341
13382,688.4901604254912
13383,742.1426690576673
13384,302.53805182858207
13385,681.7238842181152
13386,757.6124158250303
13387,705.0280856816363
13388,402.73031622673705
13389,691.8258269993723
13390,745.676216766601
13391,402.12472259663576
13392,399.6127087935984
13393,302.0802080289317
13394,768.5560842672386
13395,739.4365207522777
13396,293.5715953840974
13397,479.6700767084241
13398,615.6535839300392
13399,726.6905267939477
13400,698.0520401446636
13401,684.5350212721878
13402,238.91479746459953
13403,668.244746164335
13404,753.6942492744008
13405,713.8422810347904
13406,696.4931721406898
13407,729.5591194414773
13408,686.3512136148291
13409,853.3268865968159
13410,676.722484422545
13411,295.4528296984865
13412,720.5730027332711
13413,700.7862734016584
13414,723.4526383554643
13415,686.7066319726248
13416,307.592993717911
13417,647.9743015170359
13418,709.4327575175795
13419,674.09747126063
13420,684.1259211773117
13421,677.4181680271174
13422,757.7255526755876
13423,293.57863834905555
13424,687.1618291968604
13425,721.710871457869
13426,698.701705973044
13427,768.4365360885977
13428,703.4689629587178
13429,668.2295407190317
13430,699.795641191461
13431,617.6905785948957
13432,755.4051833791302
13433,699.8136198874024
13434,821.6696471153439
13435,690.0900881148226
13436,677.0357045667955
13437,720.4048670931468
13438,299.3625073047895
13439,719.9161980063411
13440,694.7594560848388
13441,751.8608415263448
13442,245.71753527424528
13443,726.1034057372673
13444,644.6726451191845
13445,743.6784828749759
13446,668.6715580909495
13447,707.9753359742554
13448,648.4978896381841
13449,237.42007799762155
13450,742.9046222957237
13451,654.609659346936
13452,408.0096654513021
13453,665.979820250335
13454,698.1035347695793
13455,653.482592649454
13456,658.5696331515264
13457,737.2349708317286
13458,649.8347480554955
13459,732.8412290893237
13460,682.1453385770798
13461,701.2001900356343
13462,238.35972668010163
13463,682.5087793801389
13464,722.1063052472628
13465,402.529665400883
13466,403.2348213001936
13467,676.0686249506164
13468,703.1013049912035
13469,749.9888330987915
13470,293.55368704613136
13471,737.6712976259863
13472,622.106905497374
13473,766.1468326003286
13474,721.2491453073834
13475,833.5603960670649
13476,728.1576772204673
13477,720.3167921414096
13478,779.7580939533711
13479,718.895280327018
13480,687.2529908444412
13481,694.2109390309888
13482,706.2448913537908
13483,720.7285091351221
13484,676.957895833259
13485,582.5096874016831
13486,696.5127329199155
13487,406.56188213508904
13488,735.2556558978094
13489,714.7494571086033
13490,709.0660130942234
13491,835.1265119639154
13492,310.11803226635556
13493,400.93021655706843
13494,221.16572184465866
13495,845.0142160447843
13496,699.7833179396307
13497,732.6728130353439
13498,715.2197893671894
13499,319.9843838753265
13500,737.7635077162589
13501,283.6409509272822
13502,755.4383738691524
13503,839.283199995446
13504,310.08712122843536
13505,752.8406184539285
13506,179.05327598295617
13507,441.05134377079867
13508,715.5719332422327
13509,241.6167529282074
13510,264.33906699688106
13511,302.3066968598242
13512,310.1508333204642
13513,376.6488091991275
13514,751.4387340325688
13515,699.182713127111
13516,777.8829156879405
13517,695.2210738522708
13518,651.2828011886668
13519,417.70085707978774
13520,741.530388181558
13521,742.2617551437481
13522,662.6208291083501
13523,722.4733716665021
13524,380.20349228980564
13525,746.9329253720166
13526,299.7399526873354
13527,409.2181685739653
13528,753.2998113345095
13529,718.5153806932266
13530,405.25006393416663
13531,736.3555191131957
13532,311.8671607454297
13533,771.5988780756528
13534,720.6338051881868
13535,711.3052418536599
13536,707.6111332027917
13537,278.37709966164573
13538,679.1230709110913
13539,716.7383886140879
13540,736.7459876765923
13541,687.0802474515781
13542,478.3793793447284
13543,568.5735225951133
13544,674.8701943035517
13545,304.39608565242287
13546,716.3693835485728
13547,682.8017872372687
13548,761.1623082065712
13549,300.2721422704577
13550,416.4878617047011
13551,774.711759655584
13552,686.4598681284142
13553,304.7553189704529
13554,401.96476523871706
13555,293.1502163880933
13556,710.6407274797151
13557,704.1310439846907
13558,706.9211924168117
13559,419.8240349984527
13560,331.36405615115785
13561,746.6406611119817
13562,705.2846203859807
13563,679.2895360631852
13564,710.0899767745774
13565,403.51945571419054
13566,294.9730517278924
13567,714.1256397930948
13568,682.7077271922674
13569,695.2663886610891
13570,639.5364315283548
13571,747.7432957520602
13572,664.3296644784385
13573,682.3214007851411
13574,693.4168142090808
13575,316.6745522117625
13576,736.2928033924617
13577,686.0722359729476
13578,678.1558359838169
13579,751.4512696407148
13580,693.7453824557805
13581,727.1689676853772
13582,660.6687397908958
13583,635.421837049836
13584,704.5313733766862
13585,394.8733639420453
13586,275.8183488467229
13587,672.1081727905356
13588,403.21425145990685
13589,324.3589559449674
13590,746.1741509434949
13591,849.0795539767246
13592,715.9157753701267
13593,304.01054378162655
13594,702.6647088613407
13595,712.7495147640474
13596,704.8815915955321
13597,321.2840383990985
13598,397.27257870272564
13599,708.2907539211794
13600,722.6252783295679
13601,745.7558260096383
13602,676.377631637787
13603,652.2682011809632
13604,692.6357324431171
13605,390.7271875977508
13606,499.1389845205893
13607,182.38819729359847
13608,684.9835645908166
13609,726.3992215084417
13610,702.8520265125609
13611,714.8462009813657
13612,739.1695915534543
13613,703.1661520744574
13614,692.2234463424888
13615,402.04365720405406
13616,300.39763225855677
13617,387.36678419947634
13618,712.7472493626182
13619,274.78983762316034
13620,830.8139720648171
13621,708.8401588687519
13622,401.19941528005535
13623,667.1432539557229
13624,302.6071275876624
13625,305.85571286283664
13626,402.28465653509926
13627,668.2745077358456
13628,719.7615994928944
13629,709.8066331533739
13630,711.1779221168706
13631,802.732621236963
13632,245.45544530605088
13633,700.3125331080965
13634,672.9564565981592
13635,738.9502097197355
13636,678.3198501660765
13637,725.242008101447
13638,414.819889678152
13639,401.5307247864687
13640,837.4560192990338
13641,736.7100499793878
13642,419.42992217364804
13643,730.6599878743601
13644,682.8606545647067
13645,700.075747384366
13646,664.9238542087378
13647,389.10976310978134
13648,682.8660829224233
13649,297.9042204601362
13650,733.9173315967771
13651,654.244249989134
13652,679.4943407825796
13653,732.3256021227144
13654,680.3758282277727
13655,698.8419871606156
13656,674.8766646701301
13657,304.3319381049347
13658,743.3713421665803
13659,720.2085699877055
13660,733.7020134538342
13661,699.7099466346323
13662,405.7894587305736
13663,684.9221852700341
13664,676.0581267488914
13665,681.7621430860298
13666,743.9616173289082
13667,770.7484232253396
13668,678.9187683400106
13669,688.8866191101021
13670,757.8751949017095
13671,682.4477035368817
13672,647.2430108959247
13673,718.4055852775579
13674,644.6854503984058
13675,403.05770072692104
13676,678.4740470438851
13677,656.259118145351
13678,796.5457927602534
13679,778.6963045011476
13680,722.3637287288972
13681,686.585391203726
13682,678.2436614600988
13683,296.3779154392829
13684,708.9553232434318
13685,738.4539832439459
13686,701.324726159461
13687,724.9132879485384
13688,680.5532304382712
13689,401.2828810117121
13690,647.8944745138896
13691,786.9446562897144
13692,557.3846437039931
13693,752.9745475462346
13694,710.926477500144
13695,301.67108123904654
13696,730.8970264945576
13697,716.5411814066648
13698,719.0135155411866
13699,647.3232191391767
13700,640.9904806594071
13701,746.1531962626626
13702,759.880703916302
13703,711.2348262697752
13704,706.0193286470626
13705,410.18669822409515
13706,683.8912407474918
13707,633.570709387791
13708,306.14732076884485
13709,175.31467435804961
13710,726.2727081482269
13711,853.4792716110727
13712,684.9262377834232
13713,674.8174372785396
13714,309.963959492266
13715,708.9812542155227
13716,751.5073799200342
13717,554.7627273704148
13718,651.7877327748139
13719,700.5689614194825
13720,714.7319053868883
13721,406.31818460739544
13722,249.09177958292622
13723,734.0153572158166
13724,674.5121015596878
13725,737.866136491703
13726,301.24239890264323
13727,707.3841939728293
13728,689.5926150112504
13729,715.912593275277
13730,417.5376923816341
13731,269.7143433534016
13732,770.4332987196203
13733,732.1481592677037
13734,843.8359920530271
13735,675.8706799174065
13736,724.9241241263404
13737,684.144743120848
13738,677.9131026613534
13739,674.7941884082799
13740,549.3779272839167
13741,727.1802202109664
13742,295.42723645820024
13743,681.5656922419822
13744,702.9330919467589
13745,736.4817865728974
13746,669.3703356276922
13747,812.6570958890076
13748,729.8949547944799
13749,720.2270240387248
13750,319.01513549434185
13751,498.5052975630241
13752,663.9214515318795
13753,681.3990987993126
13754,700.4717281302716
13755,845.9990009726206
13756,703.0719202425079
13757,401.02125066489265
13758,395.0041037239026
13759,729.7984211066538
13760,698.96794164651
13761,704.2833455111405
13762,722.4792231074684
13763,697.2967034805696
13764,397.99182303830946
13765,679.5789320676338
13766,256.0300014157587
13767,317.0494285984
13768,691.0298660701075
13769,704.66057861374
13770,701.1454227272844
13771,704.4724862547566
13772,852.1449577505482
13773,697.56073242012
13774,342.548126671474
13775,301.79197653732245
13776,750.9872783853563
13777,703.129436889383
13778,679.0304025287336
13779,722.0968660183321
13780,407.7162105908147
13781,782.7055151649098
13782,675.0114821448258
13783,688.2962461342804
13784,417.20221050224916
13785,710.2386009150454
13786,715.3166374688666
13787,658.6532086476511
13788,654.4961254914908
13789,705.3457114553379
13790,529.0050922279898
13791,677.4592578222695
13792,720.1649421869797
13793,849.0072818616624
13794,721.677986729136
13795,291.68321586509404
13796,737.9998686142394
13797,713.547462715816
13798,727.9793069170521
13799,703.921372925605
13800,747.6567102577667
13801,765.3072457994344
13802,687.8590983006017
13803,730.0138249014447
13804,678.9115752282265
13805,748.0077382302513
13806,739.5650105246177
13807,397.126008529866
13808,656.9273363228831
13809,702.201117296636
13810,666.1124371239302
13811,649.7812029169877
13812,479.8212239091377
13813,716.0192605546802
13814,827.2297092055087
13815,450.7474366327573
13816,697.1982062108966
13817,751.8983778026646
13818,529.4508459770647
13819,723.669732223359
13820,647.6997404723655
13821,414.5484777576175
13822,710.5057473322026
13823,659.8935593066633
13824,297.31550301483884
13825,273.05770864127817
13826,665.5052691750022
13827,728.2932311797975
13828,731.4573792673413
13829,666.4074966267973
13830,688.6199025717661
13831,709.1645007209485
13832,851.2426750557619
13833,727.5649545950969
13834,689.9346019135822
13835,738.9491074846377
13836,683.5781734823048
13837,749.1298211703462
13838,319.79573973739343
13839,852.0113118170813
13840,682.2773433645867
13841,846.3486505660717
13842,394.1610073348852
13843,696.3864347701867
13844,752.175557728437
13845,742.2707096840506
13846,707.1139919635389
13847,695.3538673552339
13848,729.8593223973304
13849,758.8196572726569
13850,725.3619296019463
13851,848.7353307728969
13852,766.0445672628889
13853,452.1514476110103
13854,372.37123263549654
13855,424.6951917538672
13856,540.9755954193402
13857,741.078027991255
13858,695.0369432453754
13859,758.6740713058844
13860,292.75403238494545
13861,703.1208394819116
13862,835.4146249150006
13863,690.2907995630409
13864,682.2931083767712
13865,730.2421753471941
13866,718.7258849337568
13867,681.1271072074256
13868,759.5051127795739
13869,700.2518666802558
13870,675.2021785827792
13871,296.3241768631488
13872,305.7424069680521
13873,724.2630799979491
13874,298.1476212769657
13875,718.7365431743754
13876,727.3854063588332
13877,699.444772161897
13878,850.0818276979355
13879,656.131195462754
13880,656.6006812290324
13881,418.62934405655585
13882,749.458468862034
13883,142.41477970281846
13884,465.3908872676112
13885,683.1517684316896
13886,301.12543323812173
13887,775.2865503247143
13888,681.002037310303
13889,701.7073101740383
13890,491.92742873109603
13891,702.7304739021891
13892,738.3659489249321
13893,400.5796812879371
13894,650.7621132724647
13895,840.6529834666155
13896,679.8583574963243
13897,552.7320264940391
13898,737.331905603203
13899,408.4077018116806
13900,717.552959413819
13901,747.1449338633765
13902,705.853018899426
13903,690.4977326838741
13904,733.8291351165282
13905,701.6396943486244
13906,732.3527759100286
13907,847.628136838394
13908,820.8137517846864
13909,549.165101879917
13910,731.0806786982565
13911,766.2455774183209
13912,404.94908781178304
13913,326.3514164008525
13914,400.466530223494
13915,678.643718115446
13916,651.3997782957647
13917,767.1764948143183
13918,709.6528886812847
13919,691.1492313961485
13920,653.9826050831515
13921,720.2511912757484
13922,751.1255022466765
13923,673.0940867947049
13924,714.1176096332501
13925,752.0181561638647
13926,765.2573804159933
13927,685.101254247035
13928,781.2346784137187
13929,309.6397103241817
13930,717.0739440012542
13931,308.40329219940935
13932,654.5002915752907
13933,408.1477596219917
13934,680.7539850557383
13935,292.38276225783903
13936,672.1005305124171
13937,690.9441599170243
13938,709.8039280471633
13939,643.0260520955997
13940,709.1645091624488
13941,649.364307963957
13942,731.0252777556619
13943,690.1443372806624
13944,676.5762746548662
13945,694.2468479185626
13946,718.888824726108
13947,652.7575717580531
13948,689.6938780920102
13949,650.9335252030573
13950,696.4744836952932
13951,360.1664524756995
13952,426.08384596406415
13953,734.5468978739023
13954,694.6739933991605
13955,753.2506055877034
13956,320.11576868159204
13957,286.6511770023734
13958,845.5945626861076
13959,731.0227047773714
13960,675.4129194164335
13961,708.1169348232795
13962,664.1924145748969
13963,738.3198609431042
13964,408.44332240602904
13965,676.4443354864975
13966,655.6888714048738
13967,671.4282846256207
13968,734.9707807009585
13969,699.2636869845678
13970,676.3192738195637
13971,689.2537677716364
13972,181.5086746149786
13973,715.6191052508472
13974,720.3521845595724
13975,833.5269969728827
13976,656.6625316312015
13977,697.8327542734855
13978,507.14623558935506
13979,708.5721242950888
13980,680.1132998119452
13981,741.8277968836335
13982,681.5308117966609
13983,637.0195475030193
13984,678.4655721621258
13985,299.7569817486508
13986,748.5612951690907
13987,320.75201179701133
13988,295.62934226894413
13989,765.1098311111322
13990,293.8845348653458
13991,673.4027038262935
13992,683.5998421569941
13993,691.7777718465134
13994,738.6579880107513
13995,728.0315194855405
13996,705.8228072355273
13997,716.3536395796474
13998,700.6394164189107
13999,719.0921330547752
14000,734.8149226286263
14001,562.35337115713
14002,672.5920954806674
14003,682.3252523657276
14004,701.1802434872753
14005,700.6553074355369
14006,709.9702007543391
14007,706.8392036517123
14008,758.9124570237843
14009,714.7729581934343
14010,697.5087105714241
14011,743.8238782294462
14012,672.672886964318
14013,696.9228039026494
14014,295.9950062167396
14015,852.594117195505
14016,748.5776982838723
14017,394.25642176384855
14018,714.4444420133642
14019,699.1490929486753
14020,782.7053638779454
14021,651.6080871540565
14022,833.8021218467509
14023,179.01143065541999
14024,712.1203693345299
14025,682.4772933746127
14026,810.6413907103903
14027,742.0957812901797
14028,700.5795896808253
14029,674.8676236143991
14030,748.9437785333823
14031,750.5869302718833
14032,680.4357233025895
14033,233.97869168581974
14034,293.87269766363863
14035,717.5819542287738
14036,650.7355846402705
14037,679.836147653615
14038,679.9353609959277
14039,740.0243659813702
14040,331.9003148132168
14041,723.8374032240492
14042,840.6889940229734
14043,672.2752808149993
14044,695.9424149699472
14045,320.25576566471454
14046,239.62951260628
14047,687.4567813838612
14048,702.1884745211778
14049,288.891667815296
14050,549.4130873112196
14051,718.3618486154945
14052,259.03524833867476
14053,741.563121379296
14054,403.15138242348326
14055,785.5463264260478
14056,711.9555950147025
14057,703.9276438725124
14058,680.0824472779724
14059,674.9319637268932
14060,678.8058437428332
14061,712.6030158067961
14062,405.42717558794783
14063,676.5454752889331
14064,838.9973404001412
14065,679.0060553727067
14066,693.6872196285608
14067,680.1703909217754
14068,681.606566354048
14069,691.8362125559612
14070,780.2410547222046
14071,724.0229416635088
14072,727.8916823141326
14073,370.7603922005744
14074,740.1857673248618
14075,722.7874129472248
14076,720.2971304326907
14077,301.3048460936039
14078,733.3033592022613
14079,677.2233867674929
14080,667.461640184056
14081,701.4641279655906
14082,716.9610211415323
14083,733.3897250090656
14084,672.598339633448
14085,676.6633450451819
14086,651.6079508794519
14087,238.903009137666
14088,698.3354582736712
14089,750.2264615999625
14090,708.5868809293659
14091,690.2639846299107
14092,680.4556939844197
14093,408.62101908427496
14094,177.52384062239634
14095,675.6502711815591
14096,678.6698753078781
14097,716.6591658537434
14098,387.02271913913
14099,429.8053001318733
14100,737.0920856888575
14101,687.8963573424568
14102,728.723732258959
14103,705.5814719826208
14104,657.5928148250218
14105,676.5824044990223
14106,698.6229416746023
14107,674.3527038210036
14108,640.8859839283912
14109,677.2311201176093
14110,296.15335631940513
14111,749.8086246183701
14112,304.13740215821906
14113,748.5718195444367
14114,682.5500679714678
14115,672.6248732011018
14116,717.6255128880096
14117,678.4551389818091
14118,697.6206510352494
14119,708.8361645115773
14120,672.7081422914811
14121,703.9256964286633
14122,744.8575201622773
14123,735.946948296936
14124,226.000943418298
14125,697.7542600013777
14126,697.4731844107115
14127,678.6548683599015
14128,701.311640017286
14129,700.4278379831937
14130,734.271401891461
14131,761.8302608742804
14132,691.3075225265276
14133,695.8042058905924
14134,406.9252810170103
14135,747.6547210895565
14136,676.8273350594428
14137,728.3101848993429
14138,297.6946380156936
14139,686.0653997089486
14140,246.65836060371038
14141,749.6964110888027
14142,677.8675351338378
14143,303.57944521461746
14144,746.1603227403534
14145,671.6564420939216
14146,666.970528709278
14147,725.6672513869242
14148,678.0265392779886
14149,700.3809944916518
14150,386.0116832022288
14151,638.3974837568985
14152,831.7249844323336
14153,712.4648196506928
14154,848.2120859965521
14155,393.2743678526328
14156,732.6257937316961
14157,678.2211578720746
14158,396.3514987443111
14159,404.49522855714844
14160,436.1862763508563
14161,669.6983507994596
14162,416.0185824953704
14163,826.1544914076796
14164,719.9693110424489
14165,541.6082775826158
14166,674.6341552611241
14167,697.7048185141549
14168,735.8312112575288
14169,708.7159818405472
14170,672.9385835438817
14171,226.3195793980858
14172,755.3968085919407
14173,294.3233814030795
14174,700.2796678562427
14175,754.7517362947691
14176,416.52486465717584
14177,851.2307246182784
14178,695.7675270652941
14179,666.9108234722382
14180,183.99173611113264
14181,671.2504878595005
14182,681.9068627339756
14183,851.4182919612867
14184,764.736572555045
14185,679.9789277293597
14186,724.0574609362467
14187,674.8497439161602
14188,671.671812925175
14189,744.1207388238066
14190,751.7456429416061
14191,407.32991994317985
14192,315.2489394478297
14193,705.7562589038677
14194,725.495827672324
14195,676.3203284273169
14196,533.8340733997711
14197,678.4654045144365
14198,685.1773708910191
14199,763.0520098234233
14200,709.6613239939796
14201,240.0605483999551
14202,688.3448810019262
14203,307.6552468877167
14204,777.2824686744161
14205,829.4818740523036
14206,767.1575049643043
14207,724.5586975614038
14208,765.9749896415515
14209,682.5210229111943
14210,708.9221644885057
14211,830.3611438898121
14212,681.2719390999016
14213,204.45234464182278
14214,686.6481149630872
14215,706.7617039056588
14216,246.85660040140607
14217,704.4398775572648
14218,674.9681383990227
14219,769.075419539803
14220,716.2228090076451
14221,707.3286423027835
14222,846.962228196189
14223,632.2693210092101
14224,734.7800848988147
14225,653.1517418258316
14226,690.5122482624988
14227,305.2516074783172
14228,623.2992088244283
14229,659.3086383766532
14230,749.7098977176727
14231,668.054854498034
14232,718.1601736630103
14233,678.4708629834275
14234,643.200898944198
14235,238.903009137666
14236,683.3267024033235
14237,750.577888786011
14238,750.8986098708317
14239,351.61365257931624
14240,718.4794428602154
14241,728.9565900777666
14242,398.9355765635613
14243,752.8994876703902
14244,712.9311047352415
14245,400.9368379928233
14246,714.8949161079992
14247,736.5039191479603
14248,724.1362290305906
14249,658.1473234293787
14250,300.8820203447388
14251,676.2437240146791
14252,419.08509811336694
14253,844.8816046686527
14254,678.6178326091998
14255,404.6248951155308
14256,241.87436359467654
14257,397.9451664358892
14258,678.4750137283246
14259,671.6764425715778
14260,682.3654453745409
14261,397.75598516991215
14262,720.7834063143623
14263,737.9968807210033
14264,413.2887883586044
14265,688.13629363324
14266,702.4797872750509
14267,646.0504818740086
14268,411.84618751918316
14269,725.0358868344291
14270,700.8913322674694
14271,690.1701371991606
14272,698.2111913184484
14273,745.6065523131338
14274,721.5089443399817
14275,850.285397988388
14276,739.5369419298052
14277,742.4844890796094
14278,307.9891415001592
14279,404.47260437046896
14280,406.22399126081143
14281,673.0863112811204
14282,399.92525138270446
14283,684.8022526281404
14284,735.3417163307984
14285,721.0486806541423
14286,679.8734439030528
14287,695.993139177533
14288,639.7957903878531
14289,687.2552550405541
14290,448.08898931164487
14291,400.2434486802676
14292,682.7885287482966
14293,745.7116930084294
14294,408.3806009309468
14295,707.1720577514627
14296,181.5086746149786
14297,846.0825079347569
14298,655.3761176078674
14299,716.7174100362689
14300,703.0455302195552
14301,707.8613079253323
14302,680.152257332007
14303,715.5047057532917
14304,685.227825101161
14305,727.5715970334085
14306,678.5063111879889
14307,687.8325188692448
14308,750.4586990162069
14309,743.8741554646595
14310,849.0427237320183
14311,829.9199614524704
14312,734.6307621903475
14313,849.0896129858984
14314,726.1124794839028
14315,743.9222001752953
14316,836.3355210291952
14317,670.5498110350245
14318,672.8208135436543
14319,771.2513820980784
14320,163.79687633328365
14321,728.6290683307085
14322,723.1834736007347
14323,679.3654937946085
14324,673.6670064585161
14325,670.250534503294
14326,670.2356502042413
14327,682.9499411849348
14328,757.7454836835972
14329,684.9796493440633
14330,735.6911760061687
14331,394.93614793227033
14332,762.7096280696832
14333,776.1766646567646
14334,684.0633677419654
14335,720.5268104326645
14336,315.70714877187373
14337,521.1141018099931
14338,792.4355708558708
14339,725.4711642490383
14340,704.1202204623078
14341,421.5743194279287
14342,705.6218283389592
14343,718.9567924739067
14344,734.4340377652312
14345,394.2233340775092
14346,669.8380257866777
14347,670.2313738035581
14348,745.2891411549188
14349,714.5835553985919
14350,656.5107332535396
14351,743.240535601688
14352,752.6188205587615
14353,693.5513046390154
14354,320.28356258829825
14355,692.7540457705369
14356,674.1463159534834
14357,681.7685934327271
14358,310.38792232963294
14359,677.0570132689677
14360,716.9164304928831
14361,750.3685777539982
14362,721.7137572818934
14363,230.7585304612083
14364,316.5531770845853
14365,401.0534418686486
14366,662.7456571926591
14367,747.214659509249
14368,665.4679293760755
14369,697.97487292122
14370,732.4461836920059
14371,294.0906796574413
14372,671.9182779594092
14373,713.4015571181244
14374,762.22252591196
14375,664.8720722610975
14376,298.67946155130204
14377,403.4184807009554
14378,782.573836420048
14379,695.6420248566075
14380,409.88215344446246
14381,806.0857222968061
14382,704.801975597635
14383,693.2183992820354
14384,743.1379945014393
14385,675.8891234204248
14386,294.3761441533016
14387,688.9101210829414
14388,704.4560617536226
14389,408.1320612776737
14390,688.7032663341112
14391,735.4761770912373
14392,295.45875873402633
14393,702.1946673865627
14394,654.7472737771529
14395,725.6988707122636
14396,649.7914540682544
14397,747.0897065498023
14398,709.9527488645983
14399,711.7763568701985
14400,158.3913944584857
14401,724.3251958734105
14402,770.9622725898053
14403,403.93993349161815
14404,699.9397768265077
14405,732.3439938939674
14406,770.9958089618436
14407,389.50943176469286
14408,724.0984059351168
14409,561.9026208093792
14410,682.4660453299473
14411,689.9968773551308
14412,681.6988654369846
14413,677.5656628651386
14414,300.75910352725504
14415,683.4024862649458
14416,791.1965295222269
14417,763.3905014134095
14418,546.5958466642203
14419,725.7347779311754
14420,419.0114608949827
14421,707.5154572233163
14422,705.0598359823143
14423,327.9151863838985
14424,806.2423151108916
14425,412.02221494192406
14426,774.2932032976862
14427,749.2909669104947
14428,406.28278649884294
14429,417.2649293826762
14430,705.4044692126218
14431,684.2730313140013
14432,406.1444781323165
14433,702.1555929064502
14434,340.4585727395042
14435,749.8736904474493
14436,703.3397450007552
14437,414.23691998116215
14438,641.8805839777954
14439,415.6510726124141
14440,672.6322576365817
14441,747.1480263785099
14442,408.60360240964684
14443,415.95820308008274
14444,703.8590445383568
14445,733.53239963287
14446,716.1874974204635
14447,410.3514233796502
14448,693.5675969860946
14449,678.6123379666534
14450,725.2040689520006
14451,315.6333148967179
14452,703.5141126688596
14453,687.9373105868332
14454,294.80425794385326
14455,707.8524098259592
14456,410.8617230874026
14457,650.5082789443803
14458,744.3934533807717
14459,746.6609689421741
14460,408.5644018169221
14461,809.5700784293986
14462,683.1285474230623
14463,688.1129451210777
14464,317.8481182448409
14465,742.8348388261794
14466,688.0542685354328
14467,294.4045539774127
14468,753.0873264748358
14469,750.681521720966
14470,725.7490452344123
14471,239.32165161273707
14472,230.41612822578526
14473,297.4054013748232
14474,365.8833311732368
14475,725.6711083789727
14476,717.0988641202214
14477,695.9178964288748
14478,505.56276354751355
14479,782.1658313535272
14480,704.7143993418905
14481,668.9661691235243
14482,665.1494374372179
14483,655.6128702003592
14484,669.9328254146787
14485,704.5868899506021
14486,291.8983337564806
14487,697.5666534022537
14488,727.0720331588684
14489,404.96942432198335
14490,705.6719102156093
14491,399.3783965808664
14492,749.1647989002744
14493,674.8130021321884
14494,303.05674515047735
14495,673.7500812875795
14496,709.524339315752
14497,691.7816302164913
14498,669.3990153357179
14499,326.69990367362226
14500,732.3566687467579
14501,691.0829471921953
14502,751.9295600186656
14503,400.89807500716495
14504,686.2402070816746
14505,704.289070150445
14506,318.0185316464885
14507,405.87472822790795
14508,658.3694638039107
14509,394.54782109900265
14510,162.81709987574845
14511,553.450771650393
14512,397.58739695848055
14513,397.41510232997314
14514,316.5134886813045
14515,803.2789290839937
14516,655.8629660752881
14517,748.595808250509
14518,697.6337413419429
14519,657.7821458743033
14520,656.2059812370939
14521,689.1214225794413
14522,659.5041766310103
14523,777.6355302348868
14524,753.9683282037961
14525,213.15189235340466
14526,726.250917772741
14527,734.1968643964892
14528,694.9518291234206
14529,675.7603503447294
14530,710.2722284907927
14531,637.4087960501473
14532,753.5251461729744
14533,726.0536389795868
14534,710.8455762496773
14535,670.7163523511886
14536,724.8539833876513
14537,158.3913944584857
14538,423.4060391948311
14539,715.6434267088124
14540,746.6330440038196
14541,739.1816815415866
14542,418.83104535678115
14543,398.39614642873477
14544,696.4744498874065
14545,661.4011828219726
14546,656.4276312595524
14547,721.1848297049081
14548,848.2376654558233
14549,661.7919061472188
14550,710.0553001939983
14551,646.182487984964
14552,405.0040383784918
14553,279.6876387351019
14554,300.96690280936923
14555,309.23293904205826
14556,656.1970450417621
14557,727.1390110283014
14558,689.0382462826874
14559,673.8865075836654
14560,685.6715124689835
14561,757.9515000369386
14562,415.24657304497265
14563,400.5687199969617
14564,700.1806782407612
14565,645.0232984452128
14566,704.8337027363697
14567,671.7588687184032
14568,296.26462816246203
14569,736.7010321924587
14570,708.1979255525366
14571,779.8040086088264
14572,374.42556119914985
14573,702.8051271240016
14574,732.0737483831238
14575,398.16254617332845
14576,339.0671198907007
14577,706.4443010370175
14578,688.4075397078988
14579,328.06649845330406
14580,698.1358333620938
14581,714.7807374110837
14582,736.8121505559102
14583,699.582131242874
14584,849.4412012669615
14585,679.0611996503139
14586,701.9035402399426
14587,690.1853540359197
14588,398.6839817968163
14589,677.4466885849621
14590,709.1082155913667
14591,840.432808911642
14592,466.67060692537143
14593,421.22520825783874
14594,569.2902800711548
14595,395.8529244675546
14596,680.1673347982071
14597,739.7655375662496
14598,657.2304447408463
14599,400.6675579432927
14600,298.73063156016826
14601,725.9064278613494
14602,840.0554706375046
14603,712.6532785187991
14604,764.1964751750943
14605,670.2144129807347
14606,740.9411203120353
14607,287.31336696296756
14608,665.6508911864147
14609,773.7037360096933
14610,310.94362363081575
14611,304.3802573100675
14612,733.3160995095893
14613,740.5346923838129
14614,662.7534322100436
14615,300.7654715804722
14616,401.846956646192
14617,729.326740206678
14618,681.3681758303301
14619,661.1918600901988
14620,705.7602801658389
14621,701.8952207104902
14622,689.199695196726
14623,828.9633965430108
14624,515.2950598001962
14625,670.7145818595612
14626,305.7309185184415
14627,711.4770191268218
14628,183.31100374051977
14629,711.2479054253109
14630,289.34874184975985
14631,239.50213142118622
14632,654.39360386709
14633,397.85356484124566
14634,697.5687276803011
14635,701.0398812570467
14636,720.1296692439415
14637,702.898565140662
14638,693.3429966601749
14639,749.9280050803214
14640,713.482781027311
14641,670.0246458566638
14642,673.4122011061249
14643,702.4035959979026
14644,669.2211234525386
14645,689.3239814117567
14646,691.8381471452672
14647,315.10358059601504
14648,290.0918815717947
14649,417.98740648128774
14650,686.931054535644
14651,723.2191263968384
14652,680.2337360472181
14653,840.824482660142
14654,669.7575756186028
14655,211.34703630752267
14656,708.2317641965708
14657,708.0714896722884
14658,799.1357684234367
14659,558.5272242960872
14660,718.7892299439069
14661,683.9743091229193
14662,659.2316280872977
14663,690.1488861862538
14664,376.00747276908936
14665,775.9102950455982
14666,287.9652274810379
14667,406.17061756521434
14668,773.5373124605575
14669,542.3113156341201
14670,695.3770351433448
14671,699.6340561510228
14672,684.3975891158269
14673,837.2397943370462
14674,755.5544192322263
14675,296.7488287370182
14676,679.6997991104827
14677,695.3915879341553
14678,735.853876790263
14679,846.3002796140446
14680,711.4161605999747
14681,705.4344301283095
14682,698.4156508174245
14683,299.51369339988656
14684,745.4657409093171
14685,704.4152189787831
14686,851.1119911207551
14687,655.7366359251387
14688,845.9449022857268
14689,683.5438315562068
14690,407.1495228382303
14691,699.2822063945629
14692,679.4703987848844
14693,719.0347474936177
14694,754.6444238788637
14695,710.0989485461776
14696,732.7615069494385
14697,723.1283597120026
14698,750.5596538041044
14699,169.18002208679218
14700,712.9439705704924
14701,704.5605139475622
14702,204.42117972364116
14703,712.3770129783558
14704,682.7910624014582
14705,680.768171434632
14706,737.2629144126389
14707,742.1330770753468
14708,819.6500413557211
14709,737.3833516353409
14710,751.1818848350608
14711,731.0125838114247
14712,675.9092556925993
14713,192.8414912481947
14714,297.9653597487958
14715,661.5829877843563
14716,710.7114070108184
14717,729.2320386613591
14718,651.1205022444624
14719,767.4031592517371
14720,408.4654867614309
14721,720.5670408531932
14722,656.2610086679483
14723,301.12222978006116
14724,823.6941041825769
14725,300.86898336454766
14726,743.9799254246957
14727,773.3297537728937
14728,636.5881001338137
14729,689.6133885925452
14730,665.3825071718048
14731,715.2425905123818
14732,682.2913427601679
14733,740.2569143715655
14734,694.8584344450899
14735,739.2388093746728
14736,688.8968541296983
14737,650.1050744020523
14738,677.2144244499319
14739,239.62951260628
14740,749.2485608374707
14741,297.44067380229757
14742,403.5085479799324
14743,723.2288900733477
14744,655.7301368593155
14745,402.9295186295458
14746,716.6865266540127
14747,306.6404617540394
14748,681.575444227234
14749,700.4344533936675
14750,721.6737230922379
14751,674.844011084667
14752,688.197071128108
14753,305.45277583099124
14754,704.1641286428272
14755,725.9283043987416
14756,402.19320035504455
14757,679.549881910423
14758,732.6164916835091
14759,739.5411402944319
14760,694.0265393562371
14761,300.1901378670114
14762,760.362044577063
14763,686.3764333195383
14764,717.6508044467159
14765,674.6486878856375
14766,711.2229642597646
14767,390.8385730302004
14768,391.0341025450909
14769,657.0096726770188
14770,667.5869736259818
14771,702.2146276972139
14772,709.6471879687862
14773,239.08037019936955
14774,316.92092401946627
14775,171.210888849716
14776,396.9567122459383
14777,236.22472370756049
14778,755.0757522397405
14779,746.3136680229993
14780,681.6759714501637
14781,734.5972497250626
14782,723.2921189715635
14783,539.5574335408844
14784,570.1826685865046
14785,672.7878233975885
14786,655.2513364476546
14787,301.16581898173206
14788,677.2067147214806
14789,681.4899829572479
14790,642.4867190802047
14791,543.8008085582899
14792,659.9395567806401
14793,208.55913334180582
14794,672.798229229604
14795,685.1605976684917
14796,678.7573544715456
14797,677.2960016939952
14798,725.529928558252
14799,714.7533386057275
14800,720.7013596764637
14801,818.8325335400393
14802,702.5173647231547
14803,844.9878894956369
14804,728.4621942559329
14805,299.82864470440563
14806,508.7207699965288
14807,331.2756326748061
14808,696.5911734899378
14809,314.87945942650725
14810,674.6985308609516
14811,662.7039497479029
14812,775.5600593383872
14813,828.4319144345297
14814,682.4098837660205
14815,661.8253658880925
14816,751.3395467112404
14817,663.0855016755862
14818,399.4809499604359
14819,715.8992016522988
14820,403.76757011714005
14821,667.7195180048021
14822,841.4407718719058
14823,719.4674719143518
14824,701.2747789712071
14825,700.4491129492145
14826,727.8691820579206
14827,729.3364739569411
14828,653.0499658845108
14829,398.5833321719694
14830,671.2153620294961
14831,192.14600840501436
14832,700.8802766148477
14833,723.2391583686008
14834,731.6091095755957
14835,707.8535389128908
14836,661.4220237539254
14837,696.9990634462006
14838,743.9219100923651
14839,690.4376818063319
14840,324.7822012553606
14841,408.8807776515385
14842,645.8176531560455
14843,676.1319009427557
14844,445.32843469229556
14845,668.4016764777115
14846,246.96809829273707
14847,681.7702453461458
14848,675.7724004372284
14849,752.1493024820172
14850,676.7346959909771
14851,414.26530402843736
14852,718.9559531210422
14853,233.85283890310524
14854,694.5201353441137
14855,826.8294051640003
14856,691.4787392432294
14857,707.6272252218307
14858,719.4181340794519
14859,402.8815012610785
14860,685.5984371086984
14861,719.3834596876386
14862,646.8485379629678
14863,698.0852769868227
14864,720.7059302572982
14865,744.0726773076187
14866,655.2581978593682
14867,753.3710849243466
14868,686.9628614285327
14869,390.7480863648439
14870,302.18582048507267
14871,404.5350506894672
14872,721.5519241359589
14873,703.6502752460844
14874,725.5541727811652
14875,725.3456529105018
14876,685.6982014330525
14877,739.935985534243
14878,679.0032107876664
14879,721.4150101873137
14880,697.1174368325379
14881,403.30508787713103
14882,714.984524300452
14883,745.6190078374868
14884,731.7126286155979
14885,309.33457881677924
14886,678.4966864848399
14887,718.3792549924581
14888,309.3664680686691
14889,704.9675263248264
14890,321.7448117976398
14891,848.4575202566981
14892,728.6879861858874
14893,674.5616721506414
14894,847.2757933268656
14895,710.7808136228753
14896,663.9037960043363
14897,706.0793655457073
14898,691.7874397074523
14899,754.187482655832
14900,701.7628355480141
14901,697.8380837442413
14902,753.0220400260831
14903,708.0496917517943
14904,392.94300001980645
14905,292.52556771283844
14906,401.72628225362314
14907,706.9481627162334
14908,281.68565921912113
14909,665.0127468426011
14910,749.1799065718085
14911,387.92666399341516
14912,674.6401035393983
14913,654.0054078507318
14914,698.2043715264089
14915,667.1957770804214
14916,286.40142986012296
14917,722.7792504356977
14918,687.6419538182672
14919,704.6522169053393
14920,537.9121598318292
14921,404.7573142292834
14922,628.0917979482309
14923,667.7215568337494
14924,303.18150002155335
14925,743.2540304411862
14926,308.1930894093684
14927,681.6721273648553
14928,722.169269296476
14929,410.69755568058224
14930,751.2417423968197
14931,739.5548664076856
14932,675.1044732203609
14933,718.0272336075534
14934,699.4588259428401
14935,754.1782206223374
14936,720.8020040886558
14937,674.4377254740082
14938,225.39848297878262
14939,748.8558799818918
14940,741.7642673748658
14941,561.8288789410399
14942,697.0508373857787
14943,684.8393434756555
14944,708.0160502129457
14945,681.5264945932648
14946,705.2853143002903
14947,298.4896886000424
14948,332.3630776105026
14949,717.7898552995132
14950,671.8539310383777
14951,683.1652067403552
14952,813.1766519072229
14953,253.75169678236819
14954,710.2795338288282
14955,719.8998278810377
14956,727.3135507222252
14957,740.8285182799996
14958,293.9538829644348
14959,657.6427063523743
14960,433.4722148714198
14961,679.8517324094646
14962,646.565548483306
14963,682.8178724330919
14964,674.3672140080548
14965,298.0688144306018
14966,247.78502811616517
14967,410.35880577386655
14968,726.8058029772155
14969,303.0272353639557
14970,716.4314200696114
14971,269.57230012917773
14972,740.6360344117923
14973,724.8067477671509
14974,650.3913582035367
14975,698.2066774280134
14976,744.8884296706334
14977,713.484102252757
14978,707.2093431885734
14979,735.3469323200349
14980,850.7155317025779
14981,707.3937459260784
14982,735.3692375476534
14983,754.4346274350416
14984,754.5912329312457
14985,324.71745474780863
14986,691.3881427307839
14987,750.0758271801374
14988,776.3471852788012
14989,805.5761544069859
14990,404.8960477447148
14991,704.8970409758563
14992,189.31257182503617
14993,418.98705747728764
14994,740.6876058373335
14995,769.6961868856946
14996,281.78977195933425
14997,688.4921040324758
14998,724.0574181588901
14999,529.0976331558011
15000,735.1422608198145
15001,704.6214933339763
15002,295.1185439452846
15003,662.7271877995389
15004,680.3121569103649
15005,725.6516355045014
15006,769.4905259815775
15007,701.9544055767683
15008,684.0520636715992
15009,697.4335894692515
15010,720.9064523400175
15011,557.1617908748883
15012,752.2901948622815
15013,671.9141216178641
15014,678.5654616066045
15015,752.7971171764938
15016,558.2486676121548
15017,304.0143729218396
15018,265.84274941843444
15019,811.1117894633111
15020,710.4446406194716
15021,721.828307685217
15022,690.1732021343325
15023,689.1293122272155
15024,688.1238823278275
15025,400.5611560903747
15026,307.212544518071
15027,736.1450963392721
15028,320.9586177182064
15029,455.6245917081434
15030,269.5980115904576
15031,718.8514121151869
15032,674.4002379095922
15033,735.0230030767242
15034,398.6909770326968
15035,696.4638566302713
15036,711.2738396659964
15037,713.7722593931236
15038,667.4020267560398
15039,741.2202578225777
15040,655.3675257308587
15041,293.9931920710039
15042,718.2408550968358
15043,751.4402637633744
15044,717.6990952297265
15045,841.7967644862465
15046,318.4634316404516
15047,695.0763662662996
15048,703.6717596371268
15049,294.7558668784715
15050,683.6537682783678
15051,721.2583900645154
15052,301.78612589754624
15053,405.5780834566052
15054,715.2404907519776
15055,701.0958886112488
15056,671.1042399628806
15057,690.7264823077857
15058,303.0642647093901
15059,679.4705340470335
15060,700.8371609469111
15061,395.35934462148816
15062,651.2999143973541
15063,646.9925581711898
15064,309.5290512180008
15065,702.1316997623724
15066,540.7252327202674
15067,835.1368424162454
15068,687.3999922955545
15069,650.1195778289396
15070,399.9432103819475
15071,301.6160551116016
15072,485.51234553564615
15073,685.1131917267977
15074,715.6419743191778
15075,293.56166457971557
15076,407.8581018256262
15077,653.6750427819422
15078,722.0667904229358
15079,684.3471754296614
15080,313.12541398148466
15081,282.03337938128266
15082,763.5238969857169
15083,705.326710376203
15084,700.2321760141424
15085,765.6059907558193
15086,719.5860728808101
15087,405.9025934342858
15088,710.4330626669786
15089,729.1300524899835
15090,753.7462362891348
15091,680.9142097253025
15092,689.6236231864079
15093,743.0282961212597
15094,761.5118914203858
15095,757.6444118802045
15096,637.8388355263794
15097,287.81732968931357
15098,711.1343391772124
15099,697.8081981592436
15100,807.7891690158914
15101,701.7119185715865
15102,685.9882168173986
15103,671.6804811643318
15104,425.63987092281957
15105,290.5227658352233
15106,441.41145176434964
15107,237.92691417557404
15108,719.1863659375036
15109,404.5502630177122
15110,710.8786588253961
15111,521.1127948761176
15112,727.8920947824448
15113,681.8273417741894
15114,679.8694644845782
15115,311.6625123918724
15116,349.79689608745696
15117,194.16077250052996
15118,703.8469202299424
15119,704.4034567621194
15120,401.00701823455165
15121,838.5730315574194
15122,677.552065975192
15123,759.6631988411964
15124,254.1125164262225
15125,263.43348638643954
15126,403.2564571005091
15127,299.8610396478725
15128,695.4199610645156
15129,293.3960764906113
15130,690.2455184659209
15131,710.2508207311423
15132,304.0611867438137
15133,698.4573349463326
15134,302.14299380216744
15135,703.2270801983682
15136,407.5099506151329
15137,672.5285445269571
15138,726.4687311018084
15139,751.263854798257
15140,531.5503006656613
15141,705.039567451598
15142,680.6078339594669
15143,849.4746294121687
15144,314.5237761377212
15145,680.3228262124908
15146,660.1333875275541
15147,707.7219686388225
15148,746.4000829704955
15149,644.2848070543777
15150,699.6530940000367
15151,751.8171836092105
15152,688.031150535794
15153,710.4873280761171
15154,711.7492477885846
15155,728.5533320409116
15156,682.0405786089163
15157,708.5460455133959
15158,654.1531038326235
15159,729.3237225207829
15160,728.3820888259257
15161,706.1774418379932
15162,740.2982709091926
15163,727.4839861980885
15164,688.4333516982706
15165,739.2696992318321
15166,753.0476407921351
15167,505.43216840366927
15168,737.3550615356983
15169,727.1482678891524
15170,684.8972880745604
15171,298.43612522438195
15172,705.4390649102534
15173,713.5481641791511
15174,395.6548366487155
15175,662.6685243344884
15176,405.1901192324449
15177,677.5804909156612
15178,749.9990191829628
15179,739.5629856031038
15180,654.5637636000356
15181,763.3916374987487
15182,724.6996036988351
15183,717.1130658014874
15184,682.1873888576637
15185,729.9290322922682
15186,736.9397090304878
15187,722.7706976038174
15188,302.9888999557749
15189,699.4870286311966
15190,306.90713190788875
15191,675.140123482351
15192,718.5224479454363
15193,305.60266885669336
15194,399.4145745101066
15195,731.3248243041777
15196,739.7068058641728
15197,399.6764423119146
15198,723.7257723127403
15199,178.6781973642727
15200,739.0432915132127
15201,182.357587839222
15202,654.054316032744
15203,710.443138302468
15204,667.5730964304614
15205,673.9243384067154
15206,736.3533650667187
15207,853.7482683206341
15208,401.3837987229066
15209,721.901692544766
15210,704.1176323905986
15211,711.176652775691
15212,305.9647728938116
15213,232.7324305487204
15214,338.92486572008505
15215,690.8024670763489
15216,694.609435330061
15217,314.65670081011626
15218,657.8207291977907
15219,704.09901311944
15220,749.6068711041983
15221,724.8852862255151
15222,208.17325243034048
15223,744.084421628807
15224,736.1859166109814
15225,304.81013999936954
15226,663.9671681933187
15227,404.8554997977994
15228,560.3132002321254
15229,672.996940728556
15230,415.51912784126665
15231,397.5296079146169
15232,418.53885908725823
15233,658.7043014235225
15234,735.7733800288227
15235,726.5800357966156
15236,676.7329475794762
15237,641.8766558375092
15238,741.9817043643409
15239,294.4162299299259
15240,402.107690175356
15241,678.8911315564496
15242,691.3657347756323
15243,414.840443117773
15244,302.2091366187161
15245,718.9553745380513
15246,677.4005198164806
15247,293.60615637932347
15248,333.2661149703462
15249,727.5179009179759
15250,702.0043359847216
15251,706.3773937318595
15252,714.429413255634
15253,746.2052657235616
15254,713.2150605515309
15255,710.2384117217928
15256,707.1559389428373
15257,408.2225482331443
15258,404.8329406674887
15259,820.8712923305849
15260,399.58519114020254
15261,399.6826675303665
15262,692.8842094265575
15263,301.03350080308275
15264,311.1980881257898
15265,639.9812567631606
15266,406.4505925391209
15267,180.88012600353102
15268,684.2804115066609
15269,403.8671181580588
15270,720.3765624802616
15271,738.2508364524239
15272,293.1486278223096
15273,715.1993817101992
15274,723.2113424718901
15275,703.2436368426306
15276,678.6163721851963
15277,296.5063134242806
15278,846.6381246932358
15279,299.3349154453151
15280,514.6319313033952
15281,706.4359738282786
15282,684.6844079271532
15283,702.0857146874874
15284,708.2594486487969
15285,657.2503979063702
15286,753.9014535985127
15287,850.3775404910623
15288,408.40385422838506
15289,179.57775177799067
15290,737.3020759346439
15291,681.0563696156642
15292,842.516680461827
15293,749.5861848712909
15294,403.3243757488877
15295,297.92411145013807
15296,703.7600741891665
15297,851.9375031541485
15298,332.24814415121966
15299,169.93791658352956
15300,310.9092089480626
15301,701.6269717125319
15302,682.7259548299004
15303,735.3368155600094
15304,681.3250402222624
15305,321.1477864161545
15306,687.877709649915
15307,231.01817797077177
15308,510.6275709921799
15309,688.8792313209577
15310,275.50434266131487
15311,700.5725744957747
15312,307.63110374782946
15313,685.5939171429125
15314,416.1065018816238
15315,684.4649198811629
15316,755.7508015848999
15317,745.9232454276346
15318,743.4262276229468
15319,671.391501117249
15320,706.0147700891431
15321,172.67301307336515
15322,673.7755545541289
15323,704.4312823716016
15324,672.7011521291382
15325,673.0756465587792
15326,680.5467674850047
15327,399.7334300121963
15328,674.0453078946164
15329,290.69069795325356
15330,698.4824701897344
15331,677.7250230851142
15332,680.0915298685809
15333,722.1099885025142
15334,430.7483222181372
15335,678.3151378819158
15336,756.0118881530361
15337,673.6076593133787
15338,675.2330969754302
15339,725.437229559667
15340,708.5069804988062
15341,687.3271747784709
15342,696.809336192964
15343,741.7969699386902
15344,665.6668407793862
15345,398.67884734471727
15346,674.5620715511851
15347,414.5101045804814
15348,716.8790529114143
15349,687.5605199995409
15350,748.3712474361813
15351,822.3569020596273
15352,661.443943485476
15353,715.7178702129432
15354,690.3942665026218
15355,670.2696691387669
15356,849.7103085221914
15357,734.8736533354928
15358,725.4043479240529
15359,308.56944274733894
15360,694.8585954926593
15361,423.6160017037946
15362,718.0852060550061
15363,679.9051680129489
15364,742.2134712118782
15365,699.15393284557
15366,672.3730637607733
15367,656.0235687628332
15368,700.0755062740201
15369,681.7485758413404
15370,678.6473642465191
15371,420.66414756173185
15372,845.9990158396012
15373,732.6856289919385
15374,681.3358879768375
15375,709.407564015124
15376,758.619710648592
15377,737.6421422557324
15378,556.6381845255249
15379,705.0861424789416
15380,666.4275465806057
15381,772.6502181387592
15382,775.2351152658727
15383,698.3532300250773
15384,675.6182780268474
15385,301.0591150590793
15386,696.6693176344556
15387,696.8432847034426
15388,297.56823867808305
15389,681.7820737829649
15390,332.48856189969615
15391,712.2272111919459
15392,679.9003841362095
15393,701.3302999485675
15394,314.52479278669284
15395,722.0457375015951
15396,370.39416899851034
15397,744.3271494284096
15398,294.1891271449387
15399,734.2667133795396
15400,692.0303605547538
15401,705.3759366300432
15402,705.4498473848009
15403,405.10145054348874
15404,743.8864444197817
15405,715.4764381387098
15406,749.4608433711294
15407,772.9681802168876
15408,684.9040025308499
15409,720.814336932576
15410,742.517446883932
15411,682.4390007562768
15412,845.8753991775811
15413,780.776711216382
15414,301.42846007884634
15415,655.0407737915897
15416,677.4495317285674
15417,335.7315562868391
15418,709.9840315746233
15419,703.9097222050501
15420,651.478351396677
15421,682.6019699852259
15422,735.730027289233
15423,661.3572247156975
15424,540.5522962585751
15425,634.2136057378892
15426,733.3320668135128
15427,257.07216080647567
15428,703.7909475245505
15429,395.5729261074988
15430,680.494206032359
15431,737.6226366065268
15432,709.896140945297
15433,754.4892782809237
15434,627.9437880039006
15435,674.8770248442443
15436,769.5769079737668
15437,678.2264025215969
15438,560.3620802785304
15439,406.70899329612143
15440,709.0232814110497
15441,714.5127767397587
15442,841.3012903516047
15443,730.8125793173905
15444,400.44084613631503
15445,713.071806356098
15446,828.1022854495086
15447,289.12316227877363
15448,704.3424384704607
15449,713.8408155374196
15450,301.07216786244743
15451,677.9100439456411
15452,647.8679403639043
15453,399.88124250290014
15454,704.6386561136605
15455,294.65095244895707
15456,681.5009127057102
15457,309.0720142932963
15458,294.7517090722192
15459,702.539746414587
15460,753.3595032547296
15461,727.5014393530283
15462,690.8657803338051
15463,720.1233925104493
15464,721.9420840617366
15465,553.358369447498
15466,722.953760324813
15467,686.6381231328156
15468,750.562018750734
15469,646.3441755251142
15470,733.3732211082046
15471,671.0032835726571
15472,851.2177767229343
15473,686.6295600759967
15474,409.22477609164133
15475,702.0305741751231
15476,714.2167749021471
15477,718.2295317520901
15478,762.4482450633986
15479,676.6194401150368
15480,675.655608834442
15481,670.7255561527586
15482,756.6044830750493
15483,734.2172790210143
15484,716.3900047659016
15485,732.8142340731558
15486,713.34683765902
15487,736.0331625016324
15488,709.1175899388036
15489,750.883217578782
15490,707.4477127548125
15491,736.4900202872078
15492,736.3606025289276
15493,671.357359309946
15494,727.0211647619991
15495,399.2209865707861
15496,682.1249289827807
15497,734.8077885755031
15498,682.4347625077241
15499,836.3733359781809
15500,666.9200298488053
15501,224.18251227416295
15502,725.3201572515852
15503,707.7451484635785
15504,676.3492494374694
15505,759.2333332515655
15506,490.6917750274263
15507,409.95033723290913
15508,747.1749115824769
15509,726.840147907527
15510,774.8235655122922
15511,659.2063062745154
15512,681.6481430720221
15513,739.6358359833953
15514,689.668142346785
15515,696.7192897983499
15516,683.4808814073324
15517,650.8803037305585
15518,745.7533811005053
15519,316.7653841743621
15520,683.2225475251089
15521,673.8481980660752
15522,239.3056473531944
15523,237.27992431575922
15524,403.22166974409595
15525,728.5094217380413
15526,416.1829164695792
15527,316.4217108914842
15528,728.9558443182226
15529,778.4237983406869
15530,757.4013559761856
15531,397.2191141817126
15532,849.1262175475752
15533,656.966059030299
15534,294.45240768068055
15535,694.2782579578917
15536,695.1845824201085
15537,191.48972461268608
15538,728.4977699096647
15539,697.6427572501881
15540,693.3687480666295
15541,685.5959833534639
15542,714.7208895658632
15543,753.5315746604956
15544,722.8288323067148
15545,756.8605564144473
15546,683.5890828507221
15547,301.3554369725096
15548,331.44169774270705
15549,840.1964527689255
15550,728.0576756509323
15551,701.4326724658139
15552,400.42148829114706
15553,694.5257911551441
15554,437.1093989745791
15555,301.6591807207612
15556,309.8700001414897
15557,417.67039191384015
15558,399.8953966254791
15559,684.8585366169398
15560,646.3160699567209
15561,788.3116635805458
15562,728.1279028838843
15563,702.5762372525976
15564,742.0177340274812
15565,659.0714888898013
15566,402.0213471794545
15567,700.3398323847663
15568,492.74634120324356
15569,679.8592089345035
15570,657.3540703671498
15571,693.1294642070033
15572,680.3705681523335
15573,707.1469665074367
15574,692.0639251993978
15575,664.4122472336811
15576,753.1217255487016
15577,274.58676488257555
15578,399.4383867125685
15579,732.1238144429051
15580,398.43686384508806
15581,680.5601070285068
15582,703.2351039398749
15583,757.1992719504099
15584,299.96243017031554
15585,828.489409463143
15586,408.1089181366383
15587,665.0591996402156
15588,713.0093455270637
15589,710.4701115424359
15590,399.8418631469894
15591,734.7601482445527
15592,699.1988810738785
15593,707.5050810030508
15594,295.28654050723884
15595,633.1895141651844
15596,303.2308663536998
15597,716.2489032409076
15598,662.1006302476683
15599,240.8109430790331
15600,753.7326637050354
15601,682.0340169513219
15602,175.24946508474443
15603,693.4036044624062
15604,660.8649449871239
15605,730.4471481519145
15606,697.7498371617488
15607,717.7852119888449
15608,674.5087066814292
15609,703.6741675111226
15610,663.8572819411556
15611,769.8786005015959
15612,746.7714970532327
15613,679.2682952983766
15614,693.0378918904833
15615,852.7094397857492
15616,747.5950927677347
15617,681.436846532819
15618,704.6819001874977
15619,680.4496256448251
15620,725.5913665553547
15621,732.2063602352999
15622,700.926144424698
15623,296.4615246898682
15624,296.05740816161534
15625,711.0481172262582
15626,686.742426446475
15627,634.8828983530519
15628,701.3123615771153
15629,747.8730683782927
15630,715.9051972391464
15631,713.4866866583945
15632,399.62176461402396
15633,849.5940007034429
15634,679.1178641471028
15635,730.7933510154603
15636,700.0736295363423
15637,773.3166549286777
15638,402.00362615473836
15639,743.6381244055366
15640,651.4281671262993
15641,700.8239971969844
15642,769.7889504768291
15643,287.81441422161305
15644,735.4036018934753
15645,753.5903856370267
15646,293.93278304120327
15647,733.1266939957608
15648,678.1093973398413
15649,412.31981348647304
15650,664.8653619841742
15651,748.7395506037403
15652,718.4840350826398
15653,749.3615959172319
15654,312.544153821649
15655,210.55496092328156
15656,721.6762974034525
15657,694.5070777694798
15658,676.7043452972343
15659,411.42830223106745
15660,397.995257121612
15661,598.093399053007
15662,735.7513252796823
15663,337.04588588615326
15664,687.4497376661109
15665,295.13736678078067
15666,834.130563226113
15667,811.8338026026768
15668,713.183473570474
15669,302.3762421313166
15670,709.6430262489255
15671,685.8078576279431
15672,726.0571843076096
15673,770.4899718971305
15674,727.3859202974069
15675,676.6092915359617
15676,732.0664663129786
15677,721.212415762164
15678,304.2628623175179
15679,696.2844858587744
15680,672.3854708103438
15681,715.8964180044565
15682,726.0938694232044
15683,727.2670085361943
15684,752.0778821336107
15685,717.1335570941297
15686,743.314241030945
15687,647.6437644481614
15688,730.4246014979567
15689,425.29897026956155
15690,845.0875610405824
15691,847.3863667723847
15692,672.3170431807331
15693,695.0134830323651
15694,311.45283608938286
15695,735.0339607534652
15696,295.6256442415601
15697,733.6737762368211
15698,732.2001419567091
15699,302.33209387340924
15700,306.8187686952129
15701,689.8700393123504
15702,680.1785209354503
15703,414.48194006644
15704,718.677709554354
15705,674.1245100296106
15706,719.6116684871029
15707,645.2511291566539
15708,706.6448309053407
15709,725.7492175036018
15710,684.2204734761306
15711,653.5274268220094
15712,655.8928691551472
15713,850.7748493831551
15714,641.6817328848323
15715,723.1923715277914
15716,723.4015329532841
15717,295.73251089021085
15718,727.44395761646
15719,734.836087967293
15720,692.9406598541719
15721,668.7659055461567
15722,673.4400079491153
15723,181.5370505011989
15724,742.4978417823015
15725,752.7073103212425
15726,302.50710423596223
15727,701.6752788918566
15728,677.2484723110824
15729,291.35155196645803
15730,390.7108566942915
15731,822.6780141498895
15732,706.1180765212836
15733,711.438522319881
15734,672.1581828312342
15735,658.574054486307
15736,748.5820084165024
15737,698.0121291086825
15738,749.9111491095048
15739,729.7232454055481
15740,671.3790697808863
15741,402.3853210043614
15742,680.4340053766808
15743,257.78371782786803
15744,756.5123661566436
15745,722.9382414086924
15746,678.577324610451
15747,398.845479882395
15748,828.1623117626298
15749,679.7285967480497
15750,292.33075845562246
15751,713.7071651177384
15752,727.0341413232213
15753,744.4549550902698
15754,715.1906334079523
15755,733.496233067831
15756,687.1219693516596
15757,690.745441193912
15758,252.79784801693512
15759,710.1239483780969
15760,724.3149244573033
15761,748.4616524276581
15762,703.882312001612
15763,717.3336961692734
15764,721.9540084407284
15765,721.4057703727622
15766,402.1034151503594
15767,417.47537381500854
15768,562.1487392847827
15769,724.6004423347313
15770,695.4366193274689
15771,299.6464219060239
15772,681.6805371839988
15773,402.7072953356781
15774,708.2714821066768
15775,299.96683765131377
15776,671.4002178888296
15777,232.80799596110126
15778,649.9257764632478
15779,799.0413238039714
15780,704.7730457835165
15781,756.0976178857541
15782,670.2630753626331
15783,730.7451264782478
15784,398.21503633447077
15785,752.6692348788994
15786,415.0175822719065
15787,666.8027410798564
15788,702.6598482699318
15789,701.951513739733
15790,720.4164568492553
15791,683.8419137441376
15792,718.8283955011568
15793,754.3609099358567
15794,731.8898383842236
15795,305.51304471007444
15796,728.965574442263
15797,680.660215965426
15798,740.2810003706602
15799,832.9215307929564
15800,316.9159820212115
15801,739.1927755681559
15802,411.3647083189669
15803,703.626985830741
15804,410.3795281589128
15805,720.5993256069285
15806,298.51474234486324
15807,754.6436390876286
15808,752.9800229651196
15809,664.4799041288834
15810,404.73986708747805
15811,746.5771129170153
15812,681.2909033504014
15813,760.9374407697313
15814,655.2424134428385
15815,198.0638289481974
15816,725.7853844737881
15817,671.1938650617943
15818,686.2382084911915
15819,732.2405799469311
15820,205.57790273271456
15821,504.66914348572357
15822,415.1820266535579
15823,394.69737553636276
15824,698.5000600119653
15825,749.3933395531114
15826,665.3574453309371
15827,398.0769882853593
15828,296.99690391542424
15829,735.6933510554654
15830,732.6830776550819
15831,680.3969123890014
15832,662.6087782911197
15833,686.1823970845219
15834,828.1165460783459
15835,240.06670056322804
15836,742.9080355211117
15837,402.9943851832772
15838,331.5135586480537
15839,728.6398876025457
15840,730.7958153512841
15841,686.9270116357488
15842,682.2640052888388
15843,734.6907646119921
15844,729.274712293878
15845,690.9487559483537
15846,689.1590005770306
15847,181.5976993392057
15848,730.9621378601286
15849,405.01028523627576
15850,668.5412529048708
15851,665.2350413170398
15852,708.2578598281656
15853,768.8758002614862
15854,697.0636929981941
15855,678.8604271934466
15856,183.0172398909641
15857,689.882797683586
15858,313.5696478437598
15859,755.1504988024135
15860,293.651446152971
15861,725.8598676728989
15862,720.851324191579
15863,405.0274781286252
15864,721.3583973430044
15865,753.1701529717111
15866,749.312967031676
15867,424.9033585714191
15868,720.1228149577842
15869,717.3069867923704
15870,746.5380942602114
15871,171.210888849716
15872,294.14555258563644
15873,695.909737766987
15874,659.4004666700688
15875,698.9882688877856
15876,703.6235986439104
15877,689.8737165414291
15878,719.1658191531119
15879,303.4988612886671
15880,656.385185677749
15881,304.56384008913267
15882,703.7957702568067
15883,703.2373497214925
15884,714.5915506610986
15885,744.9565918806053
15886,742.5694231878513
15887,727.0206825544882
15888,851.6072012496967
15889,285.3422757451086
15890,659.7587355118951
15891,837.1172921935488
15892,405.97609264788633
15893,659.3754858812907
15894,210.46037508388048
15895,719.8189190335287
15896,287.6978477644421
15897,504.3858766702705
15898,742.5325869419617
15899,739.8251630745476
15900,321.65404741543153
15901,683.626041187464
15902,702.8240925292239
15903,693.896173428961
15904,850.2688499308358
15905,691.4481669980357
15906,193.8088214767813
15907,442.30063807119546
15908,724.501338943612
15909,701.473267161076
15910,702.5750666705381
15911,697.6804646655332
15912,677.9937566005693
15913,725.4533404158169
15914,668.969818904392
15915,707.4968866368129
15916,647.177427432827
15917,426.8959124974898
15918,684.9870306136975
15919,399.85205707307597
15920,676.3103390802981
15921,686.3956055679147
15922,668.6747094916205
15923,181.713834202005
15924,721.3390873877834
15925,404.1068109669226
15926,726.3719388231268
15927,747.0870326673851
15928,670.9690307979416
15929,674.6672153705889
15930,671.9305726741509
15931,704.7740516711262
15932,404.95162441201387
15933,802.0990966764946
15934,748.2771908130009
15935,720.5661676698594
15936,650.141582084349
15937,306.4336194922906
15938,712.262619476756
15939,647.9631177184233
15940,692.6069543183661
15941,726.9947632224721
15942,704.5455521094682
15943,688.7114015458476
15944,703.190860276939
15945,694.764145645526
15946,420.4909929975784
15947,679.9428206450477
15948,511.9892733965453
15949,681.8448029461125
15950,723.5901548692939
15951,550.7722641588899
15952,413.1348183090282
15953,307.2610279785024
15954,703.9627507623895
15955,399.4573536737472
15956,316.60567224368316
15957,804.9711081753723
15958,275.56040763964194
15959,677.363862058359
15960,676.6500915596365
15961,403.49994195030393
15962,700.0629469131254
15963,698.5348108737841
15964,785.7270079046899
15965,705.7600949389712
15966,751.1070478837214
15967,335.4293432578845
15968,694.0448024490108
15969,741.6734453768763
15970,728.3455415929093
15971,677.9387279764579
15972,711.1518537710498
15973,729.5685417635327
15974,287.48483284778
15975,698.7132791306838
15976,415.92720155897644
15977,318.62651099999425
15978,731.1054934754752
15979,724.4023945507874
15980,681.9140525866527
15981,716.9864704029336
15982,651.3384159324507
15983,654.8733272733534
15984,848.527401530402
15985,722.6153838576034
15986,321.71721760654805
15987,669.0351215818782
15988,720.1309278603443
15989,675.0401601059599
15990,703.6619200057833
15991,730.6097562714925
15992,754.3691015922825
15993,708.5002190506442
15994,684.7159356170789
15995,509.2559665920511
15996,397.52248371069055
15997,324.72852188619066
15998,744.805057186237
15999,705.1350815612649
16000,707.5825147909123
16001,719.4248249500664
16002,669.2901122180625
16003,680.8755496001252
16004,413.3236347301059
16005,289.7223465697679
16006,709.80676172116
16007,401.24743648321595
16008,734.3339324744426
16009,676.9128654357161
16010,328.3218162735432
16011,509.7907264637515
16012,569.6193359272845
16013,716.4842019216925
16014,728.5907589958513
16015,668.6564536165984
16016,837.2510787463248
16017,671.5286634421398
16018,540.7691887629859
16019,403.93987518145894
16020,323.7083706521555
16021,570.0862750168287
16022,690.4840026187076
16023,810.2190108352133
16024,674.5890548517374
16025,685.2467756162471
16026,703.1082501334517
16027,517.4309496114299
16028,817.1621141463875
16029,848.6213223804403
16030,752.2593607122483
16031,768.0924497636051
16032,737.7968807309674
16033,391.729336713367
16034,670.2988643814532
16035,712.3607751910652
16036,822.0673682655269
16037,704.952168093184
16038,718.9201236786691
16039,680.6255950608777
16040,680.3570366576822
16041,679.5916074448509
16042,705.4161070943734
16043,542.2963648265923
16044,829.1480570767824
16045,770.4558390680651
16046,685.7206035803126
16047,840.5002615107371
16048,679.2071935165392
16049,647.125536946009
16050,847.9657943491313
16051,407.40038895989073
16052,676.4630795481434
16053,240.66913753013426
16054,734.2681612471767
16055,720.0685147393532
16056,719.9945718170405
16057,307.5283537830505
16058,723.708144155252
16059,674.2393962842832
16060,329.2505623261488
16061,777.0952251808499
16062,371.2539089098137
16063,668.7093314883805
16064,715.2371620134551
16065,677.6381690149334
16066,675.5396156006835
16067,670.826750322362
16068,703.7870519229766
16069,639.6232864155439
16070,652.7745803821316
16071,545.3492198477132
16072,180.3952178370639
16073,690.2941256114093
16074,735.2908054348316
16075,294.3443604513785
16076,741.7851361606267
16077,842.4917524381177
16078,772.8064495808791
16079,708.6724563601177
16080,407.8256988023103
16081,766.0892420360731
16082,417.6314558594092
16083,402.23483447651597
16084,710.0026909912198
16085,671.4772349569955
16086,750.4063161223387
16087,316.919851618478
16088,703.8563724073102
16089,692.6732591369713
16090,708.8147657043028
16091,850.5544364506836
16092,647.7812918587555
16093,761.2002114951925
16094,757.0270398564238
16095,398.0493381652006
16096,306.22494090261296
16097,394.4303225384855
16098,393.83989169795507
16099,660.042543661676
16100,673.5859886469459
16101,705.9908939030973
16102,309.80222163450065
16103,650.0338098927859
16104,655.0461802846789
16105,679.0258145540286
16106,714.8260035544201
16107,711.5911727730027
16108,312.75493631560516
16109,672.3659057060735
16110,707.1375542576004
16111,397.6193115347537
16112,770.431519165979
16113,723.7053198962524
16114,650.5799017020515
16115,618.5368698199554
16116,673.7517127233143
16117,820.181476278755
16118,301.57077429676553
16119,767.9151124032072
16120,812.3588195365132
16121,701.7753737637935
16122,686.9068642330076
16123,685.324406201014
16124,670.108348219852
16125,716.7479108857488
16126,687.2707248611781
16127,648.8834651547351
16128,751.1329406564141
16129,652.0281834134182
16130,696.877792588874
16131,753.082887568396
16132,739.4848581189605
16133,409.60124532399425
16134,848.41062581384
16135,397.7605594402329
16136,717.155521221363
16137,705.93562618816
16138,751.5003027150487
16139,184.18822017912447
16140,729.3189838623856
16141,714.4756805143244
16142,849.9358499850147
16143,406.8572342181625
16144,329.2546493223424
16145,670.7585970362729
16146,233.182663261328
16147,704.3505189357312
16148,746.0038277446188
16149,678.286717126394
16150,354.9356401692088
16151,305.3203445498782
16152,207.32481179736698
16153,696.4364847056387
16154,728.1799311188172
16155,702.1026050310406
16156,715.6124913872223
16157,681.3166686665119
16158,730.1226246298993
16159,773.207683260713
16160,717.85109679645
16161,803.3138052652398
16162,407.50261894320585
16163,801.8317033732012
16164,678.2144843419773
16165,706.4802234167929
16166,308.36708851039316
16167,725.3851588977622
16168,497.32759944253803
16169,702.3265578977802
16170,672.4637427167526
16171,308.31139974272355
16172,685.3557485564475
16173,593.1095554960203
16174,683.956521515847
16175,407.5726387616083
16176,394.79462945678864
16177,305.39679295983325
16178,732.0117905747499
16179,741.1238321580388
16180,692.0310908754052
16181,563.3369534474723
16182,689.5445253972664
16183,649.7793156775463
16184,747.3769084016747
16185,702.675191497058
16186,844.3044945382771
16187,656.0027878983548
16188,739.3333411667485
16189,706.395534724908
16190,760.714979232127
16191,299.5117257319355
16192,413.7554254205642
16193,706.8592044707125
16194,852.3547353010192
16195,495.38489398609045
16196,734.5995900996444
16197,733.0051601934525
16198,695.2671623820162
16199,331.3220245906703
16200,700.0178102326608
16201,638.7742209693117
16202,847.2441969720342
16203,668.8916366531068
16204,741.288394673033
16205,683.8848888983853
16206,756.9973173896357
16207,688.2623476096305
16208,397.9213496706288
16209,848.3279819013399
16210,685.1947762552052
16211,730.8197397405042
16212,708.0953828095544
16213,723.8563530303961
16214,699.856025996561
16215,707.8258565012293
16216,744.6254970172505
16217,663.6461711364665
16218,727.3691215732936
16219,276.61152276975247
16220,684.49359986425
16221,753.9193617337838
16222,710.8377552297528
16223,723.7333071421165
16224,767.7368209500773
16225,487.8710920018125
16226,709.3339490799399
16227,639.8109708417878
16228,357.33535057861235
16229,395.34200421143913
16230,525.5718196471078
16231,844.6338780641696
16232,751.3840800772798
16233,181.73660967778625
16234,295.68353890189627
16235,384.4693911297362
16236,725.3922381161469
16237,413.69827643176797
16238,672.7224272470448
16239,695.6671453111002
16240,726.1348566704795
16241,686.8110554140345
16242,678.9721671103412
16243,685.605923914171
16244,677.0864355551147
16245,701.832494212392
16246,741.5768225333566
16247,709.5430239922721
16248,730.6223692376051
16249,403.3470528685031
16250,401.30037401342946
16251,779.8570529637203
16252,728.3698796369487
16253,851.5780283695495
16254,704.6882927573358
16255,183.0172398909641
16256,308.4253556455056
16257,741.826746723216
16258,698.4180972408144
16259,726.624074878012
16260,721.0059653587704
16261,648.3951866930103
16262,663.4782985352588
16263,677.0915380451606
16264,671.5626038030138
16265,666.8794450687095
16266,301.68496068831126
16267,468.2595212431985
16268,714.6418666905653
16269,733.6978115440683
16270,732.1685395983616
16271,730.3615406009618
16272,699.3451475746141
16273,290.0864064667703
16274,413.728419135795
16275,702.923578627259
16276,702.091357006052
16277,294.4293491540228
16278,742.8848297905264
16279,756.2019551407193
16280,401.35072830889777
16281,698.2321634098004
16282,716.2293420276743
16283,722.50553034865
16284,706.0122324860868
16285,849.0190266129497
16286,679.5512699923838
16287,707.8673055654322
16288,759.7184411197172
16289,689.3280625814699
16290,679.9015639592812
16291,716.9223863210166
16292,753.2317503535311
16293,671.787566502386
16294,297.63301357673254
16295,300.5413044953248
16296,673.5800820343801
16297,303.6034520057004
16298,719.8179384107002
16299,683.2560555328142
16300,718.1564197224199
16301,395.81118022170705
16302,415.60396747625043
16303,829.3065301905958
16304,683.9979547465337
16305,702.2890148976977
16306,850.7985663884797
16307,308.42184294866183
16308,679.8950530620439
16309,673.4404957266129
16310,633.5712402791087
16311,686.0847448207849
16312,748.0442131388882
16313,674.5455905971667
16314,698.7185767166161
16315,755.7872210916915
16316,684.6417589708226
16317,722.3578177322896
16318,688.6587955563592
16319,719.929164425569
16320,736.0875477754948
16321,405.00402706869295
16322,731.9443768073543
16323,749.8041584340713
16324,828.3451553344465
16325,693.4021191281495
16326,519.6693751830198
16327,407.57073516754
16328,704.4756444757181
16329,303.5726360070537
16330,728.5007506571867
16331,727.2168999348842
16332,659.0222597520346
16333,737.7452897941143
16334,398.13627287057074
16335,847.5749008022217
16336,682.7371092956927
16337,738.5508167998771
16338,307.35590827021315
16339,404.2592164256576
16340,410.2057803181102
16341,676.1248753057071
16342,700.131591549976
16343,406.22339126464095
16344,721.5372553375842
16345,676.306929249097
16346,724.0818255836909
16347,288.6945833653016
16348,708.9055260402308
16349,753.2994435897203
16350,679.3397253625451
16351,688.7228800819253
16352,690.0731236498901
16353,705.6350049445007
16354,501.51233678828874
16355,728.0369719515705
16356,731.5895018687794
16357,674.633341849248
16358,766.236569853543
16359,261.1704445869827
16360,692.6673531438892
16361,294.8382549435825
16362,688.0447806571572
16363,653.9941740320786
16364,845.1314010145414
16365,662.2474968892369
16366,734.3636537382191
16367,181.5086746149786
16368,715.4611903600306
16369,740.5871456851996
16370,742.0776678381517
16371,728.0713456280916
16372,768.3823326028306
16373,686.3049381093034
16374,730.8601419154703
16375,689.0808808372482
16376,692.8824146275638
16377,745.0539578338299
16378,524.363934428864
16379,701.6276453239223
16380,825.6522357140093
16381,714.6104279522758
16382,706.3588142030626
16383,665.3031106685761
16384,752.123254049389
16385,743.9288021908142
16386,667.6290452584647
16387,666.5089262062431
16388,740.6381135564237
16389,322.2937715066131
16390,680.4232465411322
16391,709.6017406685511
16392,385.147901332179
16393,640.4681083788914
16394,312.3840058177105
16395,695.9457819137651
16396,715.3702606628044
16397,325.85041277800167
16398,680.566097301896
16399,838.1390803532655
16400,689.405420101365
16401,662.7451335127234
16402,739.6990058458773
16403,691.0253164127635
16404,650.056337204811
16405,234.03151480617885
16406,720.4152465291577
16407,707.7608424547416
16408,752.3716200827961
16409,656.9665689304293
16410,838.8886952925743
16411,295.30740180667283
16412,413.9533092911983
16413,650.0286832483891
16414,419.14200107966394
16415,696.392715802911
16416,302.00736194825987
16417,737.6865585204715
16418,665.0623157388366
16419,653.3381183542216
16420,678.5673711151857
16421,645.6910581479654
16422,678.0215167428432
16423,302.81883587556615
16424,402.7197669111878
16425,680.7327435092244
16426,848.3611525943468
16427,729.5773195208897
16428,325.3395947049606
16429,301.2309458172217
16430,717.2400727088491
16431,294.7122220458094
16432,744.5097154149785
16433,711.8914590487047
16434,707.2348821001865
16435,401.6084596948397
16436,713.5761637321043
16437,730.8576490720633
16438,288.2454357799452
16439,409.13152172473684
16440,708.787670561056
16441,677.9193935197118
16442,704.1873550837119
16443,501.5606072207686
16444,691.4961002740747
16445,745.4851018385463
16446,704.9536199888021
16447,566.442280819121
16448,768.3507056380081
16449,771.0961011288192
16450,841.2697166684877
16451,752.9647374424119
16452,705.1372940878623
16453,744.4416281625773
16454,678.6313568127453
16455,653.3155384057927
16456,735.1769474762682
16457,412.2286389583109
16458,684.5859219554811
16459,752.6156701282277
16460,735.7186994540982
16461,712.5166003179602
16462,718.4321262928237
16463,728.0511883695892
16464,849.0643428736624
16465,707.2308101955914
16466,686.3817776621737
16467,679.1239319497447
16468,397.034065819971
16469,714.3278177565309
16470,706.8446315329257
16471,721.1739772111802
16472,704.7552449217817
16473,734.5003418814791
16474,782.1865452652876
16475,711.9871384994278
16476,677.554864482596
16477,686.439598228893
16478,416.6255771969756
16479,851.8324536528849
16480,714.7244329860583
16481,696.30229230432
16482,677.9595935216128
16483,190.57062271336434
16484,396.80371173646876
16485,834.0387162510965
16486,301.6056432901965
16487,659.7893362096331
16488,315.4639777181522
16489,527.4258858517628
16490,392.7553023668617
16491,708.3534744246865
16492,662.8604251280483
16493,685.5986760044132
16494,660.9073237296922
16495,671.7734181681803
16496,402.7345688518569
16497,678.2754334133726
16498,301.0390048809959
16499,303.6336394420321
16500,693.7907277252134
16501,665.7734596725504
16502,671.7128115501828
16503,634.8990928195952
16504,694.3438121277676
16505,669.7835086037463
16506,142.3177190374928
16507,689.4454864849422
16508,723.3695427860081
16509,651.9799851100964
16510,715.256373326484
16511,686.9380526699881
16512,706.8712129816291
16513,726.4734576417026
16514,744.2257795648982
16515,300.42511655306225
16516,699.7251161213086
16517,706.5891109490614
16518,392.3427819184911
16519,699.8170949348795
16520,702.6959866870543
16521,678.6598907558968
16522,569.1832979694889
16523,317.5091070446076
16524,718.8823731937684
16525,289.29667219828576
16526,744.7494761285022
16527,677.516719189854
16528,741.5332258731391
16529,678.8582567718433
16530,716.0389189321298
16531,214.99370728517653
16532,720.1586053416457
16533,701.3840208310405
16534,721.5247955596113
16535,687.231741744872
16536,703.6456794212276
16537,283.365285222307
16538,244.67029088555438
16539,682.1239627745546
16540,688.411126935202
16541,649.3117131502692
16542,766.7474564927618
16543,684.7061381424927
16544,849.3206252883809
16545,748.792413388452
16546,704.7092402255893
16547,391.3667092260654
16548,835.0125114948976
16549,708.6055626985514
16550,296.63166531708754
16551,722.0163232944997
16552,672.9887669597745
16553,735.059363279748
16554,657.9246171007261
16555,716.2281046522656
16556,702.7090664979544
16557,849.2652801993166
16558,685.1531463972894
16559,690.6545412458764
16560,719.9376359135294
16561,474.26008458002224
16562,681.7245940030277
16563,675.9758816994698
16564,710.3070663602886
16565,671.175548990809
16566,689.2004675360021
16567,684.5896791048398
16568,714.1016710197454
16569,302.89031888061317
16570,703.471454262155
16571,708.728123986898
16572,273.1567592491884
16573,726.9651975460406
16574,848.1682754140196
16575,657.2245863840114
16576,850.3232075974322
16577,728.036559634619
16578,706.8811148756963
16579,715.4407089527422
16580,649.3466361850195
16581,733.8008998355624
16582,401.8646264854523
16583,313.6650142950879
16584,671.8539142256919
16585,801.060770027177
16586,412.5596401375435
16587,307.85389170811436
16588,678.8435129553669
16589,714.5469506028126
16590,669.4446920874319
16591,399.34115173574946
16592,750.1985826905661
16593,738.1443830164451
16594,741.3457964568006
16595,673.0420161544054
16596,716.6644565643296
16597,748.0193139874668
16598,715.5226969632821
16599,183.24621664584635
16600,673.5019287894099
16601,403.00832301243713
16602,675.0764173076624
16603,719.3693679566422
16604,481.4638397593976
16605,403.9550100838491
16606,683.3049975279724
16607,747.2809176840333
16608,696.1252584154764
16609,687.9342304892712
16610,721.7139419278084
16611,667.1272066559309
16612,668.6913614258439
16613,668.761845096041
16614,412.5518156731383
16615,681.4407989527366
16616,682.9675921144535
16617,661.9684975444726
16618,693.0935738515395
16619,683.1126388196817
16620,720.3861963188531
16621,695.5684637447642
16622,784.6809252003717
16623,401.1069962741692
16624,722.1924397589769
16625,302.7088762361126
16626,713.1284732712326
16627,296.1696542871765
16628,688.7640880338463
16629,659.2047779124588
16630,700.0149830379306
16631,650.137135270646
16632,311.144190381314
16633,745.4057172162347
16634,848.2325190662775
16635,672.431731442724
16636,672.1067016715756
16637,735.1177393564012
16638,409.6241265787416
16639,728.936822522752
16640,682.5648587489671
16641,686.4034133783312
16642,656.0415836468993
16643,712.4129888512824
16644,720.9683989381151
16645,701.7941354754063
16646,714.160056476512
16647,396.9867204031234
16648,406.9325405082324
16649,720.3053687324154
16650,396.2802774897119
16651,293.39822239326605
16652,674.0053357765007
16653,678.5814084829067
16654,674.0619934040146
16655,846.4696521389837
16656,312.4841881739658
16657,724.4867744069396
16658,540.8822377249494
16659,745.3913284637729
16660,707.7019811650682
16661,703.0297248274976
16662,663.6039764306174
16663,363.04299731114355
16664,386.3894124093338
16665,717.4747018562881
16666,759.1469984893986
16667,687.3392161075324
16668,670.8050388901039
16669,671.2256374185031
16670,709.9758145886412
16671,697.2804158123263
16672,698.273441217517
16673,657.951689979959
16674,684.6597952615666
16675,682.5497743924853
16676,813.9948798801317
16677,315.2799477075885
16678,304.9949200191049
16679,493.81244187719346
16680,703.1996038378105
16681,750.9446544092934
16682,689.8632052845239
16683,293.01593271575666
16684,836.2885556449403
16685,726.7556780775083
16686,800.2213590196002
16687,724.8770959524156
16688,676.2716466894863
16689,182.13924789331463
16690,776.4430732432124
16691,697.2707263913027
16692,715.149376156621
16693,675.4618869874106
16694,720.9097182053636
16695,735.735472432248
16696,410.18588148612855
16697,716.5139053850764
16698,696.824613186778
16699,743.3757547527288
16700,565.0877404154481
16701,311.519403003674
16702,748.8843298686177
16703,299.72245818606103
16704,688.9869823054067
16705,697.0512020867473
16706,652.073620200852
16707,744.7923795598741
16708,748.7926127194685
16709,749.7672823758705
16710,719.2334114520619
16711,720.7992592502973
16712,725.3813749007948
16713,669.6201596422266
16714,686.5555116399556
16715,664.1207184332808
16716,698.9021434310949
16717,726.1550507520525
16718,668.6534587664107
16719,683.3304194383169
16720,403.6215031990385
16721,706.5307009206243
16722,705.1953210910731
16723,324.1745953471787
16724,748.4023573733427
16725,401.5026949237355
16726,745.0063666860021
16727,732.7579520302845
16728,662.2720572338629
16729,309.88994096887535
16730,315.4143402463433
16731,670.2482896802031
16732,743.3944463415855
16733,714.0880967182718
16734,301.6824934302922
16735,742.1967008885633
16736,718.5341625225893
16737,850.3153402680014
16738,736.6246337168448
16739,766.6062959301366
16740,670.5028841785746
16741,402.81975585927995
16742,737.3867842938902
16743,696.8076788299172
16744,689.8778681660268
16745,193.33328558184348
16746,686.8310045361125
16747,294.2544223748023
16748,676.0356735187087
16749,761.9961867641293
16750,645.9602495243835
16751,718.3114387268511
16752,183.0381811101463
16753,674.267990402241
16754,846.4183175640514
16755,670.4390351460308
16756,499.2355476411627
16757,704.7143242046378
16758,312.4699310700255
16759,680.0486458164152
16760,737.0249248655952
16761,759.8332915805931
16762,674.6910776921482
16763,680.6340777290734
16764,700.6467216957195
16765,404.23256111449047
16766,726.8382082245142
16767,308.88456127003553
16768,712.4574680348321
16769,753.8499370390323
16770,303.8518056525604
16771,720.479280700478
16772,300.0655687165629
16773,703.7741612981172
16774,708.685825945674
16775,299.68900437438475
16776,676.9465165642548
16777,681.002198728442
16778,413.87306114638784
16779,700.4491737246035
16780,307.347485489488
16781,295.9508138423779
16782,719.3419027741149
16783,405.5909584428218
16784,702.3844848553612
16785,652.6896158884388
16786,665.2090869132292
16787,743.5296119932494
16788,543.3120951632573
16789,179.9286386773328
16790,257.43914951717744
16791,274.1886112445945
16792,679.7714348323415
16793,713.0644421840553
16794,684.0835959786516
16795,525.9706186023143
16796,720.101890103458
16797,317.1594592092288
16798,768.1372693147988
16799,708.8408334745075
16800,697.5349117347025
16801,430.68308039079204
16802,704.8580952700306
16803,398.64699310988385
16804,677.0928015149856
16805,729.9168284219573
16806,790.3994104121681
16807,296.40707222803104
16808,282.3358275237382
16809,722.8386560779682
16810,678.8900103920381
16811,679.9849785490171
16812,734.3899394715725
16813,308.0732739622049
16814,734.8254107200685
16815,702.6298764808558
16816,681.8090387596118
16817,656.055368806361
16818,296.44887424157355
16819,144.01401971131963
16820,675.4176244116355
16821,848.6153695709261
16822,721.3428577696459
16823,763.5389552838766
16824,736.9263931203134
16825,700.1189094719119
16826,679.1394497764373
16827,723.4175313857882
16828,702.3607384649143
16829,661.9966031483918
16830,648.4523116846674
16831,687.5688867262514
16832,739.164549926488
16833,287.02421131749736
16834,685.1052927119493
16835,707.9131622167413
16836,730.3209459760728
16837,541.4165479112866
16838,310.8378264137661
16839,295.24633171068393
16840,831.8088127306936
16841,779.0969788181072
16842,702.9214813670678
16843,705.256845450163
16844,674.1238086656051
16845,680.1308233575187
16846,705.9734062677544
16847,212.79825360933143
16848,677.6948286883435
16849,684.984257750375
16850,699.4375961226455
16851,687.3724846405338
16852,667.9028840860253
16853,693.7939896388843
16854,698.33669103935
16855,698.3738401133388
16856,745.3498316174444
16857,713.4939485321178
16858,690.6895125936395
16859,372.01614663197483
16860,742.7385925816253
16861,316.97243956702283
16862,175.09159566942714
16863,731.4341493613454
16864,699.4711384736839
16865,682.2002013928326
16866,722.7322933684128
16867,684.6127813182911
16868,692.29737359656
16869,754.3633333480791
16870,663.5915799895223
16871,728.4304656840549
16872,680.6004677639809
16873,726.6365943588795
16874,755.2732511796922
16875,719.4382200463202
16876,665.7237211787578
16877,240.7148936577202
16878,680.8466070813944
16879,410.4721156967407
16880,303.7358928960605
16881,663.3705859770423
16882,696.0867383751464
16883,680.334732640843
16884,695.5899683639134
16885,690.5612249154264
16886,398.62212851369344
16887,384.0687943457414
16888,410.35696621295807
16889,686.8973535201013
16890,304.55063318437533
16891,198.4331300357842
16892,677.5196520155964
16893,766.7034963875441
16894,716.0184857920998
16895,263.23721587234786
16896,730.2946200563978
16897,674.8472793717715
16898,689.0464121798648
16899,692.1770095544989
16900,651.2951907205722
16901,650.9214759700055
16902,182.357587839222
16903,746.4021855923502
16904,679.6608807135793
16905,724.3182876468627
16906,723.408172210379
16907,737.6930095992443
16908,831.9264245215012
16909,305.06973060223675
16910,728.9765596154958
16911,758.25433040363
16912,493.969561262169
16913,695.8067707970073
16914,687.1983662819067
16915,385.70373163334864
16916,659.7310933683307
16917,682.6063534334586
16918,704.9198074595182
16919,700.023005157146
16920,695.374559231662
16921,703.312471122591
16922,749.1049146667428
16923,724.1219783446519
16924,705.7248458656181
16925,692.7954870980377
16926,412.7493232580947
16927,715.6749194567651
16928,299.57874318488814
16929,248.29071599667196
16930,750.368550460687
16931,575.330365077856
16932,681.7583128922247
16933,653.840774762404
16934,712.4772522433027
16935,673.242031457878
16936,673.2655377445632
16937,679.9848958638206
16938,460.7554418554372
16939,854.2618189559114
16940,679.5385569027901
16941,844.0326163953393
16942,680.7729182527768
16943,675.762994584474
16944,314.95536725452314
16945,733.9710438779579
16946,722.3012753213396
16947,475.7170460552318
16948,753.491796584695
16949,656.332553499923
16950,690.3867366878077
16951,315.86468538513003
16952,707.5496471019256
16953,674.3699411112952
16954,836.0045152313121
16955,305.63149424002745
16956,811.887802129196
16957,380.3777811443158
16958,847.1037450190615
16959,441.57130163394146
16960,422.7551264463051
16961,310.300325373464
16962,717.9902728170233
16963,670.5527495811555
16964,671.7829263901945
16965,684.1172888717571
16966,735.4888913233588
16967,849.0279273803942
16968,756.4303237089989
16969,709.3870702346703
16970,663.2307841819285
16971,718.4147844255245
16972,716.2062572494629
16973,314.2932881606402
16974,699.5489951593368
16975,769.584212398729
16976,670.1422142764795
16977,754.1618176972258
16978,727.8480750639674
16979,687.7999577156282
16980,406.35894312501733
16981,293.90411305450147
16982,309.7265536318709
16983,727.9539756277061
16984,714.0740358328314
16985,698.6659646872571
16986,707.2149344239559
16987,752.9850006583033
16988,698.3496051906966
16989,293.2013585185061
16990,720.1747632920047
16991,683.9484977522146
16992,769.3508475209401
16993,753.9422945147106
16994,400.94892058310876
16995,717.562211257241
16996,759.0484331112735
16997,713.9446742384819
16998,811.8041294746165
16999,700.216457821843
17000,705.3727223781609
17001,672.3933700119792
17002,314.32473031404595
17003,696.2737090665229
17004,731.163252488021
17005,849.4878447167041
17006,675.4828126722002
17007,748.6491553510718
17008,536.8975993624723
17009,683.9949331842685
17010,754.6381063802066
17011,522.5163110996873
17012,704.2165566564845
17013,666.1978024272746
17014,729.0031202423206
17015,713.9666995967297
17016,705.5448640684745
17017,409.13148132535383
17018,744.613672044602
17019,657.6730186280932
17020,721.140844280286
17021,706.179553671001
17022,627.706611213644
17023,747.1032606249858
17024,672.2020037265193
17025,293.7046368659693
17026,844.8821081635327
17027,720.1325099151346
17028,661.5774280593555
17029,697.7526702467892
17030,661.2407451080927
17031,712.1750838565857
17032,700.1970421994646
17033,705.8613651758673
17034,706.635411661485
17035,674.6062780987288
17036,736.0413121434584
17037,747.0424278742177
17038,718.3129923714936
17039,744.523483566103
17040,395.91641512246895
17041,810.7174186829427
17042,408.95352882196846
17043,634.5639259457796
17044,721.2514036204543
17045,504.3937566868888
17046,718.500736020856
17047,302.3687366258977
17048,708.7128909548803
17049,737.2790758523234
17050,670.7529682692084
17051,706.374034980964
17052,717.0276183023952
17053,681.9622112758678
17054,658.0229494265425
17055,311.65458296295157
17056,307.4189096108357
17057,305.3995181549779
17058,692.769116671669
17059,402.8487974704298
17060,721.9727416066739
17061,705.592394335511
17062,782.4522183893496
17063,728.0982065719368
17064,682.8529102423214
17065,701.5822918308755
17066,375.6780026777688
17067,404.3078701153791
17068,700.2010768955795
17069,711.5441428952741
17070,701.3131593808719
17071,450.2432719313361
17072,656.5837954930618
17073,677.710813923798
17074,704.3182921207131
17075,702.355491851951
17076,717.5998671161663
17077,729.9707521590171
17078,704.5009593895182
17079,688.7275944987138
17080,699.9261163295886
17081,400.3836276961051
17082,705.1518402912593
17083,732.3599896637182
17084,412.61220060782824
17085,699.7839278384299
17086,721.7663663239457
17087,401.3490144308101
17088,236.63164178745473
17089,393.6704020838536
17090,696.9840837118367
17091,233.09303364437017
17092,699.7586390658172
17093,717.4301110940712
17094,323.5159303393703
17095,736.2755836176541
17096,414.2803249218593
17097,739.7940589260182
17098,713.9926452658766
17099,700.5177242770228
17100,732.3005800120758
17101,671.3706197270824
17102,406.90607701670854
17103,300.58652116278836
17104,681.258927048394
17105,706.3776547858237
17106,724.6972156733368
17107,399.8870218797821
17108,723.3437817531365
17109,711.4335676892456
17110,749.3937337548655
17111,732.7496540383257
17112,757.6438417247183
17113,722.0914188084474
17114,787.1369654967137
17115,689.5437178409517
17116,779.9681587365351
17117,715.3351886668771
17118,751.7817666198897
17119,398.7173177046743
17120,677.5374843403303
17121,735.9412525683438
17122,738.9694564837112
17123,699.7296568223856
17124,406.91396079361357
17125,659.641842993607
17126,713.5042750153299
17127,719.1581091690858
17128,239.46694109096723
17129,659.0646283006176
17130,694.3860805435519
17131,667.1821459963588
17132,718.4168553191955
17133,701.4693794041864
17134,844.2005116271389
17135,737.6117474797877
17136,726.6455530973036
17137,698.2149292294174
17138,240.32998436627452
17139,415.0372379029141
17140,731.0822139956274
17141,674.6060986458298
17142,675.8095535085984
17143,701.6593650808618
17144,710.0993454386063
17145,699.1546067514134
17146,814.5642595604601
17147,736.4157661048549
17148,413.9054952827602
17149,675.3441620785607
17150,408.68377914367863
17151,741.5210118839342
17152,670.3722863679393
17153,681.2623282104848
17154,669.390824641198
17155,684.8214198414943
17156,756.8449791503373
17157,710.0714153540827
17158,674.1524750477076
17159,721.1626063964579
17160,298.5012833369475
17161,750.2558289698694
17162,671.2313548017828
17163,543.6597329102482
17164,631.5127556930017
17165,727.7461801636465
17166,678.9044172833492
17167,763.9374205753547
17168,809.2897495948814
17169,306.0995044731797
17170,403.5490171513818
17171,720.7052488132953
17172,647.5965957627659
17173,694.2534949348187
17174,697.4792988971633
17175,753.7201544426337
17176,731.4063312485926
17177,488.2884553398254
17178,201.56016970566316
17179,691.0489927377682
17180,304.0295941712983
17181,696.8580229817196
17182,407.12525649897475
17183,297.3217056121743
17184,173.41920204433018
17185,779.0994146045199
17186,686.7222538008039
17187,720.4331877064396
17188,311.71812263910914
17189,729.5437952481951
17190,699.3413916283721
17191,295.9919925711968
17192,711.0418067388762
17193,710.7711870748931
17194,717.7978152422148
17195,730.1847652254655
17196,715.5993022733879
17197,718.078584383806
17198,640.1938453397513
17199,693.1587264224851
17200,687.6766835381163
17201,836.5426214921155
17202,681.4439931058952
17203,719.7050335218703
17204,749.7208201330345
17205,254.61590647969717
17206,668.1161461764037
17207,698.3888541617594
17208,733.940585550121
17209,767.8595037774978
17210,699.2141224031445
17211,735.3123641510862
17212,198.09207231883897
17213,711.7349114229448
17214,293.2529069950429
17215,728.4778771862713
17216,685.310335096557
17217,660.9373122824019
17218,717.0080834837056
17219,700.2677657795916
17220,701.3885495514082
17221,548.2155756358071
17222,403.3478532939337
17223,675.068955764444
17224,742.3710058471984
17225,753.224024072078
17226,292.7389577512648
17227,716.2185057391115
17228,307.8018924444652
17229,757.0380608933882
17230,847.8042892172374
17231,721.6989528080882
17232,681.2728136339764
17233,682.385896502902
17234,201.34051609496623
17235,746.2913347088622
17236,732.0871112323952
17237,716.0655938573555
17238,687.5150390720182
17239,746.9389575528157
17240,683.0448449661457
17241,783.2925001900859
17242,837.8275335002763
17243,234.19420538886845
17244,506.3269948397767
17245,671.4516770727664
17246,723.7619653901415
17247,686.098376801949
17248,713.0054808424986
17249,763.9571614662251
17250,751.6249328689004
17251,828.7183478673529
17252,673.4274789958174
17253,671.6180162992544
17254,758.0695518130048
17255,282.8353475430772
17256,680.3919211139792
17257,767.1729399738597
17258,670.2394485340085
17259,800.0863993567888
17260,844.2804941828836
17261,296.8447680826604
17262,849.4578440874579
17263,717.9522182467875
17264,257.031391509667
17265,680.4511848242895
17266,759.0738725441504
17267,679.3166710637361
17268,739.6213298010166
17269,694.2996889536499
17270,662.706495441807
17271,317.0250091698144
17272,797.2511173342098
17273,435.64555907124605
17274,402.6008845714592
17275,727.9784753345004
17276,680.5387422417004
17277,710.0406359550819
17278,712.8313993231386
17279,303.5158111079064
17280,738.4531112758712
17281,402.10584768265636
17282,297.468298469102
17283,704.6437804795896
17284,688.0001124872052
17285,303.8897249259503
17286,725.7309155626492
17287,407.20578380796286
17288,703.2856552668752
17289,726.1495074734363
17290,678.3666455415023
17291,744.2887830751763
17292,693.486156819004
17293,499.8714013393867
17294,692.3932702670179
17295,739.5131342046147
17296,675.290828319329
17297,707.0844644152187
17298,675.750401904877
17299,465.286663531762
17300,423.6218215514432
17301,407.1824940390526
17302,306.89625210750177
17303,839.3926323599268
17304,701.0149833578647
17305,754.9170092715852
17306,697.7353790993596
17307,707.6142440368504
17308,386.26121267921917
17309,850.0009016268966
17310,667.5726524154031
17311,725.0685337408007
17312,679.845511033411
17313,735.467738701303
17314,760.7688197182713
17315,731.681617694626
17316,709.2004058901082
17317,752.5060683953875
17318,672.7112629953049
17319,685.0871300265416
17320,683.8519502577607
17321,841.0819662341281
17322,298.5567355383076
17323,681.202514960118
17324,295.53983830966774
17325,745.1937086212213
17326,392.56538347727195
17327,183.0172398909641
17328,677.8433062169727
17329,345.7730241256976
17330,685.0395826610322
17331,738.1707164667879
17332,305.5530415089978
17333,659.9163187107575
17334,680.143100315841
17335,405.2139832246995
17336,710.4326150813732
17337,763.5851179023231
17338,414.6643522219811
17339,838.7355901481383
17340,363.5486509087116
17341,733.781388323182
17342,687.6955535469053
17343,694.5955697593862
17344,814.0849985317371
17345,816.8829810266242
17346,318.569200234243
17347,847.9100829138301
17348,300.89006041252463
17349,396.7079561734269
17350,750.1626669606392
17351,399.82720520769817
17352,727.3311406338597
17353,670.0807245592628
17354,642.9136382787315
17355,697.987600734738
17356,741.6364495370891
17357,669.297903116764
17358,840.8243135177105
17359,673.2118107113297
17360,713.5753524932447
17361,736.8020599337792
17362,293.1853847547718
17363,705.3212442465721
17364,815.3780645537465
17365,714.6986322873364
17366,314.55356205716663
17367,702.0904275806847
17368,316.700894324242
17369,675.9750131041018
17370,402.1238170973668
17371,687.3409547705896
17372,678.2709581380805
17373,671.2554226744104
17374,684.8420471687532
17375,710.8347904033877
17376,716.7560881136435
17377,683.8385495369618
17378,722.4671533941466
17379,688.0835976430511
17380,746.7676889065972
17381,675.0436580886806
17382,697.5902692770886
17383,710.8744751637488
17384,723.4178748782489
17385,844.8366758630204
17386,692.3845086390803
17387,664.153709149056
17388,722.6336986093775
17389,742.0584416084689
17390,401.6024567757469
17391,748.6652317101339
17392,679.2438687761967
17393,742.1081644664952
17394,676.3620882688326
17395,727.6182668920559
17396,665.3528023198837
17397,847.0086424329454
17398,406.1530318436873
17399,853.8361222208772
17400,742.7155036355127
17401,708.7183080899159
17402,704.4949149820145
17403,662.0648019033313
17404,731.1484072806679
17405,724.669401303523
17406,649.8171109341797
17407,267.8030707315264
17408,704.3937242455096
17409,691.2387537534747
17410,698.963382672716
17411,708.4982988287244
17412,682.9767727693004
17413,699.1948632897592
17414,690.3770162150967
17415,709.0166271270219
17416,403.96250167580615
17417,678.9732267950701
17418,723.3543537802097
17419,213.72438984200215
17420,701.1374729339772
17421,294.3491551392553
17422,420.0656954519054
17423,730.1129343823167
17424,702.659790875937
17425,741.1212401842536
17426,752.4424058101873
17427,682.4704958020975
17428,318.34029654799
17429,304.99555655735867
17430,291.78478972325576
17431,761.4521136820742
17432,719.5766425331641
17433,399.1037155394908
17434,395.2556719370258
17435,746.1959856415288
17436,679.028020825415
17437,737.6763928730065
17438,845.5147975374566
17439,709.6722605714775
17440,681.8572521511271
17441,313.8768734730986
17442,411.173299318086
17443,687.1925654837823
17444,732.5721009930749
17445,645.8469216829193
17446,717.8976090610554
17447,295.37080154247667
17448,305.81613596719643
17449,300.6358544649957
17450,313.2070919155383
17451,404.07670429274003
17452,813.5064975326442
17453,388.85420689295745
17454,502.139116703726
17455,672.2008677065229
17456,659.3592904865696
17457,683.185165910163
17458,707.5433001956671
17459,710.8972407112725
17460,729.1793269236185
17461,520.9615344492549
17462,681.968333255102
17463,297.9787827101594
17464,816.2973328122366
17465,717.6855791508656
17466,763.2217076558576
17467,730.8916733978764
17468,684.5883013136831
17469,795.0217086816725
17470,713.1219912665696
17471,842.3968767218686
17472,396.72616123337957
17473,311.6355584716231
17474,739.5986013300706
17475,700.9346109266783
17476,743.6215710533586
17477,691.418752336531
17478,673.7838859738239
17479,682.6326182135624
17480,678.2911421912185
17481,723.9494377462444
17482,740.2995909758556
17483,712.972274659304
17484,404.85064069705095
17485,650.3728874808999
17486,694.695334676245
17487,720.2620194157714
17488,736.0059312465228
17489,723.8231949631877
17490,755.7872271380801
17491,691.6236020589699
17492,678.7085807727805
17493,716.4342520965708
17494,749.5787315103752
17495,753.7837932097858
17496,695.756338409549
17497,719.8162775409754
17498,719.3327829116212
17499,638.2754009878662
17500,394.20728904761467
17501,295.89771377132536
17502,711.544094742377
17503,248.96405383167092
17504,831.4830730572472
17505,699.8589988052877
17506,744.8359830859175
17507,725.2096317674866
17508,703.1741486203347
17509,719.1537249230743
17510,679.2270184263159
17511,723.3531966271328
17512,700.0032316480233
17513,739.6332756290793
17514,398.56205555280104
17515,581.6137785080896
17516,699.6022203952301
17517,701.5952347378492
17518,681.6751653461264
17519,291.7451968115201
17520,241.0993914277107
17521,377.8516649243078
17522,705.5999225958668
17523,690.6977674146002
17524,680.5717293288877
17525,296.4424028877289
17526,776.3901682349855
17527,684.149435426739
17528,195.94940012265505
17529,297.0335744334701
17530,691.471852031139
17531,649.0493802245577
17532,672.624963890633
17533,752.2247198514109
17534,682.1730088055324
17535,671.8955887691512
17536,724.7410445591333
17537,663.3676102543229
17538,708.2495387940448
17539,784.353755636337
17540,413.9572281940079
17541,753.0579410648164
17542,705.1704793711674
17543,229.6283062020936
17544,630.1822506567883
17545,825.8384674072092
17546,695.9323656747603
17547,728.3845697947082
17548,849.7559501556278
17549,755.6337758672688
17550,698.6176267543059
17551,242.57081025820236
17552,698.1591097534374
17553,715.2643505663934
17554,726.9334543901832
17555,673.7709915254791
17556,623.2612665265674
17557,749.8145365661991
17558,676.6235650767837
17559,696.5112058508715
17560,663.8210901776297
17561,749.5981253429535
17562,312.7423852196991
17563,676.533130889973
17564,764.5138882788253
17565,669.8046050849957
17566,850.7451581656873
17567,717.8390869800114
17568,713.1199192811472
17569,650.8464709803559
17570,746.365623598417
17571,401.94551791019455
17572,780.754174392264
17573,398.2399542900259
17574,732.8806152289135
17575,698.0708700886054
17576,711.2230285533394
17577,705.0044669250542
17578,826.4692269054633
17579,725.7832855377322
17580,691.7225449962784
17581,715.7706763677547
17582,407.75591209810074
17583,709.490477910082
17584,298.07264851571375
17585,328.390864564376
17586,758.0103828745088
17587,679.1907520073478
17588,528.8252700026868
17589,723.2184748538887
17590,783.1313463059985
17591,725.5738777714719
17592,720.0103957767095
17593,656.8421064787593
17594,713.8614059971383
17595,737.2576544843639
17596,697.4124352832209
17597,744.1100468597543
17598,727.9010930593153
17599,738.0027228585977
17600,711.1290899947181
17601,728.9773527623662
17602,694.1223535157275
17603,701.0030618641459
17604,738.1804392602667
17605,681.6240541370117
17606,679.5079360063298
17607,713.0344405612115
17608,315.2329429950676
17609,312.8589286808461
17610,237.33238803253158
17611,661.0297684535597
17612,660.0822468589838
17613,655.3088237761709
17614,712.6696759678088
17615,692.5364132326005
17616,305.29171081774314
17617,842.7262289762339
17618,714.1582433944034
17619,706.7916624991547
17620,847.5168116637843
17621,746.3850761221041
17622,286.36454521694856
17623,688.7160669182236
17624,713.1868079477404
17625,264.7991826337443
17626,730.0896619445906
17627,745.1713647042491
17628,715.1264000936876
17629,394.5939977122544
17630,703.9685457333252
17631,305.42030731444527
17632,709.1867552625423
17633,341.281074571928
17634,700.9032369535923
17635,194.03853109032184
17636,687.7719031598538
17637,704.8850609720259
17638,670.3078412887235
17639,674.3202866950071
17640,682.4236227231654
17641,708.9461307589862
17642,733.9044835517215
17643,305.0169526313957
17644,305.97945346004326
17645,733.7710434265051
17646,722.933504209668
17647,713.905131088831
17648,711.6973957947229
17649,709.6772882367268
17650,669.6761374989228
17651,743.5499016548313
17652,829.2831547895245
17653,418.30527037906256
17654,527.9356942020756
17655,720.9893617467931
17656,715.930543629827
17657,202.35796080984744
17658,702.1478201204948
17659,680.4330014627996
17660,726.1733982371247
17661,403.3894090093091
17662,752.9695453888953
17663,502.1426378814365
17664,718.7215693603247
17665,306.08493466260785
17666,646.5244824395004
17667,701.9536992677722
17668,718.4676188283785
17669,846.1728884837787
17670,648.4190071196097
17671,714.4135145447055
17672,700.6288777614934
17673,302.54343263751787
17674,663.6073771093418
17675,689.3568078660487
17676,713.4372573045288
17677,690.2595884396864
17678,705.2561442854377
17679,696.1960232983527
17680,699.9281603917728
17681,711.4865283860967
17682,712.6036111479085
17683,680.1210089410218
17684,693.3433751544816
17685,645.8586690476212
17686,401.4942827219692
17687,762.524618078435
17688,391.02138443682054
17689,714.3215630165984
17690,711.8561710695219
17691,685.3355338954802
17692,204.45234464182278
17693,711.6583397321706
17694,706.0380482311225
17695,723.5902401648615
17696,747.4346240867214
17697,297.67653568166946
17698,738.1426361120073
17699,373.05557888276593
17700,730.0560068604617
17701,838.6404036617744
17702,680.5606852197891
17703,671.8693952542753
17704,680.9177637299903
17705,414.2023830276499
17706,396.32060178864447
17707,699.754640636085
17708,657.081457350075
17709,709.9858014625713
17710,375.8101504523316
17711,677.621425783269
17712,702.293881192732
17713,177.79132064327456
17714,711.3398267520956
17715,404.56689991114246
17716,735.7175026281941
17717,701.7352478235015
17718,712.5853670244328
17719,730.3404000879319
17720,774.8546462548868
17721,463.34906292030803
17722,459.76102424715907
17723,727.0801007321824
17724,402.5022021573348
17725,809.5720915931106
17726,681.0929721614815
17727,411.5254755212187
17728,658.5436789813109
17729,718.818710025513
17730,751.6149330239797
17731,295.15025584619224
17732,700.9928783412525
17733,633.2433333502281
17734,709.6836361865035
17735,672.4796517715911
17736,706.3513115193039
17737,729.1342599101723
17738,756.5495963369433
17739,184.2716727259052
17740,410.9552519591421
17741,821.2711576241574
17742,729.5701723046936
17743,751.955679733305
17744,692.332615081701
17745,732.6412390170858
17746,734.7056382053702
17747,306.61842089057023
17748,730.573467514422
17749,720.6350854978884
17750,676.747737030639
17751,846.9890098145917
17752,688.8191651999692
17753,700.3898216518104
17754,662.1801278585561
17755,754.4422489678227
17756,702.7047296190525
17757,686.5327638665145
17758,176.23033937807332
17759,719.5006496303764
17760,686.3223084674713
17761,324.08143919718435
17762,679.5335447350478
17763,709.4778064241225
17764,744.833656297849
17765,771.5815980096429
17766,711.8669264812698
17767,681.9684733826077
17768,744.7726350370419
17769,708.9317527626932
17770,650.0450205610207
17771,721.2901069841269
17772,719.587427319986
17773,414.3786720498135
17774,711.2282426986765
17775,707.3310294121259
17776,735.7498041615962
17777,675.949832595223
17778,718.8650096970041
17779,561.422589710814
17780,296.26208891898494
17781,834.0994702641622
17782,552.099233779803
17783,309.19521960356076
17784,712.452510518771
17785,680.4080046343613
17786,684.1588233950154
17787,402.4398325123511
17788,708.699486466787
17789,699.2734426177061
17790,675.5381132481272
17791,304.2167479542571
17792,701.7050442525733
17793,817.5361693676259
17794,775.0469571289767
17795,656.8147427614444
17796,713.990675276726
17797,726.6487029498662
17798,736.0933614835262
17799,680.3329556482113
17800,749.7756338077515
17801,703.8631800477759
17802,404.9054162730387
17803,717.5651969819431
17804,726.6848384598632
17805,706.2694812486736
17806,300.6153348584606
17807,414.73310324553876
17808,400.59006424298707
17809,698.527489323957
17810,674.8159222227911
17811,665.8397148544193
17812,697.705893972524
17813,734.641041850951
17814,685.832815450506
17815,414.6203228593157
17816,703.888134812289
17817,312.70580762497246
17818,726.4787394270006
17819,704.9097810523391
17820,665.280453387858
17821,296.82958082020775
17822,843.380579093789
17823,741.741168691241
17824,839.1930824053384
17825,334.9215214569112
17826,726.1063847900397
17827,695.5524886921343
17828,397.84370785731073
17829,400.4911887511704
17830,713.389774179332
17831,690.5658691995086
17832,745.4388504303995
17833,702.6515850741421
17834,710.39839677149
17835,719.5859277470396
17836,716.0271616695427
17837,702.3935093101534
17838,677.4244049478167
17839,691.5468915339701
17840,239.07208886452497
17841,715.8780289873772
17842,398.81813574622765
17843,743.0267286635175
17844,739.7419001071214
17845,739.3329514866732
17846,750.8754469814833
17847,475.77515222156467
17848,698.3808519733375
17849,679.3437058656991
17850,418.1411030561051
17851,714.3986044432113
17852,264.4213838955204
17853,721.6719756555729
17854,684.8420106727895
17855,744.0599790306994
17856,291.5467419706227
17857,715.5026869803393
17858,761.6846676979367
17859,651.1719648217658
17860,681.8174232264001
17861,701.1611298259419
17862,253.00790512847016
17863,200.4625485031969
17864,298.65309011188486
17865,738.6934345251341
17866,200.35822671079927
17867,768.6002240443074
17868,502.7816570567328
17869,747.3293061876782
17870,746.337129976767
17871,742.2243143677057
17872,399.8397945443825
17873,734.4917751646644
17874,657.1268075580143
17875,724.2551401291969
17876,716.3090689301948
17877,652.0165881391787
17878,674.8715305325205
17879,716.8407140426273
17880,851.8477048501807
17881,339.7988833970998
17882,701.3390867176594
17883,661.6317710635624
17884,724.7264813467781
17885,409.02640458971484
17886,713.6320805004833
17887,717.3818315429331
17888,298.8663382012314
17889,396.1460822029307
17890,370.22814958089003
17891,753.5380476367419
17892,667.7577077462298
17893,706.0398894171519
17894,542.9824974367971
17895,460.89328734022126
17896,733.6674231931157
17897,692.6469988698507
17898,850.194831831406
17899,672.1571941568579
17900,667.4260816991326
17901,716.0279114067014
17902,751.282519686612
17903,405.1447235269772
17904,655.6457872802124
17905,382.0836967645303
17906,464.00162972860153
17907,707.0505716769326
17908,697.3998752332941
17909,717.0301169386179
17910,750.4553258608291
17911,694.2871091761688
17912,636.3656587450325
17913,681.2433000373981
17914,671.1440205500835
17915,399.21302207604924
17916,318.21192366101536
17917,707.6272976628916
17918,704.7476560628575
17919,740.7328142043004
17920,677.0796503287326
17921,479.18669125861516
17922,661.4955576435336
17923,209.85762896876952
17924,291.33392091268627
17925,650.0754591855435
17926,694.7059205131783
17927,484.7364089936001
17928,651.6697748330723
17929,405.60007945658407
17930,724.8166894346455
17931,715.6102688744987
17932,408.0029050926157
17933,665.3315124279405
17934,711.0093370406258
17935,291.8018806581171
17936,757.4069272814643
17937,701.903357426647
17938,815.8847201028364
17939,365.58135899302636
17940,303.8342084367089
17941,714.7432237025632
17942,310.48619404922607
17943,293.22757087289176
17944,699.548164071746
17945,671.7176097256207
17946,407.2829627143905
17947,644.0494303428193
17948,699.910910855393
17949,701.462399952749
17950,676.3747685867338
17951,693.9150046742876
17952,699.650028776596
17953,756.7282856350474
17954,757.7655611560444
17955,703.9779938587128
17956,299.6393460191841
17957,677.2218085619128
17958,570.0574813379981
17959,709.290241735841
17960,713.9143364416664
17961,670.1095769307187
17962,729.9560856174602
17963,704.5903081451197
17964,737.5321847589921
17965,307.4460320874667
17966,708.6179653566966
17967,745.2195511847118
17968,298.0386000091252
17969,676.1494383191483
17970,701.0622695094359
17971,665.3635462453353
17972,711.5716181388307
17973,752.656726265966
17974,712.2050362073583
17975,847.9400532821555
17976,400.0637700953232
17977,754.9605420803722
17978,736.1490444817198
17979,848.6010418541534
17980,320.2639221857946
17981,670.2982622470229
17982,780.8245505721919
17983,701.3563558535539
17984,654.3139520203496
17985,659.632567151899
17986,750.874500634611
17987,731.9559096973437
17988,220.96596061434815
17989,682.9009719260633
17990,699.0484979203076
17991,644.3207463309571
17992,216.99415632945448
17993,721.1399291900732
17994,369.841118372847
17995,701.9478281523637
17996,722.4877551122049
17997,717.6558605334486
17998,672.4708610403403
17999,711.3819851956155
18000,412.6915665716833
18001,677.8269488116321
18002,642.5791995855551
18003,401.5500939840013
18004,732.6079072915909
18005,846.5986087863229
18006,659.1499275350694
18007,679.4172382571919
18008,849.3765271765674
18009,298.53328278222614
18010,320.4164764934941
18011,700.5937562211344
18012,844.762334586638
18013,714.6766726907512
18014,682.4208282866375
18015,731.9375053497322
18016,651.8121606196431
18017,419.36416491529053
18018,671.0452893326176
18019,703.464044748099
18020,728.7365061329099
18021,737.9440552104219
18022,722.5319848194373
18023,680.2309521493546
18024,306.97426661152656
18025,683.531148385597
18026,698.8817636540438
18027,707.2132581283663
18028,721.5356736835387
18029,697.1531584153531
18030,418.83767139279774
18031,699.9951463215158
18032,293.0684525898886
18033,728.0431781514891
18034,282.8422822609468
18035,726.0574184152115
18036,836.3122272885992
18037,725.7222633656068
18038,691.7982229048049
18039,642.8968967251149
18040,679.7691653917087
18041,295.1470960167323
18042,299.6969982385988
18043,709.1365755711607
18044,674.5627046753892
18045,728.2392586368505
18046,746.9032597867296
18047,224.8409944071355
18048,299.2589670060044
18049,683.9783692877593
18050,671.668030388767
18051,710.3732143660275
18052,675.330495696176
18053,401.08439824581177
18054,306.52604229707356
18055,715.5262021220733
18056,773.2791163970602
18057,408.2604595532996
18058,746.2087335756825
18059,297.3253510530981
18060,675.5389277407348
18061,691.1577010958924
18062,494.89808611484546
18063,709.9952151662651
18064,738.7286492504552
18065,742.7928956469414
18066,676.3323753470032
18067,405.7259341215582
18068,757.7989811140724
18069,728.5780839188882
18070,713.2108585692056
18071,738.2518966871709
18072,696.1676426668649
18073,740.9413406211879
18074,767.2805146790029
18075,396.90980337422207
18076,684.8100605704342
18077,700.9894956810325
18078,756.992887420629
18079,694.0757279795982
18080,407.3643164247749
18081,685.4718155606563
18082,405.1419769819131
18083,682.3232659447226
18084,696.3257686453802
18085,737.9598218469772
18086,666.6932977773754
18087,722.8580771689395
18088,702.5764790254132
18089,761.7485727951401
18090,693.5738035187659
18091,670.3287773884181
18092,705.9383789583616
18093,647.0849757446447
18094,701.4061786617203
18095,741.5985689216839
18096,729.7354788455534
18097,699.0098425061768
18098,183.47552452550082
18099,409.93848005619043
18100,698.2212027683096
18101,702.7986230983558
18102,716.3968560088397
18103,663.5717280263962
18104,676.3526588195509
18105,719.9308523967662
18106,694.6087073337615
18107,719.0290187457688
18108,397.12038592383357
18109,679.8809660468623
18110,316.4606453343395
18111,396.0401022494325
18112,713.5145729117387
18113,673.3517426487628
18114,357.1279998080279
18115,753.6455838491569
18116,391.8406066568574
18117,400.2036554993323
18118,718.1073510660527
18119,414.38428980947396
18120,723.2988281785665
18121,654.9468011645257
18122,714.5871105475362
18123,682.8643197332752
18124,752.7861082331667
18125,714.4385267054795
18126,730.9252099881086
18127,309.18958586572927
18128,595.2705747421696
18129,746.5969387716515
18130,724.3656486164807
18131,745.5094144849393
18132,772.876243682431
18133,718.9137320325467
18134,198.72103964984876
18135,674.0420202053541
18136,735.7359778933082
18137,743.8360164389135
18138,773.4638564605834
18139,696.138146202131
18140,403.3040853712654
18141,690.4332452369198
18142,321.9988133419309
18143,169.18002208679218
18144,752.1227122749589
18145,310.3922994241286
18146,530.6677905487784
18147,751.9655451914139
18148,677.9311428321288
18149,647.6815858547816
18150,398.981078917134
18151,738.4437732132114
18152,702.8867562371402
18153,721.521334599736
18154,675.2898349414597
18155,669.0389978923128
18156,306.80137745852124
18157,692.8321746706346
18158,293.1498619341844
18159,279.39562649972925
18160,846.8363057762257
18161,754.8638549676858
18162,715.8950049381214
18163,743.5690817171084
18164,741.1408222054612
18165,405.7114752898651
18166,743.0428653615787
18167,761.9469441658696
18168,700.2628068488882
18169,309.2672613059898
18170,277.9543884041204
18171,709.2799149980249
18172,721.5100979731735
18173,731.9993130305522
18174,676.4655699577502
18175,752.1549132883285
18176,675.3270335070438
18177,684.3311785372028
18178,678.7693757677447
18179,299.05037364510133
18180,669.3626249238745
18181,505.49176126987646
18182,692.1577408862349
18183,740.7016084701714
18184,711.5059887723698
18185,680.820800840666
18186,740.8279056136674
18187,649.9753197066042
18188,700.697873435162
18189,755.4074383590378
18190,725.7924457545998
18191,716.7755596722789
18192,737.3021911421228
18193,747.9621197897279
18194,835.7068483109181
18195,699.6096699508331
18196,696.3329447050887
18197,846.6174867054651
18198,680.6233402280235
18199,402.0780112151211
18200,716.6247876741013
18201,317.2468847755708
18202,706.9380288566698
18203,675.082617765586
18204,398.54383434010646
18205,751.018504052234
18206,666.6055740715288
18207,413.35500581402187
18208,416.21363332455917
18209,391.78104611726405
18210,561.609744959873
18211,695.8196479696246
18212,693.7236026504905
18213,716.657709652244
18214,649.5247236820782
18215,717.4291372468639
18216,690.6336028767173
18217,173.03027728405453
18218,681.7211856453217
18219,380.12005008774304
18220,695.7387865660932
18221,733.7636960426287
18222,738.3905427368255
18223,849.684185768146
18224,425.7314250691255
18225,726.0992062430556
18226,319.01553434319817
18227,709.4514122470806
18228,741.3971674859772
18229,719.4733571982167
18230,302.99522424529096
18231,683.9885822443065
18232,679.0339913732216
18233,726.233391743256
18234,533.9325220126261
18235,696.4289269237206
18236,695.5267162787167
18237,414.81579619021426
18238,689.6534037682351
18239,706.7051779005805
18240,708.4094298000775
18241,722.7020782148343
18242,680.6898309967141
18243,698.6794440284411
18244,833.9545971273378
18245,453.3059583102816
18246,702.1407168197326
18247,680.5439496864967
18248,748.0924810576045
18249,449.34725390123185
18250,715.6462238631732
18251,722.795920393296
18252,751.1840653378769
18253,720.5213481530711
18254,747.6455052994352
18255,698.5198738022015
18256,677.564167798393
18257,700.3946666276371
18258,694.5344834749942
18259,721.7359498481381
18260,686.9245930965366
18261,738.3099555962235
18262,764.2790471595528
18263,711.8595336565498
18264,661.2960695822718
18265,303.30456482005485
18266,407.48163868003326
18267,698.0831967910294
18268,410.0810478277469
18269,696.0514073469989
18270,401.220864351
18271,301.43157347774877
18272,674.4827579902961
18273,703.8062872136037
18274,705.1459977656117
18275,508.9028959518971
18276,650.0710873113353
18277,731.008728808514
18278,689.3587650872557
18279,479.87670679071823
18280,680.8466950726726
18281,713.0259384058893
18282,667.6095634456005
18283,718.1869052652872
18284,734.0010943479504
18285,400.51688701457954
18286,679.225961628264
18287,673.3119842345382
18288,744.8842616259547
18289,684.8996572817456
18290,724.4638501466841
18291,403.57342304196914
18292,733.8923402148971
18293,713.1163965995588
18294,701.0527794407723
18295,769.5325903954296
18296,670.0504036275137
18297,677.0591103163389
18298,541.3758738073936
18299,197.95635113008166
18300,731.5350128840134
18301,721.1984519237855
18302,313.11412091511886
18303,300.644113670791
18304,672.981830660181
18305,706.1146426110829
18306,739.9814549803134
18307,546.3972361279552
18308,723.3095353268005
18309,830.1792124304777
18310,745.5758832483231
18311,746.018173079932
18312,374.8495077814131
18313,681.2596912754439
18314,738.1018926802549
18315,461.17828516361385
18316,703.8989243957287
18317,301.0486226530008
18318,162.6307480120932
18319,401.1924656309016
18320,306.62903785735773
18321,736.62001474059
18322,413.35856501883137
18323,670.6527875931632
18324,680.4616242803293
18325,722.963429739273
18326,675.6018161311537
18327,405.022336776545
18328,689.3887790342936
18329,676.1173814018226
18330,299.5732248245846
18331,688.3974040926279
18332,680.1377202610511
18333,850.8603094402772
18334,735.814210918718
18335,738.0148744495667
18336,759.5105172624591
18337,700.912581945525
18338,724.5521378707704
18339,675.9035745789242
18340,669.3171428215039
18341,701.8230870580586
18342,429.4449390887463
18343,733.5802880265967
18344,709.588089618248
18345,702.2660514433392
18346,397.8535978067691
18347,535.5546183893783
18348,694.9262449025439
18349,667.6553493752688
18350,300.3824635571057
18351,649.6309276395397
18352,747.523562549346
18353,755.8608252145282
18354,191.69429215050792
18355,727.3717936440032
18356,704.7479784733383
18357,719.0390056243702
18358,665.8104559631934
18359,702.2946277817736
18360,391.6475379283842
18361,711.6048368789809
18362,398.1903208888046
18363,686.4633568614304
18364,845.4757856077238
18365,562.238388099852
18366,721.1507281976312
18367,764.7870882236124
18368,400.95920524204377
18369,673.7121832247637
18370,709.3057050905379
18371,831.8355547441649
18372,713.1007518843185
18373,648.4423188264082
18374,665.744255442709
18375,280.5720437329012
18376,704.9870086827722
18377,670.0117840706827
18378,292.2667597462088
18379,694.3546581417975
18380,694.6107790806063
18381,729.1763516956887
18382,666.4448622677882
18383,843.686659946277
18384,714.9373462704923
18385,722.8671643049537
18386,744.1850129119571
18387,315.273276870796
18388,401.84176114224437
18389,677.049385107464
18390,751.9542375024932
18391,678.3877477343917
18392,299.38865409611174
18393,691.2189511563475
18394,406.65375761514997
18395,684.3535328052108
18396,684.8621484314496
18397,720.1653324315566
18398,179.5260998547975
18399,683.3468882256816
18400,709.2816621224301
18401,702.8818752625921
18402,843.7806707719295
18403,771.5152623175447
18404,698.8753512919207
18405,651.2867400295905
18406,744.9119250121113
18407,440.9143827120628
18408,404.8250607029066
18409,691.3498156092678
18410,674.4896932245596
18411,716.1643963189555
18412,702.5518091500297
18413,709.212872632915
18414,673.7654280280435
18415,301.13401926916646
18416,594.4508144609734
18417,405.36298964023166
18418,398.76684533945803
18419,301.1267454535945
18420,723.2164564221164
18421,722.2315525154734
18422,668.4140416801647
18423,707.9543751632567
18424,423.0546770791592
18425,704.7332898082095
18426,294.02872788094425
18427,521.9896973300727
18428,748.5088815847668
18429,690.5244019250167
18430,643.4332135961953
18431,580.4391272219511
18432,681.3037603631375
18433,738.194445796152
18434,699.2026893694045
18435,182.34056209817732
18436,407.2583422021292
18437,735.915766028742
18438,744.6577771506574
18439,701.8409847970237
18440,235.56604743913334
18441,685.7220113242297
18442,724.1577903346129
18443,397.05974835124493
18444,651.0036482912577
18445,696.7031536187579
18446,504.67235088858575
18447,294.38014793269133
18448,703.7756003935424
18449,699.6937971126218
18450,677.676037876238
18451,692.1158074340694
18452,717.9992516227629
18453,751.7747506045754
18454,185.62474260909414
18455,698.2044696571483
18456,717.41082372805
18457,674.3969964776594
18458,704.7980781810671
18459,737.0323490583575
18460,686.9217785582144
18461,689.8050707050706
18462,694.4663594320671
18463,708.6333944280942
18464,399.8222707598368
18465,708.029664197126
18466,727.6440676362665
18467,708.2349366272267
18468,671.1512249333771
18469,410.41969390211506
18470,701.4569331472597
18471,811.9731982885198
18472,696.839452118891
18473,677.8354594296568
18474,705.0030852922259
18475,751.8781035617435
18476,550.4658843152392
18477,679.7017614868378
18478,646.4656151726934
18479,684.7256534544864
18480,275.2091107999436
18481,735.0602911246131
18482,394.5680004022051
18483,687.6261324795857
18484,707.538111146695
18485,398.4003822764884
18486,702.5820834339978
18487,702.6547144560865
18488,636.3944538844056
18489,384.68196200447164
18490,397.60992338345517
18491,766.3642697134354
18492,417.18234963126264
18493,192.42262429265145
18494,445.0199875790931
18495,385.3638942627296
18496,677.0121615212435
18497,724.9123755965525
18498,771.2493999347066
18499,675.1664517157087
18500,737.572711646856
18501,687.3447115279325
18502,714.5355584155653
18503,783.0401648612844
18504,848.3553136777352
18505,687.9940008753211
18506,712.8781507055816
18507,765.2185782826753
18508,401.21954790021044
18509,822.6278232417939
18510,146.83294524783037
18511,400.1893881526078
18512,327.7907412592977
18513,706.5524134118704
18514,681.7167923524502
18515,718.7786655615781
18516,685.0361849897874
18517,746.6150523374794
18518,742.0673163241858
18519,737.1617249258256
18520,529.282990534072
18521,718.859654971668
18522,681.413034204335
18523,655.0182893390189
18524,405.4624770467222
18525,770.0171403991849
18526,403.13995904690864
18527,682.718343374505
18528,651.4268946962118
18529,669.8006729490457
18530,399.79284092841914
18531,307.09522973826176
18532,703.6296523868632
18533,709.4716979154834
18534,678.0613064415841
18535,712.5444895995785
18536,297.8806699171001
18537,681.0185476913473
18538,714.7470217304838
18539,399.2021503025447
18540,681.0730636840839
18541,748.780495835902
18542,725.724434464057
18543,285.86253398871185
18544,569.5841600508631
18545,746.8042273944291
18546,309.0777919354357
18547,808.6177172644192
18548,405.93760680479363
18549,848.706043729027
18550,736.224128012589
18551,850.0761085852231
18552,409.84410228130645
18553,646.4881548613777
18554,400.3519881180218
18555,698.2522986577518
18556,680.191743233301
18557,722.8885557533646
18558,253.51271579269252
18559,710.7152068113363
18560,675.8822175100236
18561,707.6122935641075
18562,750.8692931984002
18563,401.60910620493917
18564,711.1440253031409
18565,700.6261717004079
18566,669.9761767891358
18567,837.6677640416242
18568,703.7084676760153
18569,702.4088847665547
18570,676.860076433031
18571,658.2901408727221
18572,680.9918488870571
18573,688.8113446461331
18574,726.3534265297043
18575,283.74447154620503
18576,727.1588969916509
18577,730.008158635214
18578,443.7255983118997
18579,752.7441662509444
18580,409.2433692519041
18581,718.2245320234922
18582,703.4438923004828
18583,672.3523824338388
18584,413.91824357396507
18585,751.6299525000178
18586,400.2326660826839
18587,654.7940978971684
18588,672.7378844569339
18589,332.3663628937604
18590,713.1790138068404
18591,389.22996421672514
18592,836.2326259531221
18593,657.5216105238093
18594,730.4404149612177
18595,749.5015080401815
18596,668.7267085790863
18597,701.984629146027
18598,742.200842456261
18599,712.0811076051592
18600,758.1479163143276
18601,759.0472821766881
18602,677.1602188839673
18603,388.7470937167382
18604,757.1334807601492
18605,696.5919457132483
18606,695.847291970812
18607,715.7573162157013
18608,713.3770116539938
18609,705.6536337600448
18610,536.8799189201881
18611,722.792227797563
18612,326.8149027447188
18613,675.2667412133044
18614,413.76874854550545
18615,759.8692046139283
18616,711.8228061584123
18617,677.2378253717516
18618,781.7966916880829
18619,743.065816476982
18620,713.5304860892658
18621,688.3123296997487
18622,686.5582112590461
18623,581.5235555008915
18624,398.803963218052
18625,724.4018105667604
18626,822.8446172501172
18627,839.1341467736713
18628,694.9840752910482
18629,710.7718371166856
18630,711.6020938304945
18631,712.2867737384804
18632,716.8060124331989
18633,690.5990836118782
18634,847.1754828477306
18635,708.0283962485745
18636,756.0118272939375
18637,702.2652088108849
18638,397.27617117940457
18639,830.9999519478633
18640,676.3543843161784
18641,686.7925939413668
18642,721.4791237049784
18643,722.4039725666773
18644,735.0664197059817
18645,235.08556697059777
18646,753.0224672244735
18647,727.5381705410882
18648,627.3728994221303
18649,698.8256511684535
18650,317.6837201082461
18651,562.9818420891377
18652,414.3600103358519
18653,849.6860184780942
18654,298.7476699643936
18655,729.1559630494178
18656,724.940345363841
18657,718.829528364602
18658,714.2642630254047
18659,613.4457781248243
18660,671.9914575096607
18661,730.9674306162843
18662,732.4284883889065
18663,726.502510988316
18664,229.6911527110343
18665,413.27941585941284
18666,400.9532647283736
18667,668.0836984761414
18668,402.1296226840569
18669,748.4699913911245
18670,837.7250651897737
18671,750.5040020832809
18672,700.2390045268005
18673,724.1928278380997
18674,728.9514648718989
18675,668.1278414837374
18676,664.9559362265227
18677,717.0923866286272
18678,709.9784336844319
18679,718.9003632213606
18680,697.2712720374009
18681,720.1957842611608
18682,740.2714849280217
18683,716.9382778326863
18684,750.952735300821
18685,258.64702048531024
18686,661.691742308006
18687,699.0400364290632
18688,665.834335858082
18689,304.95412651406133
18690,679.7179688285296
18691,400.208161735376
18692,746.2351603628351
18693,397.1378610721704
18694,701.0168673367881
18695,709.1801745875774
18696,712.1247387038518
18697,723.3839517563637
18698,716.0871155580865
18699,771.5409002276534
18700,677.7953132764793
18701,683.8541617425363
18702,734.2164795019629
18703,841.0563124306732
18704,678.3913104772771
18705,703.9291169742436
18706,659.3546162531368
18707,685.7419197398881
18708,680.3381556968619
18709,709.9864896319543
18710,699.9664595921324
18711,670.6890102866822
18712,416.0080619082637
18713,675.6439930694874
18714,705.5652643036748
18715,753.9950674033894
18716,708.7803802900472
18717,684.2321096354126
18718,731.1447458635657
18719,714.8202188653277
18720,419.0354537188349
18721,683.0422665297924
18722,312.0460901418403
18723,728.1386561225481
18724,297.7489387931868
18725,735.5063017725859
18726,749.8340003430736
18727,703.7130094557896
18728,707.5417655190337
18729,746.4191198658965
18730,679.7196247540944
18731,404.1876188728757
18732,708.9800933303942
18733,732.1151418514021
18734,734.6495170778529
18735,673.7814376805106
18736,411.00682961282104
18737,170.9199455472837
18738,682.460400515035
18739,761.7239082434568
18740,763.0693001357467
18741,708.1400843976662
18742,522.388751341421
18743,716.1420799592721
18744,847.582852413598
18745,457.67802082799267
18746,762.570964899741
18747,649.4168583243469
18748,735.6739929280701
18749,736.8654160863483
18750,400.29471283517125
18751,718.0363052915017
18752,416.57556072310183
18753,678.0528712158053
18754,674.3702699467945
18755,675.0917196929797
18756,733.8501209193951
18757,639.3953441633416
18758,298.8571752052197
18759,639.7385844745515
18760,698.5326530744984
18761,702.179567318029
18762,714.8666110269612
18763,693.3432602837443
18764,716.295989857799
18765,331.0402598959659
18766,302.39153713242325
18767,674.4969973022455
18768,718.9562980335153
18769,716.4720269630507
18770,304.2027276292793
18771,849.1574191690112
18772,697.6898320680998
18773,702.8781461858777
18774,706.9998111055507
18775,576.3510297666321
18776,672.0940151244121
18777,701.7564500282236
18778,750.7535458476705
18779,761.4249009979624
18780,706.2504686628565
18781,734.4329913340015
18782,847.9667251837976
18783,678.561368410177
18784,302.7280949217379
18785,232.4490844534144
18786,682.369696783623
18787,740.5095567974649
18788,677.4674691312431
18789,727.3800898261039
18790,239.66911254817052
18791,750.5097079175005
18792,397.5273007406751
18793,681.9407974432148
18794,400.3354552725222
18795,728.8088930043178
18796,850.1294479066969
18797,699.8448036215483
18798,642.6242325126852
18799,727.6587782484269
18800,720.412790236504
18801,307.6602893207192
18802,697.1849015600645
18803,685.6224203175565
18804,772.7929842504653
18805,847.3091281075147
18806,392.2938202470338
18807,711.6608656057741
18808,403.6071449009908
18809,743.2542629278878
18810,714.3109720566429
18811,730.4489283856906
18812,698.8237907616649
18813,679.7443300933368
18814,704.526516574084
18815,714.0295007443333
18816,715.6243177741683
18817,672.2561867111756
18818,707.6809936340002
18819,342.07432190482666
18820,685.3924150626045
18821,689.2688286076013
18822,713.1707523246603
18823,672.8919851083125
18824,677.2012154027849
18825,715.6292163533338
18826,684.3963510948514
18827,718.3634719790632
18828,722.8285902923324
18829,717.8732785874702
18830,716.9902972867595
18831,674.8383055810265
18832,659.2842756099915
18833,680.012386938032
18834,404.6645932914893
18835,692.4574010671687
18836,255.41491058777
18837,394.46743940139413
18838,701.3798483884369
18839,702.3861295922918
18840,739.4529167451641
18841,733.442568969923
18842,723.4076974914243
18843,406.366591535707
18844,830.7145951935246
18845,690.8820738948601
18846,678.0214154744897
18847,672.8333978019326
18848,467.0879298860509
18849,824.6240013613926
18850,839.5773309400571
18851,198.56064759141623
18852,711.5362735331889
18853,193.8497105165843
18854,738.1479158683733
18855,727.9317125194939
18856,683.3124780162861
18857,678.0040319180309
18858,703.6802064203063
18859,661.209016621995
18860,741.7911382091629
18861,725.7570488592926
18862,172.6693772257321
18863,296.89932204799106
18864,407.6823986132608
18865,729.5105107624552
18866,738.2658179890863
18867,294.79613211149643
18868,760.1892320772591
18869,295.17005384860425
18870,276.8411044611151
18871,847.9809346385969
18872,842.0608354573343
18873,302.37596626764457
18874,733.8623082903238
18875,700.068893902953
18876,722.3289139335321
18877,707.3659733370487
18878,410.6447514042006
18879,185.2694094649566
18880,306.24732347850784
18881,724.8571390993588
18882,683.836658767957
18883,690.3628131640071
18884,676.4872528672207
18885,641.776188924884
18886,726.0417711751401
18887,307.15399347450256
18888,720.4591015439601
18889,722.3658776925117
18890,740.4698426351704
18891,655.2827987074089
18892,399.2292892566064
18893,726.0284212146751
18894,731.2360506714201
18895,709.7664651487587
18896,735.5384803550027
18897,706.7712873943667
18898,718.6040463135744
18899,671.3305213034787
18900,685.0396820002162
18901,669.3726816468704
18902,524.5670578309049
18903,396.0504675667285
18904,687.9086911685661
18905,398.5907637304324
18906,399.3006157507231
18907,402.5525301771799
18908,642.7029526339289
18909,718.6333635873243
18910,659.9197682792068
18911,713.3953846070248
18912,715.5139754306942
18913,697.9069854821018
18914,711.4295864302387
18915,759.2978697061387
18916,727.3835645636938
18917,705.618714011668
18918,673.1265327842198
18919,719.4343834892458
18920,689.814736698886
18921,666.4206848445748
18922,709.1307898325599
18923,679.4517668997951
18924,262.6802519541399
18925,846.2746636908445
18926,723.616936510259
18927,675.0837824900441
18928,713.6692465770004
18929,726.2265543557254
18930,729.1937217995935
18931,662.9754740487439
18932,716.5555508109978
18933,683.2988093349957
18934,683.5106688292551
18935,704.4041424798136
18936,413.16891591147896
18937,318.3828545001479
18938,301.3991419231781
18939,705.8566504919091
18940,722.6266835847686
18941,668.7707867583636
18942,399.5570505605963
18943,293.29423373059484
18944,568.0452690744236
18945,177.44638791913326
18946,842.1240021214163
18947,465.3148234967409
18948,703.6549028360748
18949,300.4031178195744
18950,528.7848419444388
18951,738.4174019027105
18952,625.684726367065
18953,403.91254121706373
18954,683.2941243879629
18955,849.0447073591403
18956,709.8394934871171
18957,696.8412809829235
18958,691.0102152718192
18959,728.6299268901927
18960,657.8044986711224
18961,720.3013163295604
18962,743.7130758280423
18963,315.4799022418347
18964,678.9265214153882
18965,676.9022039905784
18966,676.1729377976719
18967,676.8737541451953
18968,679.1529307668426
18969,690.2304678525593
18970,680.6654683247334
18971,308.7996756365467
18972,716.5946799538676
18973,673.2872042193105
18974,730.7746563375824
18975,719.8937491220108
18976,664.0149883064071
18977,727.5893283456646
18978,766.4469781517997
18979,730.6455645387215
18980,721.7104703105077
18981,695.5297817573575
18982,826.9273029346709
18983,747.8480481690633
18984,733.6935475770671
18985,692.1266047159185
18986,821.382888136309
18987,692.497304833371
18988,828.9425832582853
18989,265.23961282390985
18990,754.8520593459697
18991,734.6083342153772
18992,750.9166237003315
18993,787.0830031114658
18994,700.2510187406576
18995,688.4721953441107
18996,679.5380212855406
18997,680.3615883523607
18998,720.8390471870778
18999,527.6718114934445
19000,666.2777614519646
19001,705.1068422826492
19002,687.532161193966
19003,741.6571132385142
19004,703.8499365193051
19005,731.4271183254397
19006,682.9740715300343
19007,367.28765400181413
19008,287.01876326250806
19009,702.062233890157
19010,715.7976009553837
19011,708.0599339465555
19012,683.4180962385433
19013,723.7088632815789
19014,666.9382334839397
19015,407.97731342847624
19016,843.7773036420499
19017,409.6744594083769
19018,711.1474112726846
19019,296.97963213257356
19020,675.9768897759689
19021,713.6417546349352
19022,757.0931127301677
19023,669.7280392334725
19024,750.5406090063079
19025,415.648658337734
19026,670.3938405226716
19027,663.4081193396523
19028,676.060548006423
19029,717.3051919150652
19030,758.4088247405795
19031,716.46652638162
19032,402.5690046749866
19033,399.4835433961923
19034,703.8659960585788
19035,296.2488536167694
19036,304.56423338644595
19037,674.3221470758438
19038,302.91298396157845
19039,699.6557193151235
19040,305.16978084025357
19041,675.9049770637359
19042,700.143723264334
19043,295.44500936510127
19044,407.6863475322197
19045,728.0659523391163
19046,725.7943746911392
19047,704.1511702479077
19048,707.8182273897272
19049,848.6755471957019
19050,673.2255009953217
19051,655.4012597493426
19052,737.9677374480295
19053,708.7436941120013
19054,290.36453804341795
19055,299.9504086182415
19056,684.8749117064489
19057,406.5933225048825
19058,749.2216904748286
19059,715.2323963536828
19060,720.3496085718847
19061,755.15451937638
19062,658.1970622860002
19063,702.6490853993748
19064,751.6100433534771
19065,414.81029988209906
19066,691.670381559757
19067,717.3403135331117
19068,688.6683743967649
19069,751.7924932378842
19070,662.3252367911573
19071,706.3440658125926
19072,743.9520694230125
19073,788.1783857801033
19074,407.12479759070675
19075,753.6880334761825
19076,703.0240237453208
19077,671.0737545540808
19078,620.0209217394569
19079,692.0965873582963
19080,736.234101880435
19081,672.6031049454352
19082,836.4792306658791
19083,750.2164762283094
19084,682.8312398614321
19085,680.2998733235028
19086,727.2897946119291
19087,726.8768722913194
19088,696.551045649143
19089,728.8244543668676
19090,747.787116934302
19091,849.441352451546
19092,749.377003740238
19093,303.207253102227
19094,299.2079144304216
19095,324.3159944243742
19096,700.4997291438247
19097,656.8783267452699
19098,670.1473136201178
19099,743.9379357176442
19100,675.0225414933498
19101,693.7391538705202
19102,306.8502921261927
19103,719.7466892553591
19104,686.2112708056718
19105,734.4909096049417
19106,714.3666443055218
19107,674.7458302897775
19108,302.3603970503722
19109,747.223388290058
19110,743.4679027470057
19111,689.6007917450951
19112,358.98934813190164
19113,737.3520686575683
19114,744.6620369376191
19115,391.4370893943082
19116,686.9020900879007
19117,714.7966812884374
19118,698.2852412352443
19119,681.5379305304224
19120,644.9465172588765
19121,673.7290170367279
19122,756.2978151576621
19123,461.798971084154
19124,663.2922027039373
19125,695.6942016854932
19126,659.3800113744819
19127,651.2242649235496
19128,404.2122419137273
19129,802.0292803817111
19130,745.8656320936383
19131,316.88686313892754
19132,727.4738767981208
19133,705.7604324234613
19134,696.1151777881425
19135,287.5317289196275
19136,709.7140244315035
19137,420.55613471752673
19138,713.4615804210799
19139,712.6210659521666
19140,185.03150033136342
19141,751.9207027956646
19142,312.2632344753844
19143,707.9705119954724
19144,844.0032588587945
19145,738.0314092370577
19146,658.1250906799422
19147,649.6489870578708
19148,699.7941339661354
19149,293.32794251022784
19150,308.21490522346147
19151,670.6314557268644
19152,701.1200791359418
19153,784.1946271721035
19154,394.9768980426176
19155,717.3469186800872
19156,671.1328219252384
19157,847.2560393670607
19158,714.0901448713598
19159,398.45011788664056
19160,672.8888020051868
19161,666.6199483788758
19162,393.68367151477725
19163,737.3928566874052
19164,748.911940996132
19165,706.0559647274689
19166,744.5794855667971
19167,179.04817781569528
19168,678.024953642556
19169,746.5750872003911
19170,196.22752364569408
19171,379.0077129968306
19172,738.2871510442837
19173,676.046023477321
19174,425.6749410568852
19175,771.967116422442
19176,295.18531550794984
19177,694.5177013054745
19178,707.4693434042101
19179,707.7063209065988
19180,386.05331101152245
19181,403.96274188752994
19182,674.3712700503738
19183,668.3602317827877
19184,310.00022956583956
19185,303.5345051512462
19186,692.8011162833645
19187,572.4236859070957
19188,297.0445084403553
19189,697.0124795610536
19190,722.2751209471338
19191,736.834976662368
19192,693.425811479332
19193,699.7649940441312
19194,406.6023370972678
19195,741.3986342481923
19196,735.0469106571051
19197,736.040898700909
19198,367.6055040817691
19199,701.4582924162173
19200,736.7065518162938
19201,299.73757483383696
19202,816.6495559683101
19203,339.3030806045528
19204,650.5067878786997
19205,710.2495639350595
19206,677.1667431083772
19207,251.78485676773334
19208,304.0024878080066
19209,672.5234322143447
19210,663.8962258022765
19211,757.8512653834089
19212,707.4644789165677
19213,685.0348177851077
19214,719.9487781304904
19215,705.9120291832887
19216,688.8264327165911
19217,701.9972864724308
19218,296.89639994931235
19219,295.7401328766064
19220,698.4012643879463
19221,402.3309118605508
19222,675.607370147919
19223,753.2317311280444
19224,760.5503262982596
19225,323.3545169973623
19226,724.0184341316352
19227,809.9946079505587
19228,295.3498127347875
19229,675.2612808289251
19230,401.85411834494556
19231,358.54950357042026
19232,742.3996450251739
19233,699.4480790881587
19234,702.4109132801437
19235,665.5216816049522
19236,399.80243339311005
19237,668.318353142489
19238,687.3389093291223
19239,846.0773027342817
19240,711.7560599931854
19241,802.2310696067582
19242,690.2057657742722
19243,737.4244959867546
19244,549.2590027201659
19245,364.9933088293591
19246,717.4336695071898
19247,838.3495077200398
19248,705.3280944776574
19249,664.8824526132223
19250,727.1379356967507
19251,686.1203093918056
19252,705.0054738538468
19253,679.2950261969147
19254,274.97706246364845
19255,731.9285921026144
19256,668.4756616569643
19257,739.5920427437136
19258,726.5170595654453
19259,707.8755065492549
19260,737.8049157640141
19261,703.3481368147345
19262,295.1857834100274
19263,676.0656934408511
19264,672.4028124093533
19265,700.069795347331
19266,699.213696931665
19267,738.9809064095033
19268,704.7084566014589
19269,706.8318567075132
19270,694.7283949121044
19271,737.829506966913
19272,690.9398824757219
19273,814.1392075910595
19274,700.8693956430723
19275,511.92536461909197
19276,376.4860410647787
19277,414.39866787492275
19278,715.2434866428351
19279,682.6121676344587
19280,728.9159926462788
19281,300.29814870868046
19282,257.6130558166845
19283,515.7071840795421
19284,696.752211621533
19285,820.4303389989321
19286,704.2509269031805
19287,678.345545716842
19288,677.8602368336306
19289,401.75738203787535
19290,756.6935210439572
19291,758.2989086246798
19292,667.8446046299179
19293,484.41287959203146
19294,691.2458728412148
19295,678.5246254376286
19296,693.179712563621
19297,745.7082189756536
19298,307.81011056487284
19299,721.3859551426602
19300,690.7964522779286
19301,703.0023639353934
19302,703.506055242874
19303,746.3016961103735
19304,681.6641116731035
19305,679.0161494864664
19306,752.144942945064
19307,283.7978583148963
19308,488.89372032718546
19309,749.5087613275783
19310,756.1727807613049
19311,684.7344368367245
19312,666.9957389250133
19313,728.9267868988136
19314,845.3139359545581
19315,724.5415842427411
19316,380.66179170415404
19317,724.7089132685524
19318,833.9151125870659
19319,717.6616886548051
19320,684.7944372538295
19321,414.4598476357573
19322,287.227530133506
19323,302.74978001787764
19324,652.8035812544366
19325,844.6549012581564
19326,402.92472112818984
19327,308.2472212822279
19328,390.75296616581863
19329,716.5400016327364
19330,693.8633515883479
19331,682.9810458785394
19332,652.4535975732475
19333,726.2190956520676
19334,706.7947165814101
19335,744.9225183209355
19336,295.20591445878523
19337,699.0119692025977
19338,704.72974555225
19339,734.7236840935508
19340,236.32357271719826
19341,707.9629127355086
19342,685.6993640725622
19343,300.2419694018492
19344,666.9704300741973
19345,725.950289984638
19346,628.406014643618
19347,715.154965054811
19348,723.4442387281379
19349,694.5590122360751
19350,836.548742454979
19351,674.5369085440564
19352,309.2495780700275
19353,748.4453194807838
19354,332.693836534173
19355,407.6909769636907
19356,670.3391990655363
19357,845.8642598340068
19358,691.2696214788152
19359,711.9033062144633
19360,687.7412488466246
19361,316.3486925492611
19362,681.0786856903677
19363,412.49105251019466
19364,725.6088225530218
19365,655.8266669112728
19366,723.4062351493261
19367,679.2881740515647
19368,511.0639471572481
19369,673.9669850262144
19370,714.044095718608
19371,306.3077553568186
19372,732.1410401606488
19373,749.517739654664
19374,398.2259788690645
19375,849.290502939235
19376,723.9429013578026
19377,648.9491516104805
19378,759.1144769775688
19379,708.371055589524
19380,718.0758460689406
19381,712.7404524695854
19382,780.6748878525162
19383,736.5209106521927
19384,403.17644482380786
19385,654.0458438400384
19386,298.9562917943045
19387,674.9517909660043
19388,783.325343554533
19389,643.6959027651441
19390,681.6595789314979
19391,292.82853899001606
19392,738.5861043160627
19393,708.459210534364
19394,676.6473048943877
19395,657.0174527789072
19396,748.1651012084052
19397,720.3651107534924
19398,848.4273714566584
19399,656.7942936312313
19400,509.82230828693724
19401,142.34744370784995
19402,407.7685457270794
19403,295.27658399801373
19404,687.8449134934866
19405,379.0522362628471
19406,714.9704169393148
19407,747.6695013643948
19408,741.5255347018935
19409,311.4126026559908
19410,677.0239759732422
19411,403.15276420872584
19412,673.9470460292115
19413,743.5370428530545
19414,699.199280847133
19415,677.7218251035822
19416,706.9218538987919
19417,308.78879475203104
19418,717.7853394213397
19419,684.806957419268
19420,742.0212219521355
19421,399.5254730504245
19422,756.8849741181322
19423,714.2434268445195
19424,348.26938796385275
19425,293.4599885677997
19426,834.1165433812047
19427,670.6691944622336
19428,683.7724194965091
19429,679.1875542069283
19430,636.1327856076568
19431,744.6079415286399
19432,712.5985689620394
19433,715.6974543142096
19434,310.42254323109125
19435,702.6139894429434
19436,710.6062369441745
19437,710.3621085404711
19438,193.0940584667901
19439,710.5592239583332
19440,683.8758111271154
19441,412.80588244746644
19442,702.8162792361277
19443,256.13478109247956
19444,296.9500837715771
19445,182.1077968984988
19446,305.2226437628418
19447,409.8560735400576
19448,316.07186227699555
19449,300.7953077102472
19450,584.3211571079039
19451,676.0354212572012
19452,748.7387191476338
19453,695.3588619327151
19454,397.8558560493688
19455,749.2527323523476
19456,768.7530807434422
19457,581.9465740513257
19458,702.1042395342165
19459,750.033155355595
19460,722.4707831655542
19461,682.5600191315602
19462,687.9042434732942
19463,195.6626664193975
19464,721.8586396440728
19465,669.102414484654
19466,305.8665615339963
19467,841.8470702261507
19468,578.5026455553248
19469,709.4581061892911
19470,682.9021076869408
19471,298.7256567209363
19472,724.9859537381658
19473,681.2436778740358
19474,695.1415839470426
19475,762.0258174216153
19476,721.3959078507421
19477,750.726185895376
19478,806.0738847309004
19479,713.2269792024248
19480,672.7577515581008
19481,691.2945334472923
19482,305.3924570427777
19483,509.28124118642404
19484,401.64325038694005
19485,742.7231658962105
19486,680.4476304514479
19487,753.103061022397
19488,667.3088191023721
19489,397.06544444574223
19490,703.771808474369
19491,751.3009834422501
19492,676.3843492988117
19493,735.8154120217678
19494,697.6013438917593
19495,401.48726312424964
19496,401.3323076291821
19497,288.59258793703157
19498,707.8225715971976
19499,688.9698414507069
19500,296.2845007471147
19501,695.5485379819829
19502,246.7455224241108
19503,703.5025716295371
19504,705.3175494017928
19505,319.9336056944078
19506,675.7890238401877
19507,314.28249000096326
19508,294.59243655932937
19509,747.4209915252522
19510,698.9533840146015
19511,696.7319615153237
19512,674.7670623644254
19513,689.635483529618
19514,666.9561707484625
19515,736.0545090925993
19516,698.8248950990793
19517,747.3022593322258
19518,747.5615265464996
19519,706.1717717767333
19520,294.91348682087096
19521,319.574624495186
19522,752.3866514547392
19523,676.2778767334527
19524,682.0628498764377
19525,695.9024616165091
19526,401.6061913494045
19527,717.6731309271998
19528,678.8305212467761
19529,706.4689674233175
19530,302.4716838333676
19531,365.3640989786743
19532,654.286320567224
19533,700.5599594950135
19534,678.3195424562076
19535,682.115513861587
19536,844.2947706487557
19537,696.6350923469583
19538,664.6556120228341
19539,699.5147759406033
19540,307.14150832539474
19541,749.6890478722605
19542,428.97875358307385
19543,651.0612646240419
19544,644.8948124715713
19545,395.4074383108843
19546,706.9057248627471
19547,778.5103939983976
19548,402.74954031089976
19549,657.6436590502989
19550,733.229363293121
19551,711.34335669878
19552,724.741510957851
19553,619.7089435084063
19554,651.3466398268115
19555,317.4407430536813
19556,748.5610213919497
19557,846.9153844167363
19558,654.8883833752232
19559,709.5098834222099
19560,799.2925302234896
19561,701.746275786057
19562,719.2177706121898
19563,204.9056429733929
19564,853.8256495817822
19565,395.4126285476047
19566,765.871219829726
19567,716.9849901957896
19568,743.3934471809636
19569,690.2176020820717
19570,356.922926345918
19571,663.5920238451679
19572,227.3596298124083
19573,257.8296729614624
19574,696.0922511617513
19575,401.22309168673894
19576,296.2659387347529
19577,696.7581904403925
19578,703.6034017040121
19579,650.8987191481059
19580,684.1348657907215
19581,465.1516962217885
19582,677.3048007054393
19583,756.6097831853326
19584,405.6533747319796
19585,754.1548658793212
19586,314.4754109789208
19587,350.65298541263473
19588,675.558322968293
19589,708.080478868236
19590,734.1301211879182
19591,704.603823233058
19592,427.5953223676422
19593,774.2289065914724
19594,708.8668636203732
19595,779.384465352527
19596,730.8571773972516
19597,562.415020194685
19598,762.6324082628812
19599,737.794896293806
19600,679.5580232578965
19601,398.62350759678606
19602,399.04429682405305
19603,677.9728754248097
19604,709.6881587534536
19605,684.0554258524894
19606,686.9102403537458
19607,676.971254592709
19608,714.0883539094957
19609,733.5761129826489
19610,313.8743775954607
19611,683.8520056287025
19612,713.4484546305323
19613,410.8127159224621
19614,702.1685485004696
19615,737.1115942037891
19616,407.552702066554
19617,771.1806535335318
19618,738.6328166053404
19619,675.7060704041577
19620,738.0799617819282
19621,399.84111064166495
19622,695.8698014819125
19623,666.4486898613063
19624,688.8615144130918
19625,747.1927864291837
19626,647.8974053752888
19627,680.5829850729895
19628,413.0898428477841
19629,693.2971829246284
19630,689.9726550254189
19631,699.0006255291181
19632,302.9124286975406
19633,300.00076346033967
19634,759.9789568684051
19635,679.8219560504915
19636,696.8284439491829
19637,410.7382995154951
19638,708.0363323397544
19639,721.313775902944
19640,677.391846917917
19641,759.8221829095846
19642,670.4632429731413
19643,677.3984815815263
19644,698.4651068477123
19645,390.47559153261045
19646,387.07130073392676
19647,676.3640356270831
19648,682.9747786159434
19649,743.3672681511893
19650,701.1858989561963
19651,677.3471908047538
19652,303.04197789256204
19653,680.798799702199
19654,711.0067579056945
19655,734.1538654044689
19656,400.0851133924445
19657,315.4270512551223
19658,682.0874631770432
19659,657.1424141766687
19660,687.1263892848634
19661,750.835983506424
19662,698.238516349368
19663,638.3967036748002
19664,705.445040405848
19665,301.13889696404016
19666,698.3097938991785
19667,683.7065400423833
19668,702.5217855113605
19669,707.7531077861736
19670,719.6177525713275
19671,398.33482052105205
19672,304.7912013376655
19673,711.4905888842857
19674,540.7810513086766
19675,402.9676305138501
19676,666.7461023826919
19677,680.8872403077935
19678,400.42124442906027
19679,675.9193533123785
19680,298.690320419815
19681,723.3368824754089
19682,850.0071403442865
19683,319.08636452521137
19684,770.341662866973
19685,705.6208672309339
19686,172.32877725173455
19687,293.55739648991135
19688,733.317818029981
19689,686.5388951069851
19690,651.7199950370739
19691,299.92657116497304
19692,709.3004027343396
19693,668.0180007398681
19694,648.4303627583364
19695,767.2382476230403
19696,300.653377246331
19697,645.1199860775941
19698,853.0419599044287
19699,339.80176760957926
19700,705.1357429195623
19701,701.7110749683666
19702,301.5966338896452
19703,679.4086482188634
19704,678.2888821911887
19705,730.8300477037202
19706,409.7441731418466
19707,750.1720194586113
19708,643.1347939767917
19709,401.0078031462143
19710,742.0552296521232
19711,663.9701568542206
19712,666.8047661762192
19713,749.9939119769738
19714,740.0846878679451
19715,729.0568948443658
19716,844.6302368550569
19717,722.8667441371622
19718,675.2681658874343
19719,754.4891927951861
19720,562.2127337807287
19721,680.44401920068
19722,750.8038609244915
19723,738.7167645044635
19724,727.690557336717
19725,672.2527848664722
19726,665.3313106249196
19727,650.658519999454
19728,820.942441498378
19729,722.0258395316513
19730,777.7463600702732
19731,723.8222359052239
19732,722.106044564655
19733,718.0060770922855
19734,407.8599292551565
19735,678.1439256867137
19736,236.31613940643945
19737,830.2930623915397
19738,527.6222797799276
19739,323.2455683001609
19740,740.5989750364085
19741,679.8358300818388
19742,698.7583685728714
19743,707.551356721625
19744,337.64093083387246
19745,763.5467195102073
19746,693.1288670056454
19747,665.8129898981482
19748,725.5997724643363
19749,681.0320755530526
19750,713.1487678726262
19751,748.933807677917
19752,849.1473969792759
19753,733.1613290796298
19754,726.7920910043815
19755,711.4109860597284
19756,754.2186900859375
19757,680.3345636013548
19758,685.7244175688454
19759,744.5969129119154
19760,848.8533007634603
19761,688.0938970566723
19762,722.074926628914
19763,406.17356617713097
19764,781.3782229525431
19765,650.6243512180466
19766,298.3908409062459
19767,396.42062299055107
19768,556.8831674377631
19769,734.0418268372138
19770,407.16677276929045
19771,750.3977204029263
19772,746.1980053581814
19773,702.9059166922416
19774,730.0419270506605
19775,676.8864505247822
19776,675.4920054587552
19777,660.3873215952748
19778,717.6633180967978
19779,718.4798414389137
19780,723.131088217433
19781,689.6400161651939
19782,720.5113420843014
19783,683.9692321053935
19784,406.8556979812912
19785,699.6131128255016
19786,675.8557734109924
19787,304.531470019312
19788,674.6082504804834
19789,304.2493637871193
19790,410.52273375110417
19791,687.354786666572
19792,405.61835382807664
19793,692.9293782690354
19794,291.96553756501316
19795,687.2807994491076
19796,675.1294570752821
19797,276.02384358232706
19798,301.8615658518311
19799,726.4232259423985
19800,405.9435853086904
19801,404.48066327992996
19802,700.7612983030472
19803,666.5451619274237
19804,397.6452503927858
19805,395.35520207012576
19806,675.93186247036
19807,735.5510292781299
19808,674.5858929827692
19809,681.1376012100541
19810,671.3113924631434
19811,301.4918507680134
19812,698.7794580675724
19813,399.61388430366
19814,303.06253283311094
19815,753.1054170617456
19816,699.5938679330186
19817,688.1826177463995
19818,730.0687021506586
19819,680.2430225845359
19820,736.4073074879068
19821,707.4282642406747
19822,726.2765859506121
19823,680.7818973101679
19824,734.5463372945723
19825,756.256639712467
19826,391.17278855077416
19827,682.7269984000975
19828,413.4608108352859
19829,195.8981213315949
19830,300.9480700171713
19831,666.2830202206079
19832,316.8411589826825
19833,291.72061675017017
19834,447.2902489642265
19835,353.828402874236
19836,669.6152593721346
19837,690.1851455833863
19838,847.3875447509815
19839,732.7793740908078
19840,240.38145002856442
19841,724.001258082286
19842,716.9105498135444
19843,674.3330662737176
19844,675.6139582084619
19845,714.0231076097779
19846,404.6075091820733
19847,687.3348347179453
19848,657.9040682809731
19849,349.701676193568
19850,721.587280501639
19851,409.6857325564282
19852,726.9662710936731
19853,403.32090798487246
19854,708.3966036765702
19855,749.6069039596741
19856,585.5550952756194
19857,786.2612582599276
19858,658.1432825974161
19859,291.3236984493485
19860,680.2055835689579
19861,721.3931051737634
19862,442.15151892221917
19863,379.52688506862495
19864,705.7994143670506
19865,668.4545886270615
19866,673.4452043082388
19867,744.1660883814154
19868,675.2349621588354
19869,515.6868755299955
19870,376.9201126957595
19871,669.5693310142227
19872,764.127087044496
19873,225.7229561403273
19874,750.8868615270899
19875,715.5383356870361
19876,714.5058496544477
19877,721.164640284332
19878,404.36120093819085
19879,703.4588494308331
19880,731.0947643845028
19881,819.0448254179195
19882,460.7809016988007
19883,674.0772274199281
19884,656.207097279698
19885,726.7915751710685
19886,709.3774022631851
19887,669.2493084235291
19888,697.7601007612932
19889,675.5943955472773
19890,398.82937658555335
19891,407.80637490834624
19892,738.2780323036204
19893,736.4281144828471
19894,708.7013667346018
19895,664.1690526832585
19896,743.563558326146
19897,681.1974447459693
19898,719.1788598717039
19899,671.8184046938372
19900,398.9620544589463
19901,754.0953602907406
19902,688.5332617228823
19903,737.3886811178347
19904,737.4007823138372
19905,304.1736937600359
19906,696.7728278290924
19907,707.4557278161465
19908,677.5111824175231
19909,675.9402795525585
19910,488.81675096582137
19911,698.9359061638959
19912,739.7580296790619
19913,832.3518487504728
19914,713.073824618827
19915,303.98075626189103
19916,293.4159359531862
19917,648.3705577014107
19918,738.1692423024499
19919,850.7810979509712
19920,721.2802984348219
19921,674.9108818295451
19922,813.6436854625292
19923,703.0222615001358
19924,411.1586952530594
19925,707.6253399325142
19926,716.8232561518852
19927,387.77144863237646
19928,824.0453997521219
19929,705.1076798164661
19930,744.3897299828234
19931,398.60933322807534
19932,680.21140905716
19933,417.24940488041676
19934,745.4361220184126
19935,722.9567399749483
19936,733.6723406033395
19937,700.6296357022604
19938,724.7643253007468
19939,672.9871938020867
19940,676.678331182571
19941,720.6940494205788
19942,397.48157373275507
19943,275.7117096268908
19944,686.1138806879899
19945,726.6322934595112
19946,186.99418506493657
19947,776.272575971716
19948,723.5111117577009
19949,724.1507241735022
19950,674.410555439255
19951,723.5056235520035
19952,429.34931908774337
19953,287.41318265248674
19954,746.7056178697792
19955,403.2564703486325
19956,441.33145049042275
19957,670.7691989728784
19958,203.63068176924838
19959,674.8849762161752
19960,713.0967645393457
19961,849.0944579571504
19962,232.03632993173477
19963,292.96702413872794
19964,686.0043344263842
19965,847.2511965220871
19966,391.6327208471492
19967,738.5220777153813
19968,704.706970950026
19969,742.2756998141007
19970,738.7446047819968
19971,291.98863599350244
19972,686.7634369491092
19973,298.1701544301303
19974,704.5292915008113
19975,681.8164270734308
19976,679.9502961650976
19977,709.2443901504873
19978,295.3449016958901
19979,684.9620613981897
19980,728.3696537437245
19981,435.4416991307499
19982,670.1734542975331
19983,268.77748086504755
19984,741.5213874768638
19985,296.4403814661998
19986,666.9080799851263
19987,725.8186472873598
19988,720.5247946406741
19989,719.8478531988542
19990,751.7502996076211
19991,682.3243902214363
19992,684.1287009089917
19993,750.2220327373025
19994,736.3945207098529
19995,400.2404194774926
19996,297.7988119231433
19997,305.39223412580685
19998,277.39585112155976
19999,751.9510573545978
20000,770.4837798859086
20001,666.7230817898802
20002,391.3950068065121
20003,719.3012746641964
20004,308.6215940035155
20005,682.5536672422238
20006,756.8154763138086
20007,524.6869913739106
20008,295.20835173337815
20009,774.0177812235042
20010,384.62518181213
20011,398.6506932109787
20012,687.1835749212871
20013,406.0961219769773
20014,676.6419584080554
20015,683.8356083036388
20016,695.2387795213094
20017,396.4991784521604
20018,715.3081878209643
20019,577.5719537616843
20020,314.862966584867
20021,666.3467323331175
20022,771.8335058558339
20023,681.6845077796671
20024,673.6608033258518
20025,724.4232945962395
20026,703.9302560072683
20027,407.3823998939657
20028,736.5901153423941
20029,769.3190771288487
20030,414.49435985395604
20031,287.66758338283694
20032,716.7428769201491
20033,649.759540567707
20034,754.0552322977086
20035,680.8845280222881
20036,703.3078238359972
20037,396.08525743961314
20038,394.262663711904
20039,678.6772242469592
20040,703.9665005469102
20041,304.552645534641
20042,752.999810436248
20043,675.8333142499927
20044,708.9326411382209
20045,664.3405699453613
20046,668.4613157467587
20047,419.3668544980539
20048,680.7679612588176
20049,725.1264809128079
20050,302.1840418091023
20051,717.2039209343151
20052,305.8423733860959
20053,180.9558129056441
20054,409.9136628754873
20055,726.1720125542085
20056,419.1759968806866
20057,237.4215255762614
20058,676.5996293807858
20059,319.141969659288
20060,698.2348300584868
20061,697.0555875234229
20062,677.3997546391582
20063,414.958474414073
20064,646.2192873812029
20065,402.8958512796333
20066,746.7033020783798
20067,424.44758622394556
20068,760.7914018704338
20069,673.2535111121178
20070,430.88506911417676
20071,713.9979796793825
20072,671.6552344016364
20073,850.8618801686802
20074,699.9334050089719
20075,704.2214163673528
20076,750.1433325285657
20077,655.9962922908084
20078,704.2395987568661
20079,723.6405786256685
20080,674.1662191296061
20081,299.0174306093749
20082,737.7731654605814
20083,418.52481327551277
20084,405.9977746011901
20085,703.7770406083268
20086,270.90011710827457
20087,715.8832576257323
20088,770.2277505598059
20089,255.0004031954595
20090,663.1772289992847
20091,718.8300953666553
20092,623.845856861129
20093,668.5138578357648
20094,743.4265685752225
20095,403.49869889946797
20096,706.298633759235
20097,688.5303202393641
20098,678.5320348538216
20099,846.7201206831397
20100,715.3671549030682
20101,740.8022096934295
20102,281.8292306040331
20103,698.2438738801516
20104,726.0448919818299
20105,717.093940108038
20106,739.2518438671999
20107,827.2745397494466
20108,696.8466150867291
20109,760.9997772422645
20110,832.5462075409114
20111,684.7820558875226
20112,724.6347676166023
20113,744.4048200246157
20114,714.451015309054
20115,733.6382173730369
20116,705.9947679322687
20117,728.756510944707
20118,705.1954076274366
20119,833.8676912542409
20120,677.8468714546184
20121,762.2862111726594
20122,655.5963213250194
20123,698.6749665592794
20124,719.2446092062308
20125,282.53170875095907
20126,653.8094922766911
20127,712.3909178037868
20128,412.5718722380235
20129,663.3370161662517
20130,645.5861049373623
20131,849.5840768564179
20132,745.7266708273397
20133,407.8159297640424
20134,700.1822709224584
20135,273.095872061691
20136,719.0791743110123
20137,741.0260291007648
20138,301.07329629198443
20139,678.7316469452807
20140,736.6403950887794
20141,696.4171230826267
20142,833.9576758149807
20143,705.0381937799557
20144,704.0030042096131
20145,181.42833192274503
20146,723.9578223074625
20147,692.1058679913451
20148,715.0093219058059
20149,308.98980573119326
20150,753.1484411255766
20151,679.8635127387976
20152,169.93791658352956
20153,669.7328921151195
20154,733.5735423598157
20155,767.8646135889743
20156,294.40421876201566
20157,694.978002830711
20158,655.8019574011597
20159,301.9629702820154
20160,716.1537058869394
20161,697.8778221931591
20162,719.9762174738686
20163,641.3784896943417
20164,640.6519506817242
20165,300.8099291653911
20166,300.4944717608355
20167,705.485027359417
20168,673.3082365187471
20169,675.1101564711208
20170,714.7425241410416
20171,400.7034943466564
20172,413.63232889986347
20173,748.3788208992818
20174,844.0223436698316
20175,704.9509164511446
20176,292.7828979469567
20177,292.92470643056873
20178,833.7578213248008
20179,711.1421906832938
20180,715.4948520341218
20181,757.0050850055447
20182,488.73772968730293
20183,723.3811470087162
20184,714.5805721802851
20185,710.450480821069
20186,245.4715144655703
20187,687.6632358813233
20188,401.9916206676678
20189,407.2412962661323
20190,653.950017819483
20191,674.9231690440946
20192,674.8602870105656
20193,701.1533135847568
20194,702.003167146688
20195,725.7792452007631
20196,400.49025784241553
20197,765.6486865311134
20198,672.6187698423502
20199,676.7284833519822
20200,744.1784029467944
20201,184.973713173163
20202,734.0872419035712
20203,702.472061215911
20204,682.3131201256784
20205,699.6179794720156
20206,748.5992799088422
20207,759.7753534916153
20208,723.2430422605415
20209,702.5486810917063
20210,703.8039885451767
20211,195.41212015771163
20212,400.8380218996163
20213,299.22255564876235
20214,746.0857566272234
20215,753.0068116901309
20216,694.955824871894
20217,646.8428011618538
20218,685.8118256779393
20219,749.5876005432472
20220,719.5204777275153
20221,697.2522218810545
20222,697.5134475495572
20223,737.6900988965585
20224,661.7570251784982
20225,761.9736285961424
20226,704.5520502868739
20227,398.038620212598
20228,688.7196754926833
20229,685.6596331147857
20230,691.4330460471208
20231,689.5124975838129
20232,684.0899862281856
20233,311.97124962440415
20234,722.0183639490602
20235,580.7506828029533
20236,584.0603822166175
20237,677.8233197679311
20238,730.252347311335
20239,681.4988641161734
20240,688.1319390594351
20241,692.9437269566716
20242,736.8151915936137
20243,676.6512544899758
20244,702.9560622489029
20245,717.8702531915663
20246,295.45686818805973
20247,700.0830639410336
20248,698.414646959792
20249,681.9278797722441
20250,705.4122983329574
20251,690.9436474249272
20252,675.5424707969881
20253,680.9990535907937
20254,687.7772003810852
20255,776.7211636210892
20256,320.9326643776623
20257,675.2279116721428
20258,298.3180952972531
20259,672.10394474661
20260,703.9053303216491
20261,683.1212884911482
20262,644.163442235212
20263,702.0104628874333
20264,208.79501793819128
20265,829.4264913888601
20266,662.4652684266706
20267,745.6844173644569
20268,400.7767341355079
20269,772.0321639531683
20270,745.8362207638226
20271,811.5588806716798
20272,629.0856820704768
20273,410.90619350265587
20274,680.806327110653
20275,709.4239597818112
20276,398.36093309213265
20277,698.1932563188733
20278,676.4197963810711
20279,695.3283656415482
20280,716.8067328450662
20281,756.8514545984359
20282,692.9924898238846
20283,301.46365198325367
20284,305.0959009260773
20285,708.7562252078776
20286,671.5978224554385
20287,851.5377964192786
20288,678.6889506889106
20289,721.143694385518
20290,310.34557055775036
20291,750.3506917451956
20292,408.2195872824093
20293,681.6050694216952
20294,673.7571456801304
20295,733.8409134463345
20296,775.3626108198334
20297,771.3930435390344
20298,678.0417502893164
20299,673.930783694253
20300,680.1601022203345
20301,715.5228455061576
20302,660.0505872349219
20303,716.2756844190208
20304,295.935333703832
20305,702.4109995253655
20306,298.945058035268
20307,750.4369248610309
20308,686.5813879751192
20309,397.4552459063358
20310,691.6415479830041
20311,708.9367950433239
20312,850.8035024631461
20313,671.1973263216315
20314,727.7100988347938
20315,180.41535925419555
20316,656.5215287443863
20317,415.64977862734213
20318,717.012883128859
20319,689.1504398960209
20320,306.48738224549857
20321,699.5742073072756
20322,404.87544883610866
20323,390.5010916991152
20324,673.9151218807004
20325,723.6360786014593
20326,821.8621214114817
20327,401.4632950819085
20328,381.27490073818524
20329,703.3010799246873
20330,694.9813540469269
20331,766.5255215514584
20332,244.7613428125046
20333,300.92068568523183
20334,796.1574957666407
20335,743.2015935983916
20336,701.4289227216723
20337,845.9215443500459
20338,707.2858899971004
20339,692.2506409367148
20340,666.1440713734921
20341,735.7937697637119
20342,337.41046950046814
20343,724.452734948093
20344,786.571790236363
20345,732.0039559745184
20346,405.8980673686853
20347,710.0711183201638
20348,177.25883924494718
20349,406.88815812881023
20350,725.8639264744298
20351,737.5249970393573
20352,722.6605485024713
20353,822.5845340672297
20354,686.1075064891949
20355,709.7222102864065
20356,310.7441079365844
20357,267.5958748183337
20358,183.0381811101463
20359,301.58410168583606
20360,405.58504788820443
20361,680.4951883458627
20362,746.699711139257
20363,388.1899659870832
20364,833.5284336262971
20365,185.15310207849166
20366,713.7571896696904
20367,677.3414990691431
20368,743.3334692214315
20369,738.2789319567278
20370,706.9854194137248
20371,729.1279818013309
20372,676.6937258708047
20373,739.8235503999767
20374,298.7045457892206
20375,698.6588577333066
20376,724.8879407815111
20377,698.6398215264883
20378,718.1999704112907
20379,662.1428900807572
20380,721.410182000744
20381,714.2238365671501
20382,734.3885587311019
20383,691.7070293883365
20384,550.1933834676327
20385,663.8279913906432
20386,415.28627774556287
20387,680.9419841065586
20388,754.3011014697449
20389,720.8425103501606
20390,405.75171795910063
20391,688.1919218178218
20392,404.7008110901144
20393,403.12237866575254
20394,701.225119333405
20395,660.2559279740078
20396,740.0155424897607
20397,735.6441673940101
20398,730.8323586579525
20399,294.44849095959466
20400,699.8937043251676
20401,712.479489184287
20402,739.1094786274093
20403,855.2787832670963
20404,669.4285537870857
20405,754.0144979211791
20406,398.45458425971424
20407,724.2864525796851
20408,751.2851653920801
20409,736.2424728722299
20410,300.63983531130486
20411,721.4133742118107
20412,680.9429898372563
20413,680.0749740771779
20414,298.6088019972528
20415,267.71897751795245
20416,646.1359209970416
20417,712.2921729891149
20418,384.84345689799557
20419,735.3628429578426
20420,318.0671598088443
20421,697.8987963085517
20422,652.8438503351465
20423,652.6218974492531
20424,649.7494696783577
20425,825.1141237268458
20426,694.3227034936234
20427,534.2773039036422
20428,668.1590440861095
20429,298.70082721848274
20430,690.143414949467
20431,242.47510944454996
20432,690.6239621103778
20433,404.0262335248579
20434,752.6874435767124
20435,751.7528615290034
20436,753.2469057215683
20437,725.6871859635403
20438,420.66729348301106
20439,734.22218042568
20440,719.6026624589641
20441,780.1665653740607
20442,299.53020633680205
20443,690.3194678373592
20444,299.4473485205077
20445,728.7432807775399
20446,664.2465296694357
20447,744.2729192069663
20448,707.3115921367528
20449,721.7567063545268
20450,683.6074544210124
20451,384.993222314848
20452,682.4824511544832
20453,751.7434701303525
20454,704.7151809772054
20455,705.4580605011058
20456,766.7263244243343
20457,710.2549812569611
20458,714.7852796094548
20459,756.1480692681616
20460,520.7329997653927
20461,293.24822958461436
20462,709.4949441239182
20463,402.68603101728087
20464,744.1652604047572
20465,754.8971317863306
20466,165.7971357806432
20467,680.6900785635537
20468,652.387315369929
20469,704.6300073959651
20470,683.6429845624538
20471,716.6341516262199
20472,727.0833669813568
20473,681.948560423876
20474,700.9383379633958
20475,650.9388740672686
20476,724.441759115387
20477,769.413078926109
20478,679.8310032372075
20479,697.0184635152025
20480,686.6672086730903
20481,709.1617517780412
20482,699.6601302051831
20483,672.5044356139595
20484,747.2569548885931
20485,707.6477779365214
20486,672.9851412000428
20487,687.3285955939646
20488,752.6078533674255
20489,693.2270894206772
20490,792.5166818381219
20491,717.7189141104076
20492,650.6739816370037
20493,315.0262707260418
20494,530.5629585838416
20495,400.5602209678803
20496,727.4641233414048
20497,741.3960144563714
20498,715.4878843121811
20499,682.7609503324778
20500,671.2000271536778
20501,398.00429580834
20502,849.191127647502
20503,754.5798665272051
20504,720.2597662841222
20505,676.8366743971776
20506,718.4802067647831
20507,671.5838674226563
20508,771.7147154177733
20509,295.35829880669564
20510,708.7122782708005
20511,404.816625416915
20512,742.4395163653512
20513,694.7593408725656
20514,738.8218179721553
20515,667.2023973057484
20516,701.9089315659633
20517,395.171191472465
20518,703.1815772292586
20519,718.4219952665384
20520,709.6368460847921
20521,774.4599653045808
20522,667.523225292147
20523,676.0375302079243
20524,413.1802247792011
20525,841.187512687882
20526,749.692501840665
20527,656.3938343773226
20528,706.5963816961893
20529,523.1205946608765
20530,739.8202025121442
20531,671.9731945836651
20532,681.9844529426971
20533,707.04875587051
20534,652.5733357975414
20535,686.4544372547012
20536,703.4723286301794
20537,400.07532574385664
20538,690.0252452623237
20539,505.6015070744789
20540,402.6104554912336
20541,706.0657642493597
20542,400.6980429415551
20543,698.1589732013356
20544,712.8870922219342
20545,698.4929068509803
20546,678.9159661971551
20547,703.6270743013705
20548,640.1303565242802
20549,821.3017443852289
20550,297.5366162271675
20551,735.3818836932647
20552,764.1368227520329
20553,707.6786133509563
20554,407.84016558140456
20555,301.08534609821055
20556,720.3107220595981
20557,711.170230113496
20558,748.0527366628716
20559,714.1070800715362
20560,731.1229073693615
20561,408.19466827874544
20562,678.585803411477
20563,725.9730460715041
20564,693.430197941449
20565,720.5677337228493
20566,683.1569887984738
20567,681.8235443986719
20568,677.1007601961896
20569,670.0795963027723
20570,747.4426500775139
20571,683.4420609592758
20572,654.2862422597723
20573,700.3524429936722
20574,729.1777261041493
20575,844.5079944536802
20576,305.15291290264526
20577,747.30459737227
20578,737.1654524371496
20579,658.5161018244434
20580,704.5945338693007
20581,713.6065367517707
20582,506.0395449344642
20583,812.1417545762232
20584,180.8225942683615
20585,709.2357615178421
20586,731.7930674519407
20587,731.8150559526019
20588,306.5591810753623
20589,767.2571094376347
20590,692.1272439882175
20591,662.255980415317
20592,683.3797413360917
20593,714.4950450455814
20594,830.8113165983062
20595,411.31787844015344
20596,405.0599576614598
20597,507.6750651520985
20598,480.9993178766697
20599,701.4844669253524
20600,734.0499109844577
20601,409.56625813978593
20602,676.5825415590642
20603,739.9460958737835
20604,667.3599544130549
20605,672.3471028116991
20606,749.6574701539905
20607,300.2434946724279
20608,710.2248745452849
20609,678.7072880224825
20610,728.7855215024883
20611,687.843732450044
20612,650.3742656327885
20613,670.6260052012557
20614,697.6612918955665
20615,676.2609116677343
20616,527.2868751016914
20617,306.2926703654077
20618,676.6856908318591
20619,706.2446194077194
20620,684.3843100390463
20621,238.27203671501167
20622,674.8212942058341
20623,699.879958223219
20624,642.8982568037555
20625,567.3457304105282
20626,657.3243829738425
20627,294.38665035963584
20628,676.6131921906577
20629,732.9513375274097
20630,684.728065071622
20631,675.8285643098144
20632,306.4055321739522
20633,651.9287925790373
20634,672.6780067229513
20635,691.5174866172124
20636,771.016006962245
20637,680.8088937479014
20638,701.5226889240707
20639,705.4023681356696
20640,730.3619556878517
20641,745.2717232657228
20642,740.1736208396915
20643,839.7161946331764
20644,702.0406736898916
20645,768.2810293403686
20646,709.4217751415523
20647,374.32206842669433
20648,399.86530557908696
20649,723.5012293527977
20650,756.3858769195244
20651,396.7434473523471
20652,682.9047804846088
20653,700.6440035482743
20654,402.1486337958781
20655,302.64402237459785
20656,753.9978356078158
20657,725.9537771952562
20658,690.9714827586246
20659,158.2760733403528
20660,755.5957439574432
20661,721.2637861565735
20662,729.9523372906326
20663,688.2720032189047
20664,676.2366500390076
20665,677.2390557493887
20666,409.830297394992
20667,663.594611835371
20668,672.0401744018657
20669,760.2294814545739
20670,705.2228171851228
20671,518.9598278690994
20672,699.6735484168842
20673,399.82151312467937
20674,319.2865954729618
20675,698.3693372909706
20676,740.5410130268241
20677,794.3840216439847
20678,737.5078459748486
20679,829.4257656511505
20680,386.7052701774894
20681,849.0220021843912
20682,748.8452705734713
20683,727.0624060411512
20684,212.83501648391916
20685,719.2696885359617
20686,703.0602368050179
20687,751.0420426322504
20688,740.0498245730215
20689,702.500808692175
20690,300.62749014489697
20691,697.4911864579093
20692,672.0735570565307
20693,203.79909153515143
20694,691.0193788372632
20695,656.2919631896006
20696,717.2252055402272
20697,676.0327352721978
20698,406.11050667157593
20699,677.4957981558454
20700,406.5599428197584
20701,680.5074171610482
20702,515.4598231249585
20703,730.6229315381203
20704,676.6551378632414
20705,431.12249811781726
20706,683.6057370057331
20707,842.9913098143765
20708,297.3353453369762
20709,840.2103410988564
20710,700.2574644586372
20711,727.1778821212806
20712,259.3399396947717
20713,753.3954381451474
20714,688.160778549084
20715,677.4977349107587
20716,690.4015546995464
20717,706.6023825398378
20718,674.2750639598029
20719,703.0841821671453
20720,685.2283186862338
20721,298.2878538661672
20722,716.129531580302
20723,665.9422042763367
20724,419.6325379778983
20725,727.8400586074396
20726,676.3630494282819
20727,680.2142084220554
20728,687.6009983095936
20729,168.29738044645012
20730,650.4608722516946
20731,704.4216673427287
20732,203.49388246859553
20733,681.1299954001477
20734,706.7195643595069
20735,675.3554138319042
20736,686.7099416300706
20737,762.5420873445825
20738,267.03464719970054
20739,214.70252715928632
20740,749.4588202635135
20741,304.9655766099914
20742,746.774145146875
20743,728.2923590697033
20744,686.5273614172214
20745,841.1106065160448
20746,560.1026899525143
20747,408.6020180273681
20748,302.89550433296387
20749,428.41963993494426
20750,677.9861710601416
20751,680.9838914275645
20752,682.1091648315296
20753,404.1306386083287
20754,701.8877839475501
20755,398.7325943232327
20756,732.8014600658199
20757,720.0055437580286
20758,725.3628269018924
20759,397.1019815256622
20760,715.8003077532469
20761,670.9717476304467
20762,675.9676565458675
20763,306.1682319487525
20764,315.03676193650784
20765,679.2803245022535
20766,678.5128042077297
20767,688.6502235364405
20768,681.5035570940042
20769,733.4074216892232
20770,306.8405280984662
20771,294.48047720731626
20772,414.15547914419926
20773,301.64219086395286
20774,314.90342348580765
20775,509.30323126867506
20776,457.15662925847903
20777,703.1733501297651
20778,703.2940424449487
20779,481.6093093200923
20780,696.2473428425478
20781,683.0953813524529
20782,395.780289733769
20783,724.8042451302326
20784,703.084910080028
20785,704.9808705017609
20786,537.1134751435691
20787,460.42887904628685
20788,677.6592395808011
20789,680.3911640849365
20790,317.2554366243336
20791,199.39181196479416
20792,704.6697941840702
20793,302.778969868979
20794,709.452462281419
20795,293.8698809457314
20796,407.5790056230857
20797,787.4569316251356
20798,835.6423306692287
20799,294.26896204771384
20800,413.00019146070946
20801,727.107141508116
20802,292.61561572982555
20803,690.3091683023891
20804,701.6756377319217
20805,314.50798976746086
20806,679.8541219801524
20807,672.3759768020512
20808,428.1922637808747
20809,735.4343248254268
20810,682.7420459828394
20811,759.6412565023534
20812,394.85412997969587
20813,406.0140434053135
20814,300.54739075435134
20815,752.4061499329151
20816,743.7507474172219
20817,739.853646896662
20818,264.3779615383421
20819,699.8360362949359
20820,751.8767524397772
20821,684.9392100890682
20822,677.5952667814927
20823,760.0686866056436
20824,309.7926387929465
20825,680.4497054734586
20826,719.2711870605148
20827,697.7677332238233
20828,690.3322788608111
20829,397.547254233325
20830,852.9062042145667
20831,741.5746751793631
20832,702.1455349142007
20833,681.3559079905555
20834,397.1288631327786
20835,720.6375792801349
20836,306.4532276805537
20837,692.8188196352338
20838,767.3631078539698
20839,844.5111474215321
20840,646.7713027777148
20841,406.0715784921162
20842,704.711992527501
20843,753.0092667127118
20844,724.9010352991002
20845,807.4733589755515
20846,707.7764165493072
20847,683.6615249544581
20848,694.8508917473015
20849,746.1187455884829
20850,405.33137882526023
20851,847.5034604457533
20852,171.37764055560768
20853,293.36761687492464
20854,762.726928036133
20855,679.909798732645
20856,649.1594986011804
20857,728.4500896175063
20858,686.3183051588585
20859,692.0858610587321
20860,732.3581156407969
20861,721.0035562426722
20862,192.48619238477784
20863,400.66286178689535
20864,702.5858290064073
20865,752.6583779292358
20866,400.2138186301148
20867,647.248160893959
20868,639.6192113964745
20869,716.5670003834289
20870,718.035818092048
20871,262.73420437731323
20872,697.4827151937419
20873,731.8149069947478
20874,669.242051638839
20875,701.790579828208
20876,705.4166668734342
20877,732.5882782490429
20878,714.5500479763847
20879,660.2479979637287
20880,753.3063701476485
20881,498.67047672929
20882,674.4970628641136
20883,497.00605533803025
20884,761.1330310509505
20885,715.988283406129
20886,617.4541776906947
20887,485.2841864203091
20888,666.8322731865167
20889,680.0962462703671
20890,700.3668236331945
20891,310.1172007428087
20892,390.9144193493272
20893,724.0489008103191
20894,297.2733704092791
20895,691.6808975629846
20896,719.8226496728181
20897,296.77145584241936
20898,704.5403480939526
20899,759.1925824400769
20900,697.4325027462246
20901,697.1233662830094
20902,725.3423225769931
20903,673.9601408752004
20904,700.7590187561146
20905,748.7643754693523
20906,304.08196074575136
20907,702.783345705518
20908,680.0548453650025
20909,734.6427899632487
20910,397.35958354925964
20911,712.1161333218578
20912,754.6891392961007
20913,313.21027710133626
20914,643.071371774777
20915,399.89272844588413
20916,333.16378903622655
20917,733.1793887903548
20918,669.4500631672959
20919,841.5701712074966
20920,666.0491172121613
20921,405.2916468270165
20922,700.6065324125204
20923,703.7280317333754
20924,745.9377935024374
20925,754.538275066559
20926,294.5424476987272
20927,724.0259907158761
20928,687.750127149884
20929,694.8165038631423
20930,718.4588701842193
20931,306.6892687785306
20932,752.996901711822
20933,840.5511045739385
20934,742.2902003119488
20935,238.30070789397274
20936,492.01406127652956
20937,709.6268067712476
20938,407.43831522381834
20939,727.0557932562975
20940,261.11016833546466
20941,291.54348582719007
20942,711.0577342062793
20943,694.366375283758
20944,675.999306599192
20945,175.86282575690814
20946,683.141221652843
20947,295.628938053651
20948,745.0707173996135
20949,779.4645571467149
20950,685.2990327303401
20951,698.311544289603
20952,673.7677575410297
20953,723.5419913218308
20954,749.9754424816713
20955,687.2830927295836
20956,701.8314042176885
20957,409.0656879176162
20958,729.396786598904
20959,757.4114129261933
20960,694.8209216774724
20961,675.7119084563734
20962,720.6696614420542
20963,398.5320877849813
20964,684.862285375154
20965,670.5014291589324
20966,638.6803735867384
20967,412.4010428936818
20968,728.886664917658
20969,181.713834202005
20970,705.6879293032098
20971,404.1495008556306
20972,749.6260802594472
20973,690.0629710343819
20974,751.2935658350102
20975,685.4263089427212
20976,401.49723559489576
20977,698.1007929832533
20978,745.1877481122069
20979,718.6482946815759
20980,700.4958239807765
20981,728.0072334942656
20982,730.0516206454953
20983,749.5219571375803
20984,700.1812003419559
20985,676.3092478894343
20986,712.0750534821585
20987,678.0623948679611
20988,294.6799212419427
20989,395.3810918489972
20990,308.24650212380146
20991,723.3712337092276
20992,713.6514257289185
20993,264.6354331364938
20994,294.70767651063073
20995,704.0472839666005
20996,699.3263229925526
20997,686.4322829053928
20998,241.21297107215162
20999,295.6032327669486
21000,844.810937225324
21001,776.4630759323368
21002,705.0177625371236
21003,664.6703236167158
21004,704.7895037647942
21005,726.4375298124846
21006,405.7942628073257
21007,733.8710376086856
21008,845.1468043382814
21009,294.82764307211795
21010,747.032754887142
21011,752.9287539167358
21012,689.187160243235
21013,732.191497967994
21014,731.6195424782754
21015,708.4186442910093
21016,246.85089537081956
21017,769.9484966712503
21018,723.1142410248335
21019,183.65885314273152
21020,705.4392368534791
21021,709.507773239877
21022,698.5234915413757
21023,400.19914523749276
21024,746.4551564334001
21025,701.5767828181937
21026,294.45760510376033
21027,845.2763609444288
21028,301.717725271271
21029,200.9405314751766
21030,752.8217718641872
21031,774.9707826982549
21032,663.2724422538724
21033,687.6546621612488
21034,674.1610974414699
21035,743.0594627373472
21036,646.1053900384214
21037,845.8586585480374
21038,686.1069061569892
21039,667.3827465841167
21040,675.9995326752027
21041,687.4511669878389
21042,398.5565702435583
21043,678.066833090935
21044,848.2359096039565
21045,751.5692867731201
21046,642.1303808280525
21047,739.3805666846959
21048,725.481249769716
21049,308.61331451179865
21050,538.4919936562795
21051,815.4834668041317
21052,668.9981332105637
21053,212.7952529336365
21054,718.4224585184829
21055,710.4711946562281
21056,648.0834636844436
21057,667.1222803299665
21058,673.7432366035672
21059,721.2315535017524
21060,677.1086480252944
21061,282.16078241502794
21062,252.13647659802882
21063,687.212477363248
21064,676.9526561294052
21065,723.0170192224829
21066,730.1721031272335
21067,691.3020007963573
21068,731.5560090699063
21069,457.9574878360699
21070,715.4924423096553
21071,729.0064547282211
21072,681.1256517286747
21073,730.3811610192172
21074,672.2030747952497
21075,478.05856483316495
21076,397.2948938581187
21077,751.3782694251319
21078,671.1714465602438
21079,766.5121868170139
21080,700.6509233188445
21081,363.7755181066313
21082,708.7764294740692
21083,731.2601074690501
21084,692.2170931308265
21085,719.889606738447
21086,677.245037763604
21087,752.3419096687026
21088,684.2904285640813
21089,402.44847146797196
21090,410.5618566821098
21091,420.13706995360633
21092,746.4072676510789
21093,709.0217469582306
21094,315.6369941725364
21095,755.2906869999945
21096,742.7216659279477
21097,308.7420603783669
21098,675.9650726969767
21099,717.4478649973289
21100,681.0474170156842
21101,353.7717764899079
21102,723.960154966111
21103,684.6572001538336
21104,300.22701472292505
21105,711.2634100497121
21106,688.4709799914705
21107,724.6929240246768
21108,732.0818615545486
21109,665.8439056462084
21110,298.8423416149978
21111,378.41254970768347
21112,709.513476763373
21113,682.9373487698826
21114,679.7429841103703
21115,674.6092245700338
21116,807.4824906295311
21117,729.8054817874422
21118,705.1973993954462
21119,835.7127613715252
21120,667.624285864498
21121,303.4299621676233
21122,647.5538085473703
21123,447.43812743888145
21124,667.4380363082942
21125,665.5558699979224
21126,743.7807805391529
21127,724.8624476810036
21128,402.3259836967315
21129,833.7918777283647
21130,712.6746276747087
21131,794.239648983523
21132,675.9039617587628
21133,738.5512528712742
21134,240.29378533142517
21135,304.69812818472207
21136,743.3222229672829
21137,726.8739310314594
21138,689.9418066254636
21139,655.0436062610704
21140,767.4132699483841
21141,272.7865184256872
21142,744.3386354023185
21143,831.9089669513108
21144,750.2287003756887
21145,408.6199727277032
21146,658.2294040984839
21147,848.8480688725186
21148,735.1602673697754
21149,676.7538614940596
21150,723.6885637682186
21151,364.50546759179366
21152,704.145405259799
21153,720.1152376974372
21154,711.4903222412106
21155,719.4675227234436
21156,687.1554946376345
21157,299.3825730147778
21158,710.6720721191499
21159,663.3293582606909
21160,301.87211545039116
21161,828.4683277716792
21162,649.3394690424547
21163,711.961755933363
21164,524.0616514120833
21165,711.2979317495693
21166,294.964618780657
21167,716.7302326706202
21168,675.4893922786914
21169,672.0107600343621
21170,705.8480011726957
21171,697.160186359547
21172,757.5660727640261
21173,649.9640160833013
21174,287.81806367343154
21175,402.4223927759173
21176,738.4377583280435
21177,659.870631193987
21178,553.7491077136716
21179,684.1831942363347
21180,643.6351832150724
21181,734.4464479269042
21182,404.37484022776454
21183,396.17393561677596
21184,711.8320908470329
21185,648.6349537447829
21186,670.9362110324275
21187,761.4850846791187
21188,671.8006439533922
21189,181.92555341434877
21190,694.973775579368
21191,299.3047844522857
21192,696.8167986804988
21193,723.2414444618939
21194,721.9019857223069
21195,261.75426416810143
21196,766.251791248773
21197,830.3841221930111
21198,705.4062314711194
21199,651.1940762255858
21200,707.7238342416821
21201,730.7276077401845
21202,315.4890588395412
21203,674.244084920809
21204,311.9809442230997
21205,683.5097347223149
21206,746.2079591052093
21207,672.3420832476572
21208,847.3453140031861
21209,734.5705695364702
21210,726.4788934148396
21211,849.643998576814
21212,768.4258315491214
21213,710.9842520179044
21214,718.7645825077866
21215,236.16238372118482
21216,698.9697679885521
21217,701.3213642471513
21218,747.4963723196721
21219,698.491202498663
21220,687.6525200418881
21221,746.6556351277816
21222,706.6555342334726
21223,688.8336494080974
21224,689.4853529370097
21225,499.76632333042994
21226,682.129440311339
21227,679.0663629582402
21228,739.5324716277731
21229,842.9025075795905
21230,407.3045408821369
21231,711.8273557758304
21232,690.8113447432681
21233,691.602835401068
21234,698.7178005712551
21235,681.7257292682668
21236,314.23317542678046
21237,386.69635994000674
21238,181.42833192274503
21239,768.5487369308453
21240,707.7163381526302
21241,666.8230628409256
21242,423.29285970855835
21243,326.25336437967314
21244,731.1128389697363
21245,400.75584148291586
21246,675.3383964720678
21247,708.324595301982
21248,372.77930915392426
21249,751.8681554230916
21250,409.9687642764958
21251,772.038511826501
21252,703.0752136642358
21253,651.5680153111301
21254,644.7946422312434
21255,715.6167863174345
21256,732.1802951209434
21257,670.4699739639841
21258,820.0747984997392
21259,705.7180945422796
21260,652.5723397987067
21261,727.5930461344565
21262,262.6637883477061
21263,654.6760951887103
21264,725.1091146573181
21265,674.7767963147691
21266,748.460383913633
21267,816.6658048399812
21268,682.7668429795724
21269,692.0645933683362
21270,682.0037777016242
21271,724.6052251460061
21272,696.7771027157861
21273,371.0788385756388
21274,718.7343105223317
21275,413.30408264884386
21276,736.6573080116044
21277,372.77493261237737
21278,754.8242548492384
21279,396.9517873860032
21280,748.1435206059812
21281,309.5390657593584
21282,696.0556096758035
21283,681.881757290991
21284,704.1598505541615
21285,513.609588373231
21286,397.60457958157576
21287,748.0669122872694
21288,446.5297499745427
21289,406.6385228054653
21290,286.6088511942238
21291,722.5709768827701
21292,708.6519840777872
21293,670.8793731520734
21294,714.0964038385484
21295,401.26164946768597
21296,700.0834878606569
21297,725.9708994596211
21298,734.2228692903973
21299,698.313271567852
21300,708.1661177855627
21301,704.2383424152563
21302,690.0923761832953
21303,245.65016489385704
21304,711.7431825531188
21305,676.1740469652435
21306,742.5537522790096
21307,843.4202613237212
21308,728.9975936417651
21309,279.0439157467216
21310,680.1958290132188
21311,408.50133420869605
21312,751.6443631147152
21313,672.6074418861713
21314,671.6593332110028
21315,716.6490078197627
21316,348.50208575660673
21317,240.17927857136112
21318,852.2659951075459
21319,757.5487611362238
21320,172.2178119315355
21321,301.20081163776337
21322,850.6838382813897
21323,696.9158214733114
21324,738.3320269876085
21325,697.8147330188641
21326,740.2089695818917
21327,738.4962261784701
21328,433.03916196847433
21329,728.6645681973707
21330,688.8198640197202
21331,721.6281418696143
21332,738.9450378992749
21333,700.6707833470524
21334,680.9069496195981
21335,292.73018916804494
21336,702.0928534069583
21337,706.6760799274111
21338,728.9007305365017
21339,729.2424752596535
21340,406.3762504006
21341,682.6004843504842
21342,730.6528612739118
21343,665.4786811834654
21344,223.25218295898992
21345,684.5063098495002
21346,705.5590485975405
21347,683.2172724570194
21348,306.5580110166913
21349,704.0318956498863
21350,406.078634254481
21351,699.0987160075737
21352,681.6637194720736
21353,679.2891305192147
21354,399.34354941964125
21355,209.51216277018477
21356,722.4938972564348
21357,681.3280241880677
21358,574.0541011127268
21359,779.048977925296
21360,295.1528608755487
21361,298.94803635459215
21362,721.2801745395469
21363,671.1534238635658
21364,701.6718902537328
21365,652.9238795763418
21366,833.5355687858308
21367,742.3293977976264
21368,739.5942973414874
21369,691.0478858216003
21370,716.5725918380593
21371,685.5447415951701
21372,750.0705041771294
21373,402.71889301214446
21374,673.568002386337
21375,717.1572517346139
21376,677.3032858258413
21377,850.0299470025845
21378,698.2869763843067
21379,735.1949176764881
21380,754.9657579302826
21381,570.7329097659731
21382,404.0869836067608
21383,682.9306805901115
21384,730.9876503829007
21385,680.3689588698448
21386,677.3347948026726
21387,707.7828262815283
21388,710.8502597899716
21389,535.8731755371904
21390,409.3923656911413
21391,301.0730308381356
21392,397.2560893183215
21393,281.19701655289424
21394,654.6562011821015
21395,398.2343755125456
21396,678.8658345224612
21397,734.4773572822442
21398,728.8306356657432
21399,704.7015253143867
21400,700.9816868106361
21401,687.5744933923053
21402,740.745106306234
21403,673.8263113691676
21404,301.1074126978692
21405,659.9172462862459
21406,674.9041526793621
21407,735.4997393939253
21408,710.4955172908652
21409,675.4340296337119
21410,845.2824434274178
21411,641.165825584941
21412,705.9559456592706
21413,684.959319931295
21414,295.46362687542563
21415,558.016387077907
21416,846.7416489410805
21417,439.9660344529957
21418,750.2914006962798
21419,402.02440040118825
21420,387.2898846426322
21421,701.9999691756894
21422,305.6392842472565
21423,699.1989543253965
21424,685.2397199212046
21425,408.1114218233224
21426,847.8236782220835
21427,706.7473539559301
21428,682.9269205125114
21429,717.8836241081102
21430,304.55147075077383
21431,639.4842924736648
21432,732.8256885250892
21433,229.5527963168688
21434,731.8324183229532
21435,733.0603915421235
21436,708.4132888017082
21437,705.7703319187966
21438,673.1769351542983
21439,672.9292237774735
21440,844.6903837592945
21441,676.1482376613376
21442,727.0323121051644
21443,401.7796073838547
21444,738.5526032831839
21445,748.7097797927225
21446,299.12991283492516
21447,698.0778757540662
21448,400.08121527540067
21449,296.45691252844125
21450,670.0799914877264
21451,696.606581074546
21452,758.178009295673
21453,662.0340377827628
21454,775.8458927665135
21455,704.4608633198669
21456,726.5188251641462
21457,726.0467631458457
21458,708.0529410795764
21459,704.2533289800931
21460,702.866475610534
21461,727.6331033178653
21462,284.4432164184486
21463,682.4017470123849
21464,726.9738740337054
21465,657.1390310777755
21466,676.3540536558265
21467,196.6737798820078
21468,711.5929821987615
21469,687.7606291899872
21470,681.2168324449103
21471,682.1810772165335
21472,704.9840566100559
21473,718.7718117337531
21474,751.3846610604081
21475,300.1037900524557
21476,722.31614149913
21477,798.0978705456101
21478,788.9103407817267
21479,753.6369023853366
21480,296.1287170011285
21481,683.6261521176112
21482,700.7775895695462
21483,657.5470608043954
21484,704.0620462278486
21485,729.393803896379
21486,680.3154775724895
21487,661.414648455453
21488,296.72057873357085
21489,793.4257342957246
21490,685.6662247618596
21491,305.0896243458177
21492,722.8736908727677
21493,754.3943600564573
21494,726.3634477767725
21495,737.8444665962662
21496,752.3516012933053
21497,308.18524428560585
21498,724.6221631812838
21499,690.5368082105533
21500,670.8599963148794
21501,306.46024560891857
21502,652.6876640610941
21503,268.2754686972049
21504,844.8286555110665
21505,701.5413366177387
21506,399.95213094489884
21507,722.607962913087
21508,714.3703567236518
21509,401.78994574418704
21510,747.1837479213792
21511,672.9403791130632
21512,296.0217203307242
21513,735.8401595926739
21514,707.6876006674264
21515,700.5991367163633
21516,676.0796285111603
21517,651.2622648228967
21518,719.8740742474913
21519,398.80370900515874
21520,846.8039455689064
21521,250.28096706640127
21522,683.9575460221939
21523,708.116811397206
21524,731.6829526719652
21525,751.150326479896
21526,730.6716140267902
21527,294.89349255288073
21528,297.9158224132718
21529,700.4491864115295
21530,749.2202488300759
21531,311.2465799283585
21532,714.9784477006114
21533,740.6994301013881
21534,678.5969430009217
21535,724.4187509070165
21536,483.8181582012028
21537,660.1495972138232
21538,402.7142905873838
21539,754.7911171419357
21540,656.5401265759033
21541,751.7609421680675
21542,738.0522756786539
21543,708.7299879504172
21544,399.48186492808156
21545,633.8266690539534
21546,765.0172321717213
21547,735.0281348033817
21548,702.4936329350857
21549,667.3446970260203
21550,722.0900011291387
21551,677.6514189206456
21552,679.3610803147766
21553,665.662272654907
21554,688.740799461576
21555,679.5721455719743
21556,711.4695134355458
21557,828.1059561169059
21558,194.75419932724236
21559,701.6593859575856
21560,674.2925361655962
21561,711.3489242579412
21562,664.1171107920419
21563,300.35739873012943
21564,454.2644700934285
21565,715.8361934554746
21566,717.6053139033766
21567,397.79674055476346
21568,698.8244347617457
21569,184.46527079902705
21570,701.5272501649446
21571,400.6836828520894
21572,674.5282855397969
21573,695.3858912290667
21574,405.8073135276301
21575,142.3177190374928
21576,304.36735038768967
21577,403.80095641219344
21578,301.8327083443304
21579,707.2504260645969
21580,676.3887721850042
21581,734.0099073437797
21582,717.9329842779484
21583,181.0582670978414
21584,848.7829614786167
21585,723.8381350823582
21586,406.76467865507027
21587,246.4416914381797
21588,294.03082384541227
21589,706.528642788265
21590,747.9580256273844
21591,698.2179121732447
21592,293.6287137012568
21593,194.0038497433946
21594,741.1509130701952
21595,387.56738252344906
21596,838.8174415900996
21597,674.9614539310508
21598,630.4781081608536
21599,824.7305045181529
21600,701.7986099141763
21601,390.3268276102163
21602,676.3446159476692
21603,648.8673066500291
21604,739.5090844745747
21605,696.2813057756439
21606,700.4869075188873
21607,693.4231285804381
21608,733.1975552589815
21609,752.2782593259474
21610,740.6317836481833
21611,143.77663349739123
21612,782.569362619386
21613,736.4937643718066
21614,680.1574689225956
21615,700.547103350713
21616,632.6450314906763
21617,720.277972887904
21618,731.3562173788108
21619,752.9162432339161
21620,680.8018155934808
21621,741.1990582954452
21622,300.51835560198793
21623,708.5252249752264
21624,722.6115440571041
21625,681.6453351524211
21626,634.6422386712874
21627,733.6628456373707
21628,311.4042156269604
21629,394.8055465385967
21630,713.3508087402373
21631,672.2264896023006
21632,723.384650928823
21633,697.4063675268803
21634,675.1725960172746
21635,700.368095275027
21636,846.92102909198
21637,661.8586599527054
21638,717.0582706799478
21639,664.20184302207
21640,415.1174705656688
21641,411.20300145529353
21642,552.5071306417859
21643,679.7116181148007
21644,711.1001655742275
21645,740.2376437119143
21646,308.0314011516437
21647,728.1703767294995
21648,390.9251364886146
21649,690.3453233703481
21650,764.2033970373355
21651,240.06879412294234
21652,403.991911413343
21653,731.5604153756767
21654,664.7941619802198
21655,735.0256389200654
21656,688.0205554504108
21657,675.0704499052966
21658,747.1835718822216
21659,711.2790347689086
21660,352.5458438376014
21661,397.9585590346516
21662,280.9367199253821
21663,700.9606302268071
21664,689.6990456546453
21665,740.6114063744401
21666,702.8806331638219
21667,767.1823270192899
21668,435.1589575317445
21669,710.1000144601805
21670,195.70898951952734
21671,678.3876375540434
21672,732.0592088786123
21673,412.6917389305882
21674,178.7223342329081
21675,776.5338779145577
21676,688.5634944301511
21677,813.8744393527081
21678,744.5170575551633
21679,742.8057383784563
21680,667.3087171712273
21681,653.4616132809011
21682,702.2660221095794
21683,299.99938929602985
21684,276.9094630736742
21685,697.8390539434097
21686,707.520643628568
21687,705.4137058435354
21688,675.1231307841446
21689,679.575064485514
21690,650.1055815881703
21691,726.9943537214782
21692,302.73858390402785
21693,719.0522520313849
21694,714.9291640976556
21695,689.3909519276453
21696,705.0903966957526
21697,759.7079753649281
21698,739.2002469878269
21699,693.6447343019103
21700,685.5875503783515
21701,326.1819493361462
21702,682.8714592763523
21703,748.9583533687565
21704,296.0598713497174
21705,731.5736914239776
21706,722.0711643052284
21707,668.9210331245232
21708,710.6443451401167
21709,724.5819735991574
21710,274.72687009474134
21711,696.8657340644542
21712,671.704303192609
21713,685.7493162596318
21714,293.1136886976207
21715,435.2851377245731
21716,713.0236347927206
21717,779.7108257706931
21718,692.0405457318669
21719,742.1774233201683
21720,732.3459112729452
21721,659.3955232780231
21722,315.0400409031054
21723,719.8357922810178
21724,687.9696378218246
21725,734.9801762880008
21726,676.4647127834356
21727,748.634998632727
21728,379.3498856605562
21729,677.6777634174302
21730,316.956984502677
21731,830.4036814511317
21732,706.3070697546196
21733,699.1947176179926
21734,295.61711449598437
21735,747.3312263777846
21736,849.6626828267706
21737,690.4718596241626
21738,696.6051993509785
21739,727.1875411343244
21740,408.8235997931423
21741,626.5283407193871
21742,672.5665580684913
21743,704.6409070310795
21744,695.110060162285
21745,704.0107140809031
21746,310.5725039441842
21747,712.3308861427583
21748,173.0878347066474
21749,670.1015034384214
21750,820.2269256284148
21751,400.27573054165543
21752,738.1163512845061
21753,652.5175170937702
21754,399.8940972921276
21755,491.7409203155055
21756,727.0863704985553
21757,300.16721716016434
21758,741.6985770155577
21759,520.8477697831804
21760,677.234552822935
21761,716.1380158729943
21762,734.4742007097765
21763,750.6663134380331
21764,683.6171162081912
21765,778.8273255359812
21766,292.9384888304352
21767,405.4116737455094
21768,698.2161069925647
21769,773.8929513820484
21770,694.1463339561569
21771,681.0141567616894
21772,668.6559824897921
21773,672.9990024901618
21774,702.6884357525289
21775,404.8067015437778
21776,396.8158059703952
21777,700.0352675617446
21778,723.1654359787734
21779,313.3282800331753
21780,814.8107987672138
21781,182.8026779665276
21782,682.8149949675444
21783,846.1586069778268
21784,834.4008643880932
21785,713.1801958703943
21786,320.0323060996033
21787,775.184381046403
21788,730.8726673969956
21789,726.8568421938667
21790,178.02762551468805
21791,691.5709931473561
21792,411.09855525319756
21793,301.19018252510955
21794,752.0112665499573
21795,686.090433515433
21796,716.0439691155797
21797,847.5687175827157
21798,690.128011745772
21799,683.4537432537725
21800,697.9408704028871
21801,311.9218746247749
21802,753.245385690847
21803,703.6928276983766
21804,711.8589601072706
21805,695.3434098715381
21806,681.2550441529833
21807,708.7392638310752
21808,711.7517468468557
21809,402.53437909256735
21810,569.2290675308523
21811,705.0786776343774
21812,765.0028623869343
21813,306.3067010136766
21814,756.9338625150073
21815,758.9687045097692
21816,710.9149384995982
21817,678.2510134593142
21818,751.7876777246927
21819,646.3464070304558
21820,702.14293711758
21821,295.8490775670631
21822,696.648627315772
21823,699.7176250564909
21824,717.2579090117135
21825,698.3696810265466
21826,679.6641917810837
21827,747.7144978534183
21828,649.0858834170734
21829,615.2886196290829
21830,741.5281989707826
21831,727.9742124029385
21832,679.4156625370813
21833,729.1770419440072
21834,405.1795453084082
21835,706.6530470371113
21836,651.6820310414369
21837,201.10208380639676
21838,701.2252360671573
21839,298.94327465493757
21840,714.317468905769
21841,684.1937200869494
21842,542.0971040831478
21843,384.1475797368495
21844,686.9683347436832
21845,729.2334307603671
21846,307.97638645283433
21847,314.97950699016627
21848,668.5894773891762
21849,432.1542141951611
21850,247.86056215099495
21851,677.4766211237938
21852,668.892742274889
21853,692.4589190566816
21854,398.79306858935456
21855,681.1281495396618
21856,748.8840808135099
21857,713.7122124088664
21858,686.1145042339978
21859,729.8240505276297
21860,709.3227673412836
21861,309.23382962720615
21862,679.7235582578529
21863,676.2883575186164
21864,673.2825904149413
21865,644.707936568328
21866,705.645161077028
21867,475.1708286849329
21868,685.3646601134465
21869,687.3656901727205
21870,731.5257057538495
21871,686.9415702299718
21872,706.7331373243072
21873,715.3534461845657
21874,651.3303182970344
21875,669.6513574861159
21876,735.3031923598471
21877,422.6321095080008
21878,743.351177012724
21879,697.5225751456526
21880,739.5712130014311
21881,366.26785072862174
21882,730.695221700421
21883,678.651178988581
21884,715.2254154604061
21885,697.0492198690006
21886,308.39710814348405
21887,681.182720682595
21888,683.1305779215008
21889,730.8333849119952
21890,689.8947131780466
21891,745.0648119458622
21892,682.3982643514024
21893,400.1168508995248
21894,731.5216652440874
21895,671.090411705174
21896,733.8849317514331
21897,414.5838027783151
21898,681.1511783482566
21899,703.0963383661792
21900,725.909633580973
21901,722.9119430779959
21902,694.5221686168587
21903,685.1418524669815
21904,593.2267751278071
21905,836.6597436608937
21906,761.891102150707
21907,681.3451298349121
21908,681.2457187370943
21909,688.7968714805136
21910,404.94235889969184
21911,704.9271013606316
21912,400.6141631090589
21913,713.4495335592586
21914,704.9983973266591
21915,750.5664224502304
21916,683.6952997643232
21917,667.1114124724021
21918,742.6306755177499
21919,705.0646341180427
21920,849.1013991261775
21921,300.83309961029295
21922,668.5481130179583
21923,404.94076530787504
21924,335.17967838348403
21925,683.900975393763
21926,680.0659664901515
21927,343.9761450585814
21928,782.8209567301274
21929,304.9767068804949
21930,298.8169407874385
21931,732.7176451329747
21932,410.0854876624704
21933,674.5069861519839
21934,412.7394299579521
21935,740.9523746623911
21936,692.1068497980691
21937,411.09422174659767
21938,748.3108334004497
21939,542.8860991879171
21940,727.0755304533287
21941,705.8515555939829
21942,650.3016102247846
21943,658.2797565657136
21944,740.3790032922797
21945,185.55594780612648
21946,704.0078128306856
21947,730.786589138098
21948,717.1053884660863
21949,698.6526471260081
21950,681.5798318896228
21951,743.3308002821168
21952,304.77219352309515
21953,728.6921342225046
21954,691.3333657879514
21955,419.0474970911458
21956,432.7650746210585
21957,407.6895224636616
21958,699.2268436026752
21959,704.3624426170383
21960,749.6481943213274
21961,703.6789166749627
21962,750.689871297757
21963,330.8024237850016
21964,666.6173524939119
21965,675.8345789086356
21966,734.6994384519037
21967,292.4723122272204
21968,747.2643175333214
21969,707.0952247766047
21970,409.37562231690526
21971,664.2203075867144
21972,708.0125557136935
21973,679.9182926829019
21974,292.8771615894622
21975,754.9273229486469
21976,293.7010385204046
21977,713.1336988780085
21978,658.7583930051012
21979,713.6112731364799
21980,674.3438619621853
21981,304.5208445482351
21982,757.1333431470673
21983,191.29124987584225
21984,698.0801699328131
21985,739.235483633431
21986,653.1331454395093
21987,637.1613451566996
21988,717.2593515916616
21989,661.9490932133265
21990,679.6525180827517
21991,731.6979189909157
21992,725.6211297916291
21993,702.0801784525394
21994,232.34796308998034
21995,679.0859035540523
21996,452.9554954447068
21997,410.6234554729772
21998,723.1562528819904
21999,255.92809204803422
22000,412.33462670988183
22001,701.1071265801044
22002,745.1101995179934
22003,679.6319249011447
22004,673.0548124878691
22005,679.8529136425753
22006,674.1180394771278
22007,710.9364689321492
22008,675.1688552062717
22009,742.9069679870266
22010,675.0297123662928
22011,685.9605238755072
22012,689.8433361508091
22013,430.4263636167699
22014,756.7664782365367
22015,394.3337590025107
22016,726.971196568457
22017,407.69283935578306
22018,477.53111122458495
22019,309.5904037490882
22020,177.7703682840512
22021,711.9866180340176
22022,659.9217695906808
22023,722.9037924448829
22024,685.9840451927724
22025,305.2857306693077
22026,697.8306366731831
22027,722.5536731556225
22028,176.5662415410738
22029,685.0259529657811
22030,724.7833999784345
22031,309.11035670413474
22032,730.2062235176363
22033,404.3132868731009
22034,726.0205170456742
22035,267.6807174974336
22036,746.3839311802179
22037,697.933486302259
22038,706.2798494453275
22039,761.1886453750462
22040,697.5988724014147
22041,713.4738439228138
22042,718.3635044349878
22043,695.2023749032824
22044,293.2062064156592
22045,705.8330784266826
22046,724.6712855724204
22047,676.8645560740484
22048,323.1837070213349
22049,306.45681643556077
22050,656.83479350172
22051,300.97505990123744
22052,657.1580303778239
22053,320.2220071335043
22054,685.2153088428859
22055,728.3755196024297
22056,722.5027184591753
22057,703.7586838178808
22058,736.6639533177214
22059,676.5516990144845
22060,677.02821605103
22061,411.3984005870346
22062,746.1937045714782
22063,850.6206923610079
22064,461.1331029497147
22065,702.3317214673784
22066,708.3239846405899
22067,699.6408554008699
22068,737.5198546705384
22069,398.57728539535606
22070,698.6701777085265
22071,681.5443381939734
22072,657.0018060892166
22073,575.6754610987671
22074,707.1496965204368
22075,531.6749918017231
22076,732.6323897696008
22077,759.861574303744
22078,685.1160702506758
22079,717.7146462373742
22080,849.2689775755224
22081,720.3534892739418
22082,849.6144159792199
22083,668.865276195126
22084,673.7860160307237
22085,846.7770041146343
22086,673.1987129150206
22087,754.5866757492653
22088,675.0109230131667
22089,693.4893984322088
22090,661.2947156586216
22091,658.5807242904855
22092,691.0697392773097
22093,700.1921942399185
22094,761.5020347091039
22095,825.0759285700583
22096,400.2774329954439
22097,847.1200476880418
22098,752.4935392653636
22099,695.7779576199376
22100,711.3824380919701
22101,339.3667971210199
22102,702.1582585950888
22103,699.0036831464125
22104,684.5872710744824
22105,707.5633284875032
22106,676.9422711759512
22107,303.6617684877367
22108,408.43733017459584
22109,739.7973233357862
22110,737.5465869007687
22111,402.25180010784624
22112,741.8182082859611
22113,312.59334803463474
22114,731.5387916135454
22115,773.998940952034
22116,672.9564931164181
22117,708.4923686412739
22118,509.70003870657547
22119,662.2815461356048
22120,300.1396652499706
22121,715.9804695255661
22122,751.8696442636276
22123,650.5956944533539
22124,686.595787819706
22125,688.0651425847844
22126,711.5192143958695
22127,767.9177674985272
22128,405.36314807792513
22129,643.073389143412
22130,293.3730319350397
22131,681.7680849157183
22132,691.1835684695519
22133,681.9326293375223
22134,676.462125930249
22135,805.0165377767679
22136,722.0678959076754
22137,672.3749979133203
22138,729.9578562395766
22139,308.2914301788854
22140,403.5987793330909
22141,733.1641772335155
22142,401.8798889525751
22143,754.8064927510427
22144,841.0563306647172
22145,685.8609190155952
22146,723.1844505675572
22147,650.5405061552485
22148,755.755391715686
22149,660.0198854956462
22150,407.33600964821517
22151,755.3927657154198
22152,297.7609384774431
22153,419.4908318629491
22154,398.10071159115836
22155,697.7647078043321
22156,702.7387538024343
22157,740.3116878703654
22158,719.050134012303
22159,286.9561292352235
22160,684.9888459106353
22161,768.7996017024818
22162,743.839524132294
22163,714.3496352204861
22164,398.2899792124785
22165,404.1966724589155
22166,457.2589584143444
22167,743.6208090692498
22168,715.1070792644448
22169,724.6587002444436
22170,724.9895176759067
22171,413.4332675688611
22172,214.99348842802726
22173,836.0912694450765
22174,676.0709622067562
22175,703.7765797722767
22176,402.0154941345677
22177,718.9879713889311
22178,728.7873380879231
22179,852.0653215908692
22180,696.7369875150952
22181,686.1310093959606
22182,667.526203880747
22183,750.3358949355215
22184,307.1101243379716
22185,564.1797969034451
22186,759.6393026912688
22187,693.4651190223154
22188,720.0901990467859
22189,407.2500361888214
22190,708.3576508531182
22191,730.0236057762056
22192,726.3567675874596
22193,695.5264290531369
22194,691.3111086214105
22195,307.69981603095835
22196,712.7737579253703
22197,667.8022358614913
22198,307.2707132719558
22199,721.6742808806362
22200,681.5665386272022
22201,713.6954494256744
22202,727.2750554676977
22203,681.772650562042
22204,681.1778945966338
22205,666.2709386317159
22206,748.4522455616518
22207,702.2001331062351
22208,720.9655836105917
22209,693.337090000014
22210,292.96237273414033
22211,738.5038116004355
22212,777.1258463209094
22213,765.34066271487
22214,401.0612434682885
22215,839.1368444759463
22216,706.5377649332374
22217,695.2124115847215
22218,738.2587515734394
22219,672.82209520621
22220,698.6070657192159
22221,390.97709725639345
22222,376.1992810586126
22223,370.89156004122736
22224,705.0672764120947
22225,675.3083770311836
22226,718.6895834629413
22227,733.4589085883096
22228,400.48311433601674
22229,720.6492414960104
22230,262.77390355225754
22231,715.394704867009
22232,707.8763410444847
22233,723.8391754718353
22234,436.0262551099958
22235,726.7016448109646
22236,703.3364539412131
22237,239.92025001917705
22238,657.2864735442638
22239,749.6783077274886
22240,682.6563821684999
22241,681.868202514225
22242,414.45095181833926
22243,672.2366811322833
22244,570.2567916663104
22245,711.787704005329
22246,701.2043521122041
22247,300.83848802872893
22248,725.2635518354365
22249,688.1881237872514
22250,297.53267224698493
22251,726.4402943123376
22252,396.36112899997806
22253,295.05194941103207
22254,680.5934187874775
22255,750.8436105902128
22256,706.982029686189
22257,727.5670975216509
22258,833.9283786819424
22259,769.0773765721868
22260,753.3494351550682
22261,680.2464359733668
22262,506.4767862540601
22263,715.598978812028
22264,392.0266995969216
22265,678.8162599176623
22266,745.9499669135866
22267,386.30746806266956
22268,703.7060860636094
22269,704.9587774449485
22270,789.3673483652416
22271,718.2956442176185
22272,662.5034695884237
22273,331.05121186294326
22274,751.8362705321963
22275,842.0919790680283
22276,395.87746062942824
22277,717.154778673674
22278,724.9038943477273
22279,722.5793541183941
22280,696.065501529793
22281,730.0015297824366
22282,783.66421988569
22283,709.5562578919709
22284,695.1533733246966
22285,754.4096516457419
22286,769.0567559544704
22287,742.1373332510645
22288,708.3561908961851
22289,706.1681035374866
22290,756.8746087985703
22291,710.2159118299496
22292,813.9497222174007
22293,754.8182883465328
22294,719.8949647110593
22295,368.2389335698769
22296,669.3730061937969
22297,697.008772233002
22298,679.1751229343097
22299,717.9667567851232
22300,689.30181768375
22301,696.5291801977019
22302,845.3861812433445
22303,678.564957948994
22304,707.6023850058319
22305,731.6219769303923
22306,400.24516795293323
22307,345.1386866806053
22308,783.4906245507296
22309,302.0463808937187
22310,703.9685298686755
22311,705.4375525114459
22312,689.5603067285562
22313,675.141955124463
22314,749.5279906261125
22315,217.02626001827417
22316,687.2908779474737
22317,400.3409574818819
22318,649.6720985860059
22319,705.9371347393993
22320,400.44781247599866
22321,668.2309242285463
22322,333.8894741477107
22323,473.5482931466444
22324,731.6703570582596
22325,298.7883299201468
22326,748.9442850147069
22327,707.9888507088916
22328,716.5703565438187
22329,704.9020700614553
22330,691.8143827399779
22331,381.8701016193597
22332,719.9621579636159
22333,777.1088559799432
22334,720.0941563712614
22335,663.1799013367075
22336,668.3741124001338
22337,685.9111087461811
22338,403.90973437934707
22339,754.5739802812357
22340,309.9817681367689
22341,706.5742449987008
22342,753.7226944234822
22343,728.4360056231975
22344,720.3397390816326
22345,697.5696655100819
22346,851.3306744173977
22347,677.8775605589781
22348,313.3255068025313
22349,266.64976692266214
22350,307.4209593231549
22351,751.3857426796391
22352,772.2760232988652
22353,741.0731343173261
22354,833.6645042742668
22355,684.5732324681109
22356,696.9798524666703
22357,685.2261831758291
22358,682.3603329145369
22359,550.0417219446139
22360,755.3411996854825
22361,703.7994236415417
22362,724.0329985080489
22363,678.744301428196
22364,689.3174863026155
22365,677.8469834486214
22366,681.5228826500892
22367,762.4451053210861
22368,702.2163801859152
22369,737.0459845901786
22370,675.3488140434899
22371,680.6958704365795
22372,692.1180416229649
22373,304.6261348270173
22374,682.0278510477062
22375,676.7052884432363
22376,683.3435400857394
22377,731.2702722885599
