id,target
0,712.2811
1,705.80115
2,839.3349
3,704.0391
4,701.0577
5,752.2817
6,273.51248
7,702.1893
8,759.69214
9,703.5078
10,748.6711
11,709.71423
12,302.17035
13,718.5648
14,407.22223
15,709.19226
16,694.874
17,392.3834
18,772.7062
19,297.31952
20,403.63806
21,725.7856
22,854.5403
23,698.4544
24,672.8338
25,291.65042
26,293.64532
27,695.39136
28,304.527
29,702.79407
30,775.8248
31,735.0932
32,399.26154
33,749.7533
34,293.74478
35,700.9207
36,680.67786
37,676.4688
38,716.4457
39,291.62354
40,691.673
41,845.38947
42,727.3242
43,290.89157
44,773.63873
45,738.41504
46,755.1839
47,687.97516
48,731.03613
49,723.34106
50,850.48694
51,713.77893
52,692.56934
53,392.48172
54,768.83875
55,704.5583
56,704.17584
57,706.3004
58,387.93588
59,749.0189
60,750.791
61,700.7843
62,706.21204
63,846.09094
64,291.7903
65,750.2874
66,713.2222
67,721.06714
68,701.0882
69,713.6069
70,717.3813
71,722.19257
72,686.3289
73,680.21826
74,747.65814
75,840.63324
76,312.05414
77,705.85364
78,313.02206
79,850.2301
80,695.9
81,739.8121
82,676.19934
83,511.43912
84,773.54407
85,681.58484
86,710.8144
87,718.88116
88,698.0337
89,702.52325
90,306.69852
91,719.3509
92,292.95773
93,677.50073
94,760.6165
95,720.1889
96,668.1357
97,677.68097
98,706.5745
99,723.2655
100,780.56366
101,409.49115
102,751.88257
103,209.74078
104,679.5331
105,646.1835
106,691.87854
107,526.59674
108,707.73816
109,295.12506
110,299.56158
111,399.12958
112,403.59967
113,521.9624
114,396.73395
115,844.9215
116,304.96948
117,753.4039
118,296.36798
119,701.06195
120,745.97784
121,677.7185
122,278.55396
123,712.13617
124,831.7294
125,702.31445
126,679.7556
127,293.33807
128,702.8786
129,400.7372
130,731.5522
131,715.4625
132,735.055
133,684.6131
134,718.3098
135,299.27222
136,680.7372
137,542.2449
138,679.47955
139,724.2109
140,404.53226
141,681.88055
142,683.0345
143,734.97144
144,753.0556
145,404.40884
146,690.6232
147,727.65137
148,726.14777
149,399.92786
150,852.87476
151,849.9358
152,682.9426
153,683.5171
154,741.68506
155,682.8223
156,668.955
157,728.5162
158,848.30817
159,722.37146
160,765.7733
161,678.2725
162,704.14276
163,735.694
164,731.2284
165,578.5298
166,740.02655
167,394.57617
168,715.91205
169,684.6704
170,298.69153
171,743.1342
172,732.2151
173,736.58496
174,705.04224
175,297.41202
176,318.9815
177,773.1303
178,848.8306
179,726.2548
180,703.0995
181,703.0393
182,781.78876
183,576.71814
184,697.368
185,754.32227
186,754.8518
187,753.4889
188,710.6398
189,184.0967
190,702.275
191,703.48676
192,730.8164
193,711.4019
194,402.68774
195,403.0417
196,717.7256
197,702.97626
198,708.41833
199,730.901
200,686.50757
201,724.8872
202,685.14954
203,726.2595
204,680.3369
205,738.89435
206,698.12866
207,293.9847
208,707.8619
209,697.0523
210,710.9051
211,720.36395
212,750.1364
213,733.30005
214,681.8207
215,844.5714
216,734.3086
217,714.69867
218,740.2389
219,669.8789
220,379.04474
221,849.31726
222,703.61755
223,754.0452
224,296.80035
225,749.2376
226,685.4776
227,175.47409
228,682.9377
229,301.79437
230,749.3356
231,743.60114
232,666.7889
233,714.31824
234,848.75964
235,788.64
236,683.72046
237,720.0388
238,692.0111
239,705.12964
240,681.21674
241,777.1437
242,180.71083
243,324.9081
244,704.91144
245,747.0829
246,167.71631
247,739.4775
248,297.20663
249,301.16702
250,710.10144
251,676.14905
252,747.8431
253,713.1736
254,708.83984
255,696.2578
256,172.06999
257,403.1806
258,749.0841
259,406.52762
260,749.4792
261,748.95764
262,272.95584
263,612.738
264,404.2073
265,405.26855
266,694.54517
267,558.6193
268,769.0548
269,729.31885
270,685.2083
271,717.214
272,726.93097
273,407.6498
274,688.63965
275,752.8524
276,169.00076
277,842.04456
278,508.4581
279,704.6199
280,714.7999
281,698.6025
282,676.93524
283,680.28186
284,730.6478
285,763.05566
286,719.30896
287,292.21164
288,727.89886
289,705.46765
290,722.17035
291,717.117
292,680.4513
293,720.027
294,702.39746
295,734.9629
296,717.0216
297,297.8616
298,293.72125
299,744.9532
300,723.63116
301,688.2397
302,734.9989
303,745.6709
304,722.00446
305,708.82605
306,753.4057
307,679.83484
308,399.28873
309,781.2378
310,775.604
311,738.2615
312,715.60724
313,293.31833
314,701.8818
315,682.13007
316,682.48785
317,848.5328
318,688.6613
319,293.7509
320,710.4714
321,704.2825
322,281.0516
323,671.1923
324,402.12555
325,850.669
326,706.43616
327,845.28613
328,809.3371
329,771.15625
330,774.35675
331,725.13873
332,752.13104
333,294.02484
334,294.653
335,297.24078
336,238.83463
337,749.6855
338,705.25415
339,719.38824
340,733.4335
341,399.58737
342,742.9241
343,711.3028
344,751.79266
345,835.8728
346,708.774
347,679.29083
348,301.13474
349,330.86313
350,702.01733
351,706.9242
352,697.16754
353,217.53468
354,733.40106
355,731.2305
356,748.67206
357,724.24866
358,700.68427
359,665.5063
360,694.22186
361,779.87897
362,773.7995
363,678.54596
364,850.75934
365,719.30005
366,684.7098
367,683.10345
368,397.18948
369,741.01465
370,400.7773
371,524.0155
372,721.06165
373,705.15497
374,717.06
375,845.7012
376,178.96474
377,673.53204
378,681.2244
379,710.24164
380,450.8025
381,686.5307
382,715.35785
383,666.35223
384,706.21344
385,740.4663
386,482.85416
387,714.8403
388,301.58722
389,752.19354
390,850.3983
391,717.06335
392,732.2648
393,716.25854
394,698.98334
395,732.6107
396,718.5395
397,787.4052
398,704.0095
399,778.2888
400,722.1719
401,733.7973
402,712.1556
403,504.50204
404,730.8526
405,760.93207
406,724.4231
407,687.58856
408,706.8301
409,291.13507
410,296.11472
411,730.44446
412,707.0885
413,564.3408
414,305.8415
415,710.2608
416,396.25647
417,294.38916
418,756.81415
419,679.5603
420,707.29865
421,719.0675
422,690.46027
423,719.86316
424,679.95166
425,683.7673
426,701.4559
427,746.3647
428,706.3408
429,723.45825
430,781.4799
431,706.0498
432,300.08167
433,449.4427
434,732.09106
435,748.2159
436,752.2337
437,750.0039
438,738.61237
439,298.77982
440,482.80127
441,726.67474
442,679.74524
443,783.3101
444,749.6761
445,706.82
446,701.61896
447,702.3411
448,699.90155
449,275.71762
450,418.03696
451,694.22485
452,702.75305
453,181.38799
454,717.35223
455,702.44543
456,759.23724
457,744.5458
458,741.5906
459,679.22675
460,711.54565
461,723.55817
462,742.0402
463,701.3272
464,295.727
465,706.8009
466,682.60284
467,406.88318
468,753.10406
469,293.94833
470,707.97894
471,751.81335
472,525.6569
473,728.2385
474,682.94116
475,403.73315
476,847.90344
477,701.11163
478,833.2185
479,295.14713
480,406.70944
481,689.4424
482,731.64703
483,252.89113
484,696.84973
485,718.5771
486,482.19318
487,684.9692
488,706.3185
489,685.512
490,736.4509
491,737.03516
492,697.95355
493,299.01242
494,684.6462
495,681.88153
496,718.7789
497,731.0905
498,680.5731
499,703.73486
500,296.32483
501,726.1606
502,305.97946
503,401.10535
504,704.02686
505,766.16254
506,687.0303
507,704.30023
508,746.8915
509,396.89154
510,399.89954
511,765.93396
512,701.87915
513,712.01086
514,744.2641
515,684.0519
516,855.6343
517,768.186
518,704.9178
519,684.12854
520,706.0398
521,676.95654
522,680.4245
523,711.48267
524,625.95526
525,292.0479
526,409.16425
527,695.4861
528,725.3762
529,841.7002
530,710.3678
531,740.98566
532,690.4673
533,717.3297
534,706.27405
535,753.1582
536,702.17816
537,682.197
538,712.90454
539,693.3042
540,677.4914
541,259.60574
542,849.044
543,730.53204
544,726.10486
545,683.21967
546,712.7304
547,839.65466
548,140.52893
549,677.7292
550,683.34265
551,559.7319
552,304.24777
553,725.58453
554,302.72192
555,415.6438
556,737.0095
557,731.3025
558,297.638
559,680.851
560,508.35043
561,699.1212
562,763.0596
563,293.09702
564,713.7964
565,393.30048
566,849.9039
567,703.4533
568,830.232
569,737.4193
570,304.67535
571,680.5698
572,706.71625
573,704.54626
574,678.4755
575,750.5338
576,740.89197
577,400.78043
578,753.4401
579,791.0766
580,748.04663
581,715.4989
582,734.2513
583,743.7004
584,704.41315
585,789.59064
586,711.41547
587,776.3785
588,741.1893
589,690.8775
590,671.57904
591,744.5033
592,750.83685
593,297.30164
594,688.2766
595,697.7955
596,702.51263
597,712.33875
598,849.4102
599,678.1804
600,704.2758
601,701.6774
602,758.23206
603,850.48505
604,770.28656
605,184.12686
606,295.02615
607,753.44336
608,685.2709
609,751.4708
610,704.63116
611,712.19305
612,545.0564
613,699.5555
614,748.86456
615,843.8256
616,705.3589
617,707.934
618,706.7328
619,292.90433
620,749.4923
621,718.8337
622,298.31628
623,681.31213
624,481.77322
625,842.4144
626,737.31055
627,702.61847
628,730.6701
629,723.64886
630,217.59126
631,742.3815
632,687.5976
633,700.14465
634,753.87555
635,679.103
636,677.5613
637,732.2477
638,738.7789
639,693.3585
640,683.0627
641,686.3232
642,298.39337
643,299.27332
644,702.95654
645,776.2875
646,726.7317
647,696.2942
648,682.84314
649,692.25635
650,228.63933
651,401.88037
652,680.04346
653,702.2356
654,251.9253
655,690.9621
656,711.8582
657,687.59265
658,742.82556
659,843.22144
660,704.9279
661,291.3752
662,695.77014
663,398.69864
664,724.362
665,685.1669
666,773.09924
667,849.5458
668,719.929
669,770.4365
670,710.9137
671,399.38162
672,671.55707
673,770.3637
674,852.3262
675,751.6586
676,401.22925
677,698.5484
678,706.149
679,403.81882
680,682.5866
681,742.7699
682,850.9265
683,675.9742
684,742.3761
685,406.493
686,753.2198
687,720.93396
688,718.89526
689,414.22842
690,720.9556
691,722.6821
692,297.4396
693,704.48016
694,682.9824
695,728.8897
696,679.5538
697,749.0655
698,739.10223
699,710.641
700,747.6317
701,722.52716
702,774.5199
703,720.84424
704,299.2822
705,683.87195
706,544.95544
707,297.10248
708,746.86
709,698.0438
710,723.1077
711,738.9246
712,677.9007
713,849.4879
714,721.514
715,676.9514
716,732.3699
717,684.60095
718,671.3642
719,744.86914
720,678.1252
721,689.1704
722,742.7563
723,158.85056
724,683.875
725,695.1719
726,707.27
727,693.566
728,706.86584
729,394.51215
730,683.22784
731,302.13245
732,690.2308
733,713.0998
734,500.58395
735,731.13776
736,400.5029
737,745.5386
738,694.4689
739,296.14795
740,703.9551
741,841.00085
742,297.6087
743,720.50635
744,678.681
745,298.27234
746,707.4241
747,702.2984
748,712.2248
749,682.5887
750,720.04944
751,841.9953
752,406.62555
753,254.7399
754,703.6484
755,292.41678
756,685.6252
757,168.93404
758,694.0009
759,251.14172
760,404.8802
761,849.6153
762,389.79044
763,757.6786
764,297.82196
765,735.6651
766,781.3785
767,774.0657
768,744.5724
769,694.64685
770,684.78577
771,391.0952
772,694.4149
773,716.68854
774,400.35977
775,393.59503
776,749.556
777,703.613
778,399.5255
779,739.6004
780,404.09555
781,400.2359
782,678.369
783,748.0311
784,746.75854
785,698.4508
786,747.8143
787,296.50327
788,405.04446
789,399.8559
790,715.12134
791,781.25116
792,686.247
793,748.70276
794,484.91785
795,741.0239
796,689.89636
797,705.3089
798,753.7459
799,732.5523
800,681.2087
801,624.96405
802,701.9479
803,669.724
804,706.29584
805,692.31006
806,688.3014
807,694.88934
808,845.94745
809,701.8914
810,738.48016
811,542.31213
812,701.3556
813,293.62634
814,396.36844
815,702.25684
816,783.66626
817,700.9653
818,728.5301
819,842.1185
820,226.83304
821,722.52167
822,703.7168
823,675.7501
824,404.90506
825,301.38043
826,737.9563
827,769.033
828,535.5281
829,742.63495
830,300.0219
831,743.73346
832,734.80853
833,270.80646
834,740.23175
835,716.6157
836,841.6231
837,734.5875
838,733.13965
839,399.6166
840,742.8691
841,848.5845
842,715.65485
843,734.65466
844,723.24316
845,743.9021
846,396.51767
847,397.37683
848,699.88354
849,253.84666
850,710.5275
851,399.58157
852,744.9263
853,313.5927
854,295.17426
855,735.04895
856,720.9395
857,743.1842
858,703.624
859,846.9302
860,726.1289
861,398.54956
862,842.05414
863,395.2519
864,707.013
865,186.20326
866,404.10736
867,730.7616
868,181.60481
869,747.1433
870,498.1753
871,734.1507
872,700.6633
873,728.81946
874,298.88
875,705.35974
876,777.0547
877,682.8467
878,679.24225
879,685.95886
880,401.39066
881,397.249
882,176.34007
883,717.6425
884,724.7406
885,720.90784
886,682.66986
887,691.5762
888,694.9889
889,742.1101
890,672.0989
891,752.94824
892,750.2567
893,254.39537
894,409.683
895,683.1817
896,397.66483
897,686.4354
898,705.15027
899,710.79456
900,718.13074
901,695.87787
902,404.18307
903,679.81165
904,526.3284
905,847.15106
906,696.51135
907,732.6953
908,399.51492
909,766.7275
910,218.64734
911,683.1164
912,690.68024
913,409.8419
914,725.3369
915,709.01654
916,677.55316
917,702.90283
918,845.82117
919,712.4284
920,676.942
921,175.90811
922,400.75674
923,774.5877
924,725.95544
925,301.69827
926,278.51575
927,678.0858
928,400.09534
929,847.0683
930,679.82355
931,701.86975
932,667.0313
933,722.85864
934,395.46997
935,163.55394
936,743.95154
937,684.7359
938,713.3669
939,680.63306
940,397.33038
941,401.31903
942,718.6074
943,306.33783
944,753.24164
945,407.08945
946,677.67255
947,714.48773
948,746.11456
949,850.32935
950,298.12457
951,724.2718
952,745.34503
953,729.30865
954,403.7633
955,721.1199
956,684.12573
957,679.5171
958,709.49506
959,753.19556
960,698.083
961,717.03894
962,392.94467
963,711.96967
964,701.9078
965,731.6725
966,401.72012
967,688.405
968,200.74448
969,682.966
970,741.7718
971,720.9817
972,722.64984
973,296.91492
974,710.3417
975,405.13983
976,292.77988
977,676.788
978,725.43427
979,733.5271
980,293.91278
981,308.23056
982,737.5616
983,736.2315
984,540.5398
985,707.1722
986,817.44934
987,731.2185
988,297.5827
989,769.517
990,702.2722
991,710.8349
992,392.5351
993,746.0956
994,717.4467
995,403.12997
996,698.32825
997,748.6956
998,300.36414
999,406.41272
1000,691.5529
1001,397.91946
1002,703.1635
1003,683.6073
1004,483.71378
1005,806.81085
1006,708.11224
1007,752.2746
1008,849.5079
1009,683.9048
1010,725.383
1011,685.05554
1012,739.1419
1013,720.17084
1014,699.573
1015,681.0849
1016,299.81516
1017,703.4825
1018,376.05594
1019,399.25946
1020,390.64743
1021,703.1643
1022,766.3104
1023,708.19867
1024,532.88727
1025,720.4904
1026,734.4742
1027,682.7665
1028,542.0241
1029,400.31955
1030,706.3681
1031,702.9483
1032,851.4061
1033,748.0642
1034,299.12225
1035,748.28784
1036,307.40118
1037,681.74445
1038,676.062
1039,693.8241
1040,713.4084
1041,407.24393
1042,848.60077
1043,392.55066
1044,406.52533
1045,404.4348
1046,710.56934
1047,365.9867
1048,291.07153
1049,704.9847
1050,294.9445
1051,712.98376
1052,731.55505
1053,726.899
1054,720.3811
1055,730.3725
1056,683.4142
1057,401.46606
1058,713.82275
1059,748.6569
1060,298.70435
1061,703.5953
1062,712.76483
1063,716.44867
1064,681.467
1065,402.01437
1066,752.58875
1067,689.73883
1068,299.31995
1069,703.144
1070,708.69495
1071,679.0794
1072,680.65454
1073,733.29565
1074,733.2893
1075,701.93945
1076,298.99365
1077,749.01556
1078,300.08167
1079,851.5501
1080,234.94087
1081,686.3607
1082,525.8056
1083,663.3331
1084,723.1803
1085,750.70886
1086,298.96225
1087,500.19528
1088,679.6014
1089,591.8358
1090,183.52328
1091,729.40125
1092,772.66736
1093,695.1846
1094,730.13745
1095,751.4501
1096,693.85645
1097,234.57716
1098,731.0964
1099,692.84015
1100,296.2495
1101,743.9002
1102,704.39703
1103,739.50684
1104,772.846
1105,182.08127
1106,197.28804
1107,688.18475
1108,660.3513
1109,756.59283
1110,738.00214
1111,680.31274
1112,685.7533
1113,801.9462
1114,735.50964
1115,677.31
1116,298.41046
1117,723.11884
1118,734.85095
1119,296.1322
1120,298.803
1121,297.58173
1122,767.7125
1123,402.05228
1124,699.39996
1125,710.41943
1126,188.88583
1127,181.90996
1128,807.01276
1129,398.31396
1130,739.1401
1131,725.8329
1132,686.8972
1133,718.4172
1134,394.86063
1135,403.28992
1136,526.88544
1137,299.7484
1138,696.6335
1139,701.4321
1140,685.2855
1141,748.64545
1142,711.43823
1143,759.0458
1144,713.7956
1145,679.70215
1146,720.69196
1147,683.7208
1148,498.83435
1149,701.8721
1150,843.4503
1151,700.96326
1152,685.797
1153,233.07872
1154,687.8451
1155,545.3513
1156,839.1617
1157,688.3457
1158,776.185
1159,290.34152
1160,671.7681
1161,704.9196
1162,318.95422
1163,722.1838
1164,750.70593
1165,706.4297
1166,725.8411
1167,704.08276
1168,398.2555
1169,688.8165
1170,699.1241
1171,404.50757
1172,732.12506
1173,710.4812
1174,712.9722
1175,727.0191
1176,308.8962
1177,741.4298
1178,680.79596
1179,750.2798
1180,255.89357
1181,719.0877
1182,289.91864
1183,736.10767
1184,740.6022
1185,847.6305
1186,693.89954
1187,853.15234
1188,752.1925
1189,707.76044
1190,154.33186
1191,731.2589
1192,691.9373
1193,222.39021
1194,730.34314
1195,678.61115
1196,781.3777
1197,722.7076
1198,680.4004
1199,405.30197
1200,706.85815
1201,255.674
1202,407.61282
1203,400.66373
1204,709.42285
1205,680.79645
1206,690.3479
1207,737.51416
1208,567.2119
1209,669.72406
1210,176.1229
1211,848.5841
1212,260.84174
1213,721.19415
1214,402.97778
1215,757.60205
1216,713.79755
1217,702.6654
1218,784.97675
1219,733.3116
1220,779.0494
1221,695.4044
1222,406.73337
1223,291.55725
1224,705.52454
1225,766.8935
1226,684.1075
1227,285.88434
1228,699.31793
1229,404.2821
1230,705.64514
1231,679.5514
1232,677.1733
1233,705.98444
1234,681.27
1235,709.8089
1236,704.3776
1237,744.2821
1238,411.65735
1239,279.27075
1240,732.3233
1241,743.2895
1242,712.5984
1243,680.55304
1244,401.8986
1245,707.67334
1246,401.60733
1247,227.65645
1248,727.2786
1249,692.4536
1250,417.40787
1251,403.24734
1252,758.2496
1253,413.47388
1254,704.8966
1255,736.1115
1256,677.52594
1257,406.2688
1258,706.2699
1259,753.66815
1260,730.63446
1261,184.0251
1262,752.1867
1263,404.0961
1264,693.12134
1265,732.1692
1266,401.80368
1267,719.71466
1268,698.4105
1269,745.47437
1270,716.4564
1271,682.79333
1272,389.36923
1273,682.44525
1274,398.665
1275,758.0005
1276,712.386
1277,686.70825
1278,681.01965
1279,746.7715
1280,750.96765
1281,738.0528
1282,180.41957
1283,753.7646
1284,179.33324
1285,724.2838
1286,680.3136
1287,694.9316
1288,703.2772
1289,681.9422
1290,702.26355
1291,720.74097
1292,237.81026
1293,708.63293
1294,690.47144
1295,851.42316
1296,702.6613
1297,402.31195
1298,749.3006
1299,750.1468
1300,695.1662
1301,718.96606
1302,743.27686
1303,698.637
1304,734.11224
1305,175.90811
1306,321.45352
1307,529.27844
1308,393.41556
1309,751.73004
1310,404.57733
1311,398.17773
1312,720.3809
1313,709.5824
1314,785.6484
1315,405.026
1316,856.8537
1317,780.90845
1318,661.0022
1319,675.5955
1320,698.09607
1321,702.41296
1322,732.74097
1323,402.7986
1324,733.1735
1325,696.4325
1326,666.09595
1327,699.84283
1328,682.9038
1329,736.40533
1330,759.13824
1331,845.5793
1332,732.32684
1333,717.1333
1334,702.52814
1335,703.0651
1336,850.01697
1337,525.826
1338,297.70685
1339,677.38043
1340,726.5126
1341,696.0936
1342,573.2544
1343,704.2909
1344,708.7845
1345,702.73566
1346,720.6149
1347,676.5677
1348,660.8279
1349,736.58484
1350,681.9372
1351,732.01013
1352,403.55893
1353,402.95917
1354,841.83954
1355,254.43109
1356,844.21655
1357,682.1122
1358,737.27954
1359,752.0843
1360,682.5849
1361,759.1094
1362,730.3699
1363,682.22424
1364,682.2418
1365,682.1078
1366,716.60315
1367,724.6563
1368,753.096
1369,403.31375
1370,730.2037
1371,744.6278
1372,714.85425
1373,720.4724
1374,396.39752
1375,722.3849
1376,688.12036
1377,704.6094
1378,698.0187
1379,681.50824
1380,723.21814
1381,293.86682
1382,728.0398
1383,701.397
1384,702.70355
1385,702.56323
1386,684.14874
1387,523.2238
1388,707.6257
1389,721.0165
1390,691.0201
1391,176.6461
1392,711.39105
1393,717.44476
1394,718.34503
1395,295.4454
1396,744.1223
1397,687.3897
1398,310.1103
1399,734.12305
1400,726.69293
1401,701.4335
1402,685.3536
1403,762.664
1404,395.9338
1405,549.5813
1406,714.0429
1407,401.92792
1408,712.25885
1409,546.3922
1410,744.04486
1411,293.38928
1412,712.91724
1413,713.1073
1414,669.7613
1415,843.8653
1416,714.73816
1417,698.3674
1418,682.075
1419,706.0213
1420,736.41223
1421,722.85016
1422,393.21286
1423,715.8451
1424,749.5229
1425,707.222
1426,399.7431
1427,690.6357
1428,263.00632
1429,704.3267
1430,765.3745
1431,170.03864
1432,747.08
1433,767.4564
1434,828.073
1435,731.3003
1436,403.02182
1437,679.65594
1438,732.9574
1439,735.234
1440,682.8177
1441,732.0274
1442,399.71643
1443,844.8557
1444,729.6567
1445,296.62598
1446,736.0431
1447,723.1956
1448,749.93646
1449,707.3712
1450,689.1807
1451,835.62445
1452,746.7284
1453,705.7365
1454,297.1504
1455,305.86868
1456,677.7809
1457,714.35754
1458,682.9289
1459,704.50775
1460,734.46857
1461,748.4362
1462,698.6083
1463,402.8715
1464,297.0179
1465,254.38802
1466,835.8833
1467,850.61945
1468,722.7257
1469,718.0628
1470,406.33295
1471,705.05634
1472,397.63446
1473,401.47156
1474,702.10364
1475,706.38104
1476,277.76715
1477,757.4217
1478,716.3001
1479,225.77084
1480,705.44946
1481,683.03143
1482,292.37778
1483,713.0805
1484,701.4841
1485,662.65826
1486,734.5595
1487,719.313
1488,757.0139
1489,702.7493
1490,847.85876
1491,703.129
1492,730.6594
1493,387.256
1494,298.93628
1495,694.9202
1496,719.5214
1497,746.52295
1498,784.10925
1499,304.56995
1500,708.3901
1501,845.88336
1502,297.82144
1503,708.9374
1504,239.19878
1505,298.40488
1506,720.92145
1507,726.0105
1508,710.7959
1509,400.17297
1510,674.93164
1511,718.5855
1512,685.66455
1513,302.80798
1514,168.63768
1515,691.4663
1516,719.0452
1517,304.53693
1518,713.38055
1519,684.3849
1520,744.0292
1521,401.4303
1522,712.6353
1523,794.10767
1524,679.1902
1525,730.919
1526,719.407
1527,718.9053
1528,682.99304
1529,735.8262
1530,726.4129
1531,743.11816
1532,669.0256
1533,702.77454
1534,492.8566
1535,737.9319
1536,397.7571
1537,705.4933
1538,684.6333
1539,256.57394
1540,746.2015
1541,699.4124
1542,286.4813
1543,746.7183
1544,730.9676
1545,682.73047
1546,711.6036
1547,175.90811
1548,395.8695
1549,715.6397
1550,754.101
1551,707.0438
1552,672.547
1553,689.83215
1554,764.4311
1555,679.78516
1556,510.6123
1557,702.5088
1558,683.83704
1559,709.1297
1560,685.0734
1561,299.42978
1562,732.14026
1563,402.85538
1564,674.60443
1565,710.1963
1566,298.77554
1567,736.81793
1568,750.87415
1569,706.5931
1570,680.4421
1571,721.51135
1572,772.35175
1573,372.89917
1574,846.9527
1575,243.68001
1576,401.57773
1577,706.28613
1578,187.73193
1579,682.356
1580,682.3589
1581,747.47644
1582,285.22388
1583,312.9978
1584,734.3999
1585,406.1339
1586,701.41656
1587,740.46423
1588,672.93036
1589,735.96564
1590,298.97235
1591,736.6029
1592,834.12933
1593,703.48114
1594,745.8823
1595,748.2994
1596,400.56415
1597,749.7517
1598,734.25903
1599,716.63354
1600,678.5408
1601,677.96124
1602,717.1855
1603,714.69086
1604,705.83826
1605,701.78986
1606,298.75177
1607,394.79288
1608,712.0857
1609,719.6409
1610,398.3154
1611,697.1326
1612,679.2612
1613,700.6644
1614,717.9393
1615,672.7536
1616,679.05774
1617,697.8398
1618,702.0021
1619,233.88329
1620,684.08435
1621,298.9732
1622,234.66347
1623,686.3529
1624,686.12524
1625,403.3728
1626,678.33307
1627,727.917
1628,726.7441
1629,713.1475
1630,728.5697
1631,732.1393
1632,710.73834
1633,698.87787
1634,736.89777
1635,747.11914
1636,742.15906
1637,406.73834
1638,247.62737
1639,701.36273
1640,738.2886
1641,173.01866
1642,737.6023
1643,299.054
1644,734.95087
1645,744.9102
1646,702.62286
1647,718.9567
1648,715.06256
1649,703.09314
1650,697.775
1651,847.7652
1652,735.4293
1653,235.21707
1654,723.34656
1655,401.04547
1656,696.74243
1657,685.90674
1658,720.28015
1659,721.2115
1660,281.12442
1661,730.0893
1662,742.70215
1663,711.1219
1664,692.8626
1665,730.03937
1666,692.73517
1667,291.32513
1668,852.573
1669,731.08295
1670,699.8262
1671,784.5085
1672,690.685
1673,679.24976
1674,695.77783
1675,735.8996
1676,721.31854
1677,705.88745
1678,713.44147
1679,401.71613
1680,696.5378
1681,705.36884
1682,741.1248
1683,724.5028
1684,695.9643
1685,703.9768
1686,294.3615
1687,729.67566
1688,378.4247
1689,722.5662
1690,746.78125
1691,733.85944
1692,748.48865
1693,846.11566
1694,697.635
1695,299.25693
1696,239.98409
1697,715.9853
1698,666.1684
1699,669.3507
1700,704.7665
1701,666.19714
1702,404.5617
1703,238.7576
1704,297.1919
1705,666.60254
1706,733.1188
1707,848.2245
1708,847.54346
1709,740.3986
1710,397.6498
1711,681.0911
1712,731.7942
1713,686.5153
1714,682.3607
1715,402.51392
1716,734.03064
1717,700.2606
1718,703.7912
1719,734.80225
1720,715.48456
1721,698.34735
1722,244.67552
1723,683.03735
1724,840.634
1725,797.7962
1726,725.8639
1727,373.74207
1728,709.74335
1729,680.13074
1730,718.18384
1731,712.3515
1732,702.72644
1733,701.8141
1734,752.62036
1735,748.1186
1736,706.47986
1737,158.55748
1738,678.10315
1739,702.3493
1740,739.5088
1741,732.00323
1742,703.93176
1743,734.9762
1744,235.21707
1745,704.5322
1746,724.40497
1747,299.2627
1748,730.08734
1749,849.65485
1750,407.43393
1751,707.9889
1752,296.44012
1753,586.45
1754,704.3807
1755,724.41125
1756,842.6199
1757,178.96474
1758,747.70514
1759,782.49493
1760,719.42114
1761,700.4006
1762,839.02344
1763,757.7719
1764,702.7783
1765,742.98627
1766,845.5012
1767,404.34006
1768,715.77924
1769,682.38556
1770,743.2448
1771,702.1657
1772,734.2543
1773,396.79126
1774,278.8386
1775,403.7852
1776,849.0298
1777,684.4741
1778,298.88
1779,844.6152
1780,742.1897
1781,749.27783
1782,394.4491
1783,684.00287
1784,702.48846
1785,400.4044
1786,680.60895
1787,686.3843
1788,704.66864
1789,729.05176
1790,732.8943
1791,723.07214
1792,295.99814
1793,720.6758
1794,299.16367
1795,729.5058
1796,704.8809
1797,758.8763
1798,730.9117
1799,720.09894
1800,398.0598
1801,705.79846
1802,680.7373
1803,506.6626
1804,680.3081
1805,756.9405
1806,772.6479
1807,841.1237
1808,683.70355
1809,673.3799
1810,710.58453
1811,729.10364
1812,695.8898
1813,227.86275
1814,298.20218
1815,713.42114
1816,707.62
1817,719.4445
1818,689.63513
1819,628.21985
1820,729.7101
1821,300.20767
1822,725.2403
1823,680.4058
1824,699.49133
1825,683.8198
1826,743.0137
1827,703.02386
1828,846.2327
1829,695.14624
1830,733.33624
1831,720.49536
1832,692.27106
1833,711.6844
1834,402.65256
1835,687.1952
1836,705.55774
1837,707.2161
1838,297.15833
1839,395.7354
1840,786.122
1841,405.2563
1842,703.8318
1843,747.33856
1844,701.07214
1845,772.527
1846,733.1255
1847,677.86896
1848,176.72464
1849,744.5303
1850,683.93036
1851,703.42847
1852,698.0006
1853,719.7403
1854,729.0202
1855,677.65894
1856,689.7505
1857,728.9548
1858,688.9571
1859,172.60799
1860,696.77423
1861,842.48047
1862,235.13148
1863,730.17334
1864,401.401
1865,648.94775
1866,678.59204
1867,402.254
1868,692.1318
1869,679.8334
1870,681.8848
1871,765.43945
1872,295.02615
1873,679.68494
1874,729.0379
1875,295.25043
1876,745.53955
1877,726.05115
1878,723.75714
1879,742.8844
1880,735.38214
1881,682.9968
1882,683.7238
1883,688.04456
1884,567.73376
1885,698.6294
1886,331.6222
1887,675.2399
1888,749.7906
1889,236.7311
1890,690.59576
1891,704.2091
1892,748.16455
1893,746.483
1894,847.439
1895,685.25665
1896,736.84033
1897,697.903
1898,802.32196
1899,690.5183
1900,838.0551
1901,691.8783
1902,726.7096
1903,836.9442
1904,392.1945
1905,702.7746
1906,682.21967
1907,403.40536
1908,705.9755
1909,707.24524
1910,696.11835
1911,847.8814
1912,298.87244
1913,694.1869
1914,689.44543
1915,736.14404
1916,662.003
1917,682.3293
1918,766.88165
1919,727.9337
1920,731.2534
1921,700.56067
1922,395.5585
1923,706.74036
1924,684.6213
1925,729.38434
1926,307.04346
1927,772.1911
1928,394.27768
1929,724.1431
1930,296.15784
1931,731.84454
1932,683.1839
1933,401.50558
1934,701.0519
1935,295.54596
1936,702.8442
1937,685.6202
1938,255.1181
1939,703.27075
1940,497.0116
1941,704.4646
1942,399.57773
1943,728.91425
1944,405.97168
1945,780.22156
1946,668.0353
1947,548.3651
1948,701.7325
1949,701.1224
1950,737.9842
1951,722.72186
1952,303.21765
1953,742.6345
1954,718.62756
1955,741.47986
1956,702.17755
1957,714.4119
1958,730.6086
1959,710.7254
1960,697.0055
1961,720.03973
1962,704.63776
1963,735.6123
1964,406.18497
1965,698.9077
1966,678.93256
1967,226.79315
1968,400.41342
1969,720.63043
1970,294.40732
1971,296.7928
1972,748.0372
1973,304.49213
1974,751.89
1975,748.6712
1976,282.97382
1977,757.4458
1978,713.4281
1979,691.7207
1980,686.4365
1981,852.38763
1982,700.89044
1983,297.49088
1984,405.3593
1985,751.1796
1986,402.0973
1987,401.8143
1988,713.23364
1989,713.2297
1990,400.12384
1991,739.54
1992,318.14185
1993,301.1552
1994,853.1297
1995,708.1809
1996,745.48334
1997,707.90576
1998,735.27045
1999,695.9666
2000,398.0441
2001,406.92303
2002,852.11633
2003,708.6589
2004,764.5814
2005,400.59753
2006,772.4163
2007,261.7254
2008,657.7523
2009,732.702
2010,851.19543
2011,392.86053
2012,500.08792
2013,782.60236
2014,681.1428
2015,849.0332
2016,716.2973
2017,774.5229
2018,701.32544
2019,710.8416
2020,722.8067
2021,748.86615
2022,295.26657
2023,687.96
2024,709.59094
2025,706.8784
2026,296.9855
2027,721.9258
2028,671.6713
2029,724.09814
2030,744.6429
2031,744.0293
2032,705.41296
2033,684.12726
2034,679.84985
2035,730.6949
2036,702.8561
2037,684.6273
2038,780.2948
2039,293.48593
2040,766.91846
2041,777.41986
2042,721.4657
2043,740.63385
2044,679.5426
2045,679.5678
2046,703.6749
2047,698.3129
2048,402.14807
2049,706.6952
2050,698.19104
2051,546.77454
2052,706.3696
2053,572.4753
2054,721.5112
2055,704.95575
2056,706.7256
2057,295.81775
2058,399.43573
2059,221.40388
2060,746.7779
2061,678.72046
2062,843.18585
2063,705.8097
2064,752.0012
2065,301.90216
2066,239.98116
2067,690.22266
2068,708.3374
2069,307.96152
2070,301.55948
2071,759.17346
2072,329.90765
2073,687.9077
2074,378.57855
2075,403.8965
2076,673.9893
2077,678.5768
2078,683.7307
2079,723.7352
2080,559.5035
2081,402.745
2082,693.4109
2083,254.15636
2084,428.45163
2085,714.58044
2086,701.9601
2087,405.67462
2088,728.944
2089,401.5111
2090,736.1713
2091,398.07852
2092,699.8803
2093,727.3183
2094,680.5285
2095,771.95496
2096,707.6326
2097,727.3761
2098,680.17
2099,453.19513
2100,709.7304
2101,724.5713
2102,685.3471
2103,402.22784
2104,750.95575
2105,729.96594
2106,699.69147
2107,738.8964
2108,762.5095
2109,750.3957
2110,708.3199
2111,743.42883
2112,676.48846
2113,302.5816
2114,294.11072
2115,714.53
2116,401.41357
2117,742.59863
2118,677.98895
2119,699.8691
2120,689.5398
2121,670.52057
2122,547.82825
2123,400.60477
2124,710.2766
2125,684.58545
2126,704.9899
2127,842.67847
2128,671.9224
2129,688.9268
2130,703.1239
2131,711.3521
2132,712.81805
2133,705.74036
2134,704.74884
2135,405.05832
2136,307.99622
2137,399.58185
2138,680.53546
2139,485.50507
2140,394.94055
2141,699.1023
2142,254.59775
2143,172.40787
2144,705.82074
2145,752.5064
2146,682.2542
2147,706.1529
2148,713.1301
2149,724.35626
2150,673.58105
2151,686.0767
2152,727.83435
2153,772.2997
2154,734.50714
2155,670.316
2156,714.0498
2157,702.01025
2158,737.8193
2159,736.84784
2160,684.0132
2161,691.16736
2162,848.89044
2163,703.4437
2164,733.92035
2165,733.2555
2166,676.19946
2167,849.0136
2168,695.44037
2169,543.43427
2170,845.80066
2171,751.62744
2172,760.2818
2173,751.12054
2174,392.58194
2175,679.82904
2176,709.629
2177,715.10333
2178,717.8669
2179,689.2199
2180,272.93777
2181,849.407
2182,680.18945
2183,746.5887
2184,686.3158
2185,681.9118
2186,299.35574
2187,749.973
2188,712.4678
2189,730.1702
2190,698.2293
2191,745.84845
2192,405.90518
2193,703.0126
2194,706.97626
2195,701.61316
2196,728.82825
2197,402.8786
2198,735.30756
2199,714.558
2200,400.57578
2201,701.3662
2202,442.0739
2203,175.65451
2204,704.2872
2205,704.1444
2206,727.07733
2207,731.4526
2208,733.5781
2209,749.99915
2210,173.01866
2211,508.76138
2212,698.8902
2213,735.36383
2214,679.45667
2215,709.0288
2216,703.0767
2217,746.5428
2218,703.56665
2219,851.33527
2220,679.65674
2221,780.10864
2222,693.9756
2223,720.0036
2224,703.6318
2225,705.8942
2226,709.21405
2227,694.43427
2228,401.18335
2229,751.7819
2230,725.5372
2231,695.0329
2232,846.02094
2233,732.9406
2234,746.07245
2235,404.75314
2236,269.3879
2237,794.1022
2238,700.0765
2239,725.0091
2240,462.19186
2241,733.68024
2242,707.8453
2243,718.05304
2244,805.59784
2245,719.2775
2246,730.6329
2247,745.8818
2248,701.647
2249,696.9364
2250,714.1084
2251,739.8991
2252,234.01549
2253,755.72906
2254,687.11456
2255,728.35785
2256,297.65436
2257,740.44415
2258,749.69763
2259,750.9387
2260,402.7845
2261,695.5125
2262,757.3817
2263,171.84598
2264,845.39795
2265,301.36417
2266,683.8713
2267,701.9245
2268,679.74225
2269,720.27454
2270,692.1919
2271,404.82663
2272,752.431
2273,720.9008
2274,306.60248
2275,686.22156
2276,749.72034
2277,699.9191
2278,846.2719
2279,753.7189
2280,771.35864
2281,399.01666
2282,396.80872
2283,333.76974
2284,690.7941
2285,732.4402
2286,397.9207
2287,716.42084
2288,680.28534
2289,294.86475
2290,750.0334
2291,703.0475
2292,759.3605
2293,744.11584
2294,699.6874
2295,298.72433
2296,678.30115
2297,751.6113
2298,804.09625
2299,687.1131
2300,747.05457
2301,696.09503
2302,755.2078
2303,404.22757
2304,737.0444
2305,678.37775
2306,740.3169
2307,401.1639
2308,671.78064
2309,704.30383
2310,708.5769
2311,719.482
2312,841.5114
2313,760.9719
2314,685.5783
2315,702.28235
2316,678.04266
2317,395.1934
2318,762.247
2319,731.1062
2320,705.88983
2321,729.5106
2322,283.6547
2323,704.2295
2324,688.6423
2325,398.91718
2326,295.4609
2327,722.98267
2328,680.7432
2329,766.39136
2330,298.1412
2331,402.38065
2332,770.894
2333,705.0158
2334,302.54166
2335,743.23566
2336,682.73346
2337,296.47177
2338,718.4419
2339,719.3632
2340,732.17377
2341,300.85416
2342,377.92056
2343,743.36847
2344,732.62756
2345,448.6988
2346,726.675
2347,708.35156
2348,710.0695
2349,682.34814
2350,622.1788
2351,700.6597
2352,747.57697
2353,703.5505
2354,401.78247
2355,845.6135
2356,678.2185
2357,846.63226
2358,678.8458
2359,538.2085
2360,393.98306
2361,751.7883
2362,696.20447
2363,295.4192
2364,752.5266
2365,708.64325
2366,705.11035
2367,720.43536
2368,697.35657
2369,667.6035
2370,845.90186
2371,294.0036
2372,679.6104
2373,697.8555
2374,541.3048
2375,696.2482
2376,726.1251
2377,401.4728
2378,392.75314
2379,418.47205
2380,679.5299
2381,683.81
2382,682.5405
2383,156.58138
2384,294.22867
2385,395.20447
2386,297.25067
2387,398.8245
2388,700.1373
2389,849.4567
2390,728.09485
2391,843.8959
2392,177.74907
2393,720.11676
2394,751.71533
2395,252.89113
2396,297.7057
2397,295.79297
2398,679.202
2399,681.5435
2400,752.1215
2401,849.48737
2402,742.85
2403,700.8256
2404,728.16
2405,402.91644
2406,445.20032
2407,172.35931
2408,710.9472
2409,175.6288
2410,764.50287
2411,725.04834
2412,715.9972
2413,738.5227
2414,297.8576
2415,719.8448
2416,730.8699
2417,687.8149
2418,759.14795
2419,755.7639
2420,509.46725
2421,401.34485
2422,717.1158
2423,549.7652
2424,737.82666
2425,736.2413
2426,798.0289
2427,739.19135
2428,784.9035
2429,526.7786
2430,699.4866
2431,719.2363
2432,727.9505
2433,711.0478
2434,709.50757
2435,682.5261
2436,299.03842
2437,712.9568
2438,299.42322
2439,720.7849
2440,667.16705
2441,718.96173
2442,723.1934
2443,302.96655
2444,702.09607
2445,755.8324
2446,733.35815
2447,706.81165
2448,404.2433
2449,848.8391
2450,702.5854
2451,709.23035
2452,689.50775
2453,693.72235
2454,734.8344
2455,739.8334
2456,734.8875
2457,682.1866
2458,301.11322
2459,677.4903
2460,750.06793
2461,781.2169
2462,723.8234
2463,697.75085
2464,680.23145
2465,685.53235
2466,759.52515
2467,710.5585
2468,297.6162
2469,692.3128
2470,718.33417
2471,403.10352
2472,698.68787
2473,685.59125
2474,368.14484
2475,399.77887
2476,735.4942
2477,841.2883
2478,297.66904
2479,847.6384
2480,721.0386
2481,723.49756
2482,701.7401
2483,842.2837
2484,400.3463
2485,229.35536
2486,698.9002
2487,719.46234
2488,299.46536
2489,703.8562
2490,753.0226
2491,721.21356
2492,410.24078
2493,696.61597
2494,274.23755
2495,298.24313
2496,681.0527
2497,723.8766
2498,688.1594
2499,299.52994
2500,773.1772
2501,301.99164
2502,395.62305
2503,226.90486
2504,294.62473
2505,746.44403
2506,746.8724
2507,726.9187
2508,673.6831
2509,681.36664
2510,301.2019
2511,845.7813
2512,715.1915
2513,698.42804
2514,835.7227
2515,699.29364
2516,847.05975
2517,708.3748
2518,299.4389
2519,771.3698
2520,699.69385
2521,731.83984
2522,703.4393
2523,803.4372
2524,735.2742
2525,669.20856
2526,726.44244
2527,301.26724
2528,693.23
2529,753.60876
2530,678.60547
2531,401.17087
2532,725.19147
2533,403.55185
2534,712.5396
2535,744.86346
2536,739.2329
2537,773.2204
2538,719.5424
2539,306.98264
2540,705.8549
2541,844.41113
2542,743.1322
2543,703.8447
2544,746.3017
2545,733.0378
2546,841.16815
2547,678.38586
2548,712.13025
2549,748.89417
2550,746.3619
2551,561.4392
2552,401.78894
2553,395.34137
2554,694.95306
2555,710.7544
2556,403.1815
2557,724.9634
2558,684.9024
2559,735.18195
2560,683.3254
2561,728.4456
2562,294.99557
2563,298.30682
2564,750.87994
2565,299.23483
2566,693.5001
2567,680.62744
2568,680.78345
2569,393.17688
2570,836.0359
2571,682.0439
2572,704.60956
2573,702.88776
2574,729.8901
2575,172.40787
2576,718.78156
2577,696.0939
2578,742.026
2579,703.5601
2580,400.3713
2581,730.0932
2582,782.15924
2583,728.25433
2584,702.36566
2585,752.1414
2586,678.1186
2587,397.94086
2588,497.56003
2589,176.6461
2590,733.9658
2591,704.0856
2592,683.2785
2593,675.0026
2594,696.1383
2595,398.45413
2596,716.55597
2597,744.43695
2598,299.5339
2599,699.57574
2600,743.19794
2601,724.0693
2602,397.94592
2603,706.41986
2604,398.59418
2605,673.7131
2606,676.4103
2607,725.32007
2608,681.4419
2609,707.88776
2610,730.78235
2611,688.9357
2612,295.30923
2613,700.64557
2614,684.7087
2615,729.9793
2616,700.7207
2617,385.86795
2618,727.8598
2619,745.8632
2620,403.2041
2621,771.17004
2622,740.79047
2623,684.164
2624,722.10284
2625,732.4818
2626,691.82574
2627,722.1731
2628,409.43744
2629,702.972
2630,682.27655
2631,406.7801
2632,676.79443
2633,724.31116
2634,678.47516
2635,701.3471
2636,718.71704
2637,731.79486
2638,542.63574
2639,684.2835
2640,703.34344
2641,401.31024
2642,689.9203
2643,723.7618
2644,704.7031
2645,703.59875
2646,683.44446
2647,680.312
2648,700.57104
2649,296.39758
2650,703.4117
2651,730.6206
2652,720.8301
2653,733.2155
2654,405.17902
2655,733.3629
2656,717.2962
2657,703.39386
2658,697.41034
2659,703.85504
2660,742.96606
2661,752.421
2662,689.8164
2663,233.87685
2664,842.7813
2665,733.49725
2666,751.09235
2667,743.64087
2668,706.4954
2669,403.65033
2670,735.0436
2671,758.3424
2672,307.16254
2673,721.37494
2674,735.01495
2675,744.8936
2676,845.4074
2677,301.94348
2678,680.6455
2679,403.41162
2680,697.9014
2681,682.8155
2682,308.78592
2683,234.01549
2684,296.08487
2685,722.08826
2686,845.14233
2687,686.9875
2688,721.9802
2689,300.28134
2690,719.0887
2691,718.9752
2692,705.59436
2693,398.63925
2694,750.1322
2695,684.5407
2696,677.30457
2697,709.0468
2698,191.04504
2699,697.96893
2700,722.44653
2701,708.76965
2702,750.73926
2703,386.49646
2704,297.40836
2705,303.79065
2706,695.823
2707,753.21356
2708,704.7161
2709,728.1039
2710,735.6449
2711,712.4154
2712,697.83075
2713,705.69165
2714,739.6627
2715,686.89996
2716,770.54987
2717,699.9435
2718,294.9986
2719,705.0838
2720,722.69226
2721,763.5912
2722,379.0582
2723,734.095
2724,715.28723
2725,738.7998
2726,760.5878
2727,679.4364
2728,693.35144
2729,767.5556
2730,731.10034
2731,724.3485
2732,731.58997
2733,695.9347
2734,691.32434
2735,292.47815
2736,712.52606
2737,699.88684
2738,738.0412
2739,710.2007
2740,703.19556
2741,304.63156
2742,672.9462
2743,702.4314
2744,750.3552
2745,703.67883
2746,681.23645
2747,739.7845
2748,835.7929
2749,735.9301
2750,701.55475
2751,730.67737
2752,697.76337
2753,297.62134
2754,720.70447
2755,295.49744
2756,696.0658
2757,185.5411
2758,707.01056
2759,748.91
2760,392.1041
2761,721.3826
2762,845.43005
2763,397.77444
2764,308.51025
2765,663.9499
2766,700.7587
2767,750.4894
2768,754.6637
2769,706.2699
2770,402.0086
2771,707.93854
2772,683.1022
2773,183.27354
2774,685.3216
2775,394.51022
2776,705.973
2777,294.74622
2778,299.25232
2779,739.6117
2780,557.28735
2781,333.40747
2782,403.09265
2783,183.3877
2784,713.30835
2785,705.36194
2786,722.6382
2787,735.2161
2788,730.14923
2789,686.83966
2790,734.4016
2791,723.2817
2792,698.6152
2793,700.4774
2794,706.8301
2795,702.74426
2796,726.2493
2797,695.9315
2798,400.29044
2799,702.8613
2800,725.10376
2801,687.6767
2802,291.84445
2803,682.3701
2804,293.78363
2805,718.2836
2806,723.29706
2807,702.5235
2808,681.8139
2809,726.2974
2810,697.25574
2811,753.9902
2812,298.7466
2813,293.9807
2814,704.0872
2815,453.81546
2816,721.8932
2817,738.4811
2818,735.56866
2819,300.10486
2820,328.36664
2821,385.8216
2822,396.55545
2823,675.3671
2824,713.49146
2825,399.78473
2826,673.6142
2827,406.95795
2828,735.73315
2829,234.02602
2830,205.57541
2831,730.39075
2832,720.2055
2833,701.0861
2834,686.20935
2835,294.1502
2836,706.7567
2837,707.153
2838,847.1988
2839,681.71954
2840,664.4081
2841,665.17365
2842,408.17325
2843,673.60455
2844,679.0412
2845,681.19257
2846,532.9473
2847,849.8383
2848,297.69714
2849,735.05023
2850,740.0854
2851,699.6069
2852,713.44617
2853,707.2115
2854,736.7516
2855,690.1614
2856,771.33484
2857,709.2658
2858,700.55536
2859,398.66528
2860,771.71106
2861,735.4752
2862,783.017
2863,707.1936
2864,752.65643
2865,693.6594
2866,678.61115
2867,682.32416
2868,771.149
2869,684.279
2870,694.28766
2871,754.338
2872,718.6388
2873,295.281
2874,495.7711
2875,678.1269
2876,250.95555
2877,845.0669
2878,750.295
2879,754.7621
2880,753.5658
2881,403.91034
2882,703.9338
2883,685.65173
2884,716.9858
2885,725.4338
2886,405.55652
2887,295.12064
2888,756.53564
2889,702.67584
2890,713.80475
2891,407.09006
2892,743.8316
2893,712.031
2894,683.52277
2895,732.16595
2896,851.3052
2897,766.906
2898,387.4236
2899,175.80386
2900,705.2781
2901,699.8448
2902,679.3152
2903,704.5743
2904,681.2536
2905,700.44824
2906,396.6537
2907,290.8077
2908,704.8749
2909,840.0395
2910,750.3967
2911,836.95593
2912,340.8017
2913,706.9924
2914,719.3486
2915,679.6027
2916,770.6563
2917,401.98975
2918,687.8719
2919,730.7544
2920,237.81026
2921,708.3672
2922,738.1952
2923,297.9647
2924,713.0407
2925,750.94086
2926,686.3918
2927,729.17395
2928,698.07983
2929,743.67303
2930,737.9974
2931,333.34442
2932,318.5187
2933,400.07602
2934,691.8666
2935,736.70184
2936,296.85907
2937,845.5911
2938,377.21863
2939,305.52814
2940,847.36365
2941,725.8744
2942,682.86456
2943,369.9777
2944,406.8869
2945,709.21936
2946,748.0505
2947,708.8652
2948,712.73126
2949,679.48254
2950,683.8099
2951,408.4816
2952,752.6192
2953,293.44833
2954,704.11084
2955,702.6407
2956,714.5788
2957,709.69916
2958,722.8486
2959,666.8258
2960,730.1393
2961,761.45483
2962,719.86334
2963,716.1477
2964,728.51355
2965,686.8059
2966,707.52966
2967,397.74203
2968,712.4484
2969,393.2087
2970,679.21155
2971,751.5911
2972,718.2933
2973,845.9814
2974,295.52078
2975,295.3517
2976,277.41013
2977,189.98218
2978,695.22144
2979,400.2108
2980,731.2863
2981,836.46515
2982,722.15295
2983,582.76025
2984,779.08075
2985,462.83105
2986,757.9235
2987,733.5955
2988,403.82343
2989,764.0136
2990,741.8293
2991,304.91013
2992,850.22986
2993,743.7256
2994,678.96075
2995,688.65094
2996,701.4759
2997,448.42963
2998,699.6032
2999,731.7479
3000,506.36365
3001,846.81757
3002,752.9235
3003,713.43665
3004,722.19946
3005,780.64966
3006,706.5684
3007,744.36914
3008,734.8955
3009,296.01392
3010,707.3699
3011,698.7577
3012,682.695
3013,754.92303
3014,680.34357
3015,406.67853
3016,396.44022
3017,240.47444
3018,303.09326
3019,238.10907
3020,746.8196
3021,298.15854
3022,831.8115
3023,724.4411
3024,673.07825
3025,730.2682
3026,849.2578
3027,829.714
3028,736.8509
3029,752.1063
3030,699.61707
3031,707.23804
3032,775.38135
3033,835.0272
3034,754.52576
3035,722.98193
3036,718.62274
3037,296.68253
3038,708.41296
3039,717.0609
3040,687.24286
3041,727.2839
3042,407.5022
3043,846.22406
3044,711.2763
3045,172.75652
3046,725.15393
3047,708.60583
3048,298.89587
3049,699.4999
3050,681.1124
3051,726.4857
3052,751.4885
3053,716.7258
3054,404.94205
3055,682.3972
3056,699.03015
3057,699.49725
3058,746.37744
3059,746.66296
3060,405.5682
3061,297.3342
3062,318.99924
3063,701.02716
3064,300.53348
3065,704.9047
3066,392.4801
3067,739.4308
3068,764.4038
3069,736.3417
3070,679.0969
3071,707.87494
3072,297.35037
3073,728.60657
3074,708.21576
3075,697.6836
3076,800.93134
3077,718.36487
3078,295.9025
3079,755.0796
3080,750.3045
3081,780.1187
3082,304.47955
3083,297.81958
3084,717.9504
3085,700.5268
3086,730.29956
3087,295.77844
3088,733.8683
3089,182.08127
3090,717.10626
3091,696.903
3092,848.0605
3093,298.73886
3094,728.25476
3095,716.3844
3096,745.70087
3097,689.14825
3098,739.7878
3099,668.66785
3100,779.73206
3101,398.6461
3102,704.46277
3103,298.4074
3104,299.2381
3105,725.2742
3106,694.1005
3107,749.1215
3108,678.8457
3109,699.97253
3110,843.9675
3111,312.52274
3112,682.08813
3113,704.02026
3114,719.5436
3115,400.60422
3116,720.78625
3117,720.42664
3118,846.23193
3119,395.2675
3120,750.6058
3121,709.7639
3122,405.47278
3123,680.7732
3124,755.6758
3125,747.85187
3126,712.36163
3127,674.20526
3128,727.65173
3129,706.16
3130,748.9761
3131,747.33246
3132,845.40845
3133,720.9355
3134,296.62485
3135,724.58777
3136,699.8643
3137,707.99713
3138,692.6479
3139,714.2166
3140,239.0949
3141,716.2121
3142,752.93317
3143,306.66812
3144,748.85065
3145,844.0687
3146,704.293
3147,706.0551
3148,715.86273
3149,679.22156
3150,715.4833
3151,731.0693
3152,689.8836
3153,737.3459
3154,708.0399
3155,526.34906
3156,684.82983
3157,677.8731
3158,408.95114
3159,303.97015
3160,262.1351
3161,685.8327
3162,175.6288
3163,398.7571
3164,679.2873
3165,765.0418
3166,723.3866
3167,841.68976
3168,735.06604
3169,745.6829
3170,396.82706
3171,845.9587
3172,758.083
3173,838.1112
3174,700.04675
3175,402.72964
3176,697.0635
3177,402.13522
3178,744.47614
3179,703.68036
3180,394.49756
3181,843.28577
3182,685.5251
3183,768.5369
3184,733.88684
3185,715.8498
3186,746.37164
3187,719.051
3188,700.81494
3189,841.0669
3190,737.28955
3191,729.28973
3192,298.1511
3193,401.549
3194,727.3467
3195,722.28326
3196,181.9144
3197,677.32446
3198,689.57404
3199,296.91177
3200,722.6525
3201,290.6641
3202,755.0568
3203,751.1738
3204,178.94508
3205,712.8639
3206,726.50024
3207,285.47485
3208,695.4514
3209,841.702
3210,746.2245
3211,403.09576
3212,320.40866
3213,298.86035
3214,300.3672
3215,733.08856
3216,703.582
3217,709.9938
3218,397.5865
3219,713.31665
3220,707.2772
3221,308.52454
3222,703.1954
3223,696.025
3224,704.109
3225,753.5071
3226,236.54895
3227,679.1484
3228,229.14777
3229,847.29047
3230,722.416
3231,750.22687
3232,683.49945
3233,705.53644
3234,772.03906
3235,671.9079
3236,729.3094
3237,705.00684
3238,767.19666
3239,688.52344
3240,693.35815
3241,685.1674
3242,721.3504
3243,855.3511
3244,721.73083
3245,685.1864
3246,710.0136
3247,294.16858
3248,743.3291
3249,678.3687
3250,297.80453
3251,677.975
3252,850.90283
3253,833.2742
3254,680.83453
3255,707.8393
3256,682.8869
3257,720.173
3258,715.3129
3259,705.3498
3260,715.9423
3261,690.629
3262,710.9108
3263,723.4115
3264,304.12253
3265,480.47806
3266,702.91034
3267,685.23846
3268,396.3008
3269,680.54175
3270,266.85422
3271,709.5222
3272,401.36603
3273,724.81775
3274,704.2542
3275,793.2215
3276,729.5138
3277,719.0508
3278,690.98645
3279,566.44904
3280,720.9413
3281,681.3287
3282,177.4157
3283,297.8768
3284,726.9443
3285,283.87332
3286,723.24243
3287,481.45663
3288,309.0702
3289,737.1756
3290,412.6603
3291,681.1714
3292,703.1371
3293,699.7278
3294,768.61884
3295,844.9805
3296,708.01953
3297,173.41907
3298,678.5494
3299,702.59735
3300,736.9839
3301,713.8093
3302,726.5415
3303,756.4784
3304,408.9556
3305,736.5078
3306,680.2069
3307,691.3012
3308,733.7867
3309,703.19446
3310,741.2923
3311,694.7683
3312,731.504
3313,752.2232
3314,683.085
3315,755.2279
3316,670.3149
3317,733.8713
3318,404.75262
3319,701.1564
3320,705.3973
3321,693.87494
3322,698.89703
3323,706.4137
3324,261.1796
3325,717.843
3326,679.4596
3327,401.74365
3328,676.52155
3329,753.3946
3330,754.25214
3331,735.7862
3332,852.6791
3333,720.4542
3334,694.02325
3335,704.1744
3336,735.7651
3337,703.42236
3338,676.40234
3339,735.13446
3340,175.90811
3341,275.96878
3342,744.1464
3343,780.7816
3344,560.5691
3345,688.27576
3346,789.0117
3347,677.7601
3348,772.73676
3349,162.60123
3350,768.126
3351,294.9071
3352,751.3129
3353,401.59784
3354,727.0423
3355,178.96474
3356,721.17145
3357,709.33923
3358,299.53476
3359,697.0569
3360,751.0189
3361,708.56805
3362,503.50153
3363,398.13852
3364,725.49304
3365,739.25916
3366,757.64386
3367,677.8837
3368,725.95526
3369,411.3142
3370,683.4737
3371,730.27277
3372,678.97626
3373,403.5492
3374,742.717
3375,725.08856
3376,688.8482
3377,786.1042
3378,678.5397
3379,698.2
3380,398.51373
3381,703.2595
3382,733.9293
3383,679.44226
3384,297.94745
3385,678.65076
3386,682.6665
3387,719.43304
3388,757.116
3389,402.69858
3390,748.7246
3391,727.2073
3392,744.54736
3393,698.08124
3394,356.59546
3395,845.8613
3396,389.28833
3397,716.99316
3398,713.702
3399,712.22906
3400,704.08484
3401,698.6836
3402,734.9595
3403,683.34064
3404,273.82614
3405,678.9331
3406,685.35504
3407,378.92532
3408,389.9576
3409,712.0695
3410,745.12134
3411,709.12714
3412,694.9598
3413,237.67104
3414,694.1272
3415,683.4479
3416,297.50327
3417,403.3489
3418,683.7509
3419,544.5534
3420,459.25787
3421,681.5719
3422,751.144
3423,402.55273
3424,707.04016
3425,715.5997
3426,175.6288
3427,767.50354
3428,754.2976
3429,725.8701
3430,692.3572
3431,699.57446
3432,297.03036
3433,731.71466
3434,762.16705
3435,711.94
3436,765.50073
3437,682.4414
3438,775.1
3439,404.53528
3440,403.11172
3441,722.2211
3442,726.52856
3443,397.44406
3444,760.6611
3445,776.29004
3446,405.7682
3447,685.84015
3448,300.92947
3449,683.02435
3450,754.0894
3451,720.0759
3452,398.9363
3453,486.30508
3454,701.55176
3455,297.18536
3456,687.5343
3457,766.76733
3458,662.81555
3459,711.4973
3460,703.67737
3461,717.46686
3462,747.6249
3463,680.6338
3464,682.72156
3465,374.61508
3466,726.4186
3467,682.6862
3468,844.3169
3469,722.5426
3470,725.46844
3471,702.39276
3472,705.58484
3473,404.841
3474,705.5369
3475,838.3599
3476,399.481
3477,699.81165
3478,483.05188
3479,298.91284
3480,727.96594
3481,751.1011
3482,724.68066
3483,702.1969
3484,538.2579
3485,683.3603
3486,402.18207
3487,671.10236
3488,401.31384
3489,407.485
3490,687.923
3491,742.4155
3492,701.50116
3493,722.5799
3494,306.71603
3495,727.7678
3496,719.9662
3497,746.56793
3498,727.1845
3499,740.6332
3500,439.55325
3501,728.2887
3502,722.5419
3503,681.02313
3504,398.56757
3505,701.5248
3506,685.5469
3507,687.3023
3508,400.20795
3509,703.3864
3510,714.85614
3511,768.4846
3512,721.45905
3513,745.26135
3514,403.64478
3515,754.8555
3516,721.5845
3517,704.9652
3518,719.1592
3519,722.77
3520,405.3219
3521,403.37067
3522,687.888
3523,720.982
3524,721.67126
3525,407.84344
3526,675.0396
3527,505.3969
3528,689.38635
3529,816.08954
3530,684.49725
3531,751.89905
3532,695.0588
3533,731.9138
3534,298.13898
3535,730.33673
3536,725.3592
3537,717.7736
3538,400.7481
3539,392.67746
3540,724.4902
3541,181.52461
3542,307.02664
3543,542.71387
3544,746.2311
3545,735.22375
3546,758.53015
3547,744.5161
3548,746.2937
3549,681.30225
3550,754.844
3551,306.35165
3552,739.0942
3553,741.9733
3554,727.0335
3555,740.56915
3556,720.77124
3557,395.06348
3558,726.533
3559,404.01834
3560,224.59686
3561,725.1208
3562,849.9235
3563,757.0619
3564,674.6076
3565,298.8154
3566,749.1957
3567,746.135
3568,399.00433
3569,750.5409
3570,746.5018
3571,749.8013
3572,404.01764
3573,676.7765
3574,702.711
3575,677.3925
3576,697.0343
3577,668.0107
3578,447.87332
3579,744.42206
3580,674.33685
3581,710.60535
3582,699.5625
3583,253.79713
3584,777.7897
3585,717.0241
3586,404.26117
3587,394.95538
3588,230.0328
3589,393.57147
3590,432.4407
3591,679.2326
3592,738.0505
3593,682.37634
3594,735.33777
3595,689.32245
3596,700.42725
3597,697.9787
3598,717.3987
3599,301.85428
3600,692.7349
3601,697.04584
3602,703.36365
3603,301.09735
3604,707.3627
3605,697.04047
3606,849.3708
3607,717.0628
3608,741.4513
3609,721.50305
3610,690.6848
3611,699.882
3612,733.4493
3613,757.93756
3614,573.1113
3615,716.1078
3616,303.35028
3617,519.1249
3618,402.2415
3619,680.34454
3620,725.9501
3621,400.26108
3622,298.51257
3623,738.70856
3624,300.11578
3625,680.8286
3626,678.47577
3627,402.11295
3628,731.899
3629,702.2626
3630,848.61237
3631,695.01764
3632,692.076
3633,296.4977
3634,283.22083
3635,227.36426
3636,406.24805
3637,681.61035
3638,684.4855
3639,771.74133
3640,684.3287
3641,737.7552
3642,681.39905
3643,402.36142
3644,707.27185
3645,295.1305
3646,165.4955
3647,748.581
3648,743.3586
3649,840.7947
3650,680.6216
3651,753.5524
3652,684.55475
3653,743.86066
3654,691.5251
3655,297.9836
3656,702.9403
3657,537.01544
3658,727.0535
3659,788.1978
3660,837.1034
3661,700.147
3662,700.43256
3663,740.94507
3664,394.2736
3665,388.43747
3666,734.91003
3667,706.43726
3668,404.34097
3669,700.2758
3670,690.6177
3671,727.85156
3672,408.6886
3673,682.99286
3674,298.6791
3675,735.3241
3676,541.5036
3677,684.74384
3678,678.8655
3679,688.2196
3680,717.8334
3681,295.1025
3682,401.63025
3683,296.17038
3684,703.0985
3685,740.3101
3686,730.59656
3687,714.36945
3688,309.99066
3689,680.8822
3690,752.4189
3691,399.28995
3692,709.4889
3693,668.1973
3694,400.99878
3695,394.60944
3696,782.3657
3697,730.4227
3698,708.61273
3699,744.7932
3700,748.2072
3701,671.86194
3702,294.9445
3703,749.2205
3704,707.79266
3705,701.2568
3706,715.9234
3707,296.76334
3708,551.10645
3709,704.36
3710,682.4938
3711,182.6863
3712,717.7437
3713,841.9763
3714,729.4929
3715,689.6856
3716,695.5767
3717,696.9501
3718,682.58636
3719,315.66672
3720,696.8225
3721,172.40787
3722,702.16376
3723,704.43225
3724,682.79364
3725,841.10376
3726,412.21796
3727,695.0736
3728,674.8045
3729,678.1901
3730,682.0224
3731,300.60077
3732,720.75226
3733,175.90811
3734,851.5609
3735,563.03937
3736,698.9967
3737,816.3376
3738,718.1503
3739,301.69388
3740,782.7159
3741,715.3192
3742,846.43835
3743,702.62555
3744,686.81903
3745,848.31757
3746,771.7405
3747,404.00037
3748,704.87915
3749,293.58353
3750,510.42892
3751,715.22327
3752,708.2535
3753,681.45654
3754,840.3602
3755,728.6988
3756,398.30795
3757,297.31985
3758,720.24817
3759,721.82043
3760,297.83606
3761,404.137
3762,700.4322
3763,757.8215
3764,678.6986
3765,730.7903
3766,723.5456
3767,726.5989
3768,747.8073
3769,684.4038
3770,702.133
3771,725.5539
3772,846.243
3773,254.13925
3774,393.31015
3775,688.94855
3776,741.97345
3777,680.52594
3778,716.3128
3779,279.9758
3780,734.5689
3781,852.0394
3782,731.97424
3783,744.42303
3784,677.63855
3785,406.12
3786,744.4572
3787,705.1495
3788,687.6958
3789,705.2852
3790,292.5127
3791,297.20544
3792,752.7788
3793,734.88684
3794,699.7857
3795,731.5682
3796,778.33405
3797,713.485
3798,724.34686
3799,753.9078
3800,708.2211
3801,295.0629
3802,731.8676
3803,845.69275
3804,749.4868
3805,719.3689
3806,723.13794
3807,728.848
3808,382.49847
3809,391.99207
3810,695.5825
3811,304.29526
3812,735.23883
3813,704.8842
3814,707.16907
3815,400.96793
3816,709.6547
3817,700.08594
3818,730.66394
3819,754.4429
3820,733.4275
3821,743.9206
3822,700.0311
3823,685.551
3824,719.4736
3825,401.1949
3826,451.1347
3827,764.3503
3828,755.1393
3829,718.3694
3830,754.96875
3831,296.15115
3832,722.43005
3833,708.9826
3834,725.7483
3835,296.84094
3836,697.6351
3837,731.5025
3838,394.494
3839,751.96313
3840,302.96655
3841,742.4121
3842,804.62036
3843,677.4025
3844,679.77673
3845,670.4253
3846,715.71967
3847,702.691
3848,299.69617
3849,295.2742
3850,849.257
3851,723.4482
3852,728.02423
3853,374.7844
3854,715.7233
3855,699.1527
3856,752.6222
3857,742.16547
3858,726.26654
3859,676.8093
3860,405.67966
3861,696.2532
3862,300.37732
3863,705.7294
3864,397.09528
3865,293.3436
3866,734.2555
3867,711.67645
3868,294.7349
3869,180.93147
3870,711.54645
3871,232.33179
3872,294.8342
3873,392.0076
3874,746.0491
3875,751.1241
3876,665.7923
3877,709.8819
3878,735.35925
3879,694.0153
3880,708.9943
3881,295.89886
3882,298.69116
3883,706.7222
3884,702.0922
3885,696.17615
3886,686.3578
3887,706.7159
3888,401.57733
3889,724.9621
3890,672.7086
3891,705.5351
3892,151.6674
3893,249.41559
3894,682.80084
3895,847.1794
3896,703.6973
3897,705.6084
3898,736.7698
3899,712.9949
3900,680.24646
3901,742.4849
3902,684.24023
3903,740.5041
3904,685.2829
3905,723.88
3906,231.68956
3907,685.99713
3908,712.73486
3909,176.72464
3910,729.54443
3911,704.04974
3912,751.2795
3913,680.5438
3914,294.39456
3915,704.6066
3916,526.2342
3917,683.6067
3918,403.32834
3919,679.8423
3920,752.4458
3921,706.0412
3922,739.1518
3923,849.8519
3924,397.81198
3925,175.90517
3926,750.7971
3927,693.6034
3928,297.6818
3929,712.7814
3930,295.44687
3931,704.9834
3932,686.6112
3933,702.96576
3934,705.692
3935,680.5975
3936,178.96474
3937,721.06757
3938,685.82074
3939,742.88226
3940,710.08936
3941,707.94073
3942,400.24887
3943,728.63214
3944,730.4782
3945,687.903
3946,393.44376
3947,727.41473
3948,746.33136
3949,723.46265
3950,726.71094
3951,702.63336
3952,681.63275
3953,687.0532
3954,297.6087
3955,249.12724
3956,719.9184
3957,751.75867
3958,717.0902
3959,694.90936
3960,703.6516
3961,679.61615
3962,699.97235
3963,703.88696
3964,719.90485
3965,753.6615
3966,730.4274
3967,749.62933
3968,724.4464
3969,407.59366
3970,676.32166
3971,148.99287
3972,400.11514
3973,405.18445
3974,706.7399
3975,702.2538
3976,751.09393
3977,728.3311
3978,746.56244
3979,400.4093
3980,715.4741
3981,707.4224
3982,720.24146
3983,724.07434
3984,710.999
3985,683.34216
3986,404.05457
3987,763.0579
3988,748.23035
3989,834.3539
3990,562.123
3991,296.62637
3992,849.59845
3993,703.2651
3994,707.8778
3995,700.0657
3996,850.9428
3997,395.04788
3998,683.099
3999,734.3985
4000,715.50134
4001,734.8931
4002,717.08844
4003,686.3221
4004,392.87027
4005,684.57794
4006,852.3027
4007,368.22522
4008,702.8387
4009,679.86383
4010,761.9696
4011,726.1919
4012,825.1628
4013,299.14175
4014,704.9266
4015,674.1778
4016,399.72238
4017,744.21045
4018,748.9251
4019,773.4759
4020,684.2652
4021,404.31192
4022,841.1547
4023,235.8191
4024,713.2988
4025,685.07635
4026,705.07935
4027,690.0423
4028,712.5536
4029,747.02655
4030,711.8065
4031,735.1139
4032,393.45993
4033,735.0075
4034,701.38983
4035,680.72723
4036,559.00555
4037,393.64377
4038,703.9104
4039,754.1321
4040,753.9584
4041,746.4547
4042,670.4455
4043,399.7431
4044,295.19913
4045,741.2731
4046,731.68756
4047,725.59875
4048,701.79553
4049,705.18414
4050,678.0353
4051,713.2211
4052,746.04926
4053,308.32727
4054,193.66768
4055,701.9941
4056,387.73734
4057,744.89056
4058,678.373
4059,706.0424
4060,712.346
4061,704.172
4062,724.54944
4063,731.4593
4064,770.1175
4065,753.264
4066,745.6835
4067,754.3287
4068,292.0965
4069,303.99704
4070,702.34015
4071,751.9639
4072,778.4751
4073,300.06897
4074,705.43744
4075,709.4162
4076,701.2066
4077,699.3658
4078,705.7807
4079,724.96173
4080,847.2985
4081,298.76743
4082,713.9284
4083,702.00574
4084,732.74384
4085,723.4835
4086,693.55115
4087,403.70386
4088,676.14954
4089,734.4559
4090,400.74503
4091,248.75026
4092,751.8587
4093,750.4594
4094,692.8736
4095,717.1578
4096,789.18097
4097,295.44818
4098,292.70596
4099,701.3027
4100,691.45715
4101,711.46545
4102,715.9363
4103,713.5232
4104,295.84723
4105,691.2104
4106,712.4656
4107,699.3699
4108,685.84314
4109,296.3862
4110,294.98737
4111,698.72375
4112,396.52884
4113,752.4468
4114,175.7351
4115,707.72766
4116,704.18243
4117,752.68164
4118,236.58565
4119,716.3013
4120,663.3676
4121,727.9209
4122,706.1139
4123,406.25336
4124,366.9188
4125,692.98724
4126,712.8214
4127,716.8525
4128,781.4427
4129,702.9529
4130,704.5029
4131,398.52887
4132,705.3489
4133,302.55893
4134,673.7909
4135,680.7689
4136,297.6938
4137,731.92413
4138,853.39636
4139,698.14624
4140,374.47342
4141,705.1193
4142,703.3926
4143,256.3194
4144,370.94403
4145,295.20212
4146,743.1174
4147,698.6142
4148,687.4831
4149,384.0304
4150,402.68912
4151,698.43604
4152,706.72003
4153,694.53204
4154,753.85803
4155,731.9381
4156,703.8307
4157,304.2088
4158,296.17728
4159,678.60065
4160,708.3653
4161,680.676
4162,730.28796
4163,684.6849
4164,715.5722
4165,730.0604
4166,691.9796
4167,705.1469
4168,734.28735
4169,850.97644
4170,682.7199
4171,294.47443
4172,841.3114
4173,853.7975
4174,401.80527
4175,260.1197
4176,722.93805
4177,715.681
4178,402.26987
4179,702.556
4180,402.534
4181,400.35123
4182,542.67444
4183,407.73163
4184,704.04126
4185,705.7867
4186,836.61487
4187,677.81525
4188,486.69635
4189,684.56067
4190,679.23627
4191,733.5889
4192,714.7601
4193,697.8406
4194,691.8467
4195,692.97406
4196,707.782
4197,725.4215
4198,766.0854
4199,741.1575
4200,812.8078
4201,683.53235
4202,295.1025
4203,299.42978
4204,403.07404
4205,718.1517
4206,847.22614
4207,779.9351
4208,687.53406
4209,688.0889
4210,316.68463
4211,687.5889
4212,703.20984
4213,730.04553
4214,198.62836
4215,712.8533
4216,456.0537
4217,679.8335
4218,728.4585
4219,760.02563
4220,703.0891
4221,702.7629
4222,404.64233
4223,671.05786
4224,542.37897
4225,713.66376
4226,399.6432
4227,730.0499
4228,757.9466
4229,280.78043
4230,407.89087
4231,724.91077
4232,699.8856
4233,771.9329
4234,730.3243
4235,329.46814
4236,684.84186
4237,583.2974
4238,408.06396
4239,683.2046
4240,712.64716
4241,787.7343
4242,847.6126
4243,512.02783
4244,298.18552
4245,781.5117
4246,403.8272
4247,727.76196
4248,730.00793
4249,400.94113
4250,722.3023
4251,696.2832
4252,719.80225
4253,401.2693
4254,676.79785
4255,746.10864
4256,301.28683
4257,678.14813
4258,705.1074
4259,305.79214
4260,706.0359
4261,701.17474
4262,853.4906
4263,680.9738
4264,731.3338
4265,742.669
4266,295.91895
4267,389.35004
4268,751.48346
4269,236.13553
4270,844.7853
4271,404.8367
4272,176.72464
4273,716.79535
4274,748.3592
4275,848.612
4276,683.2284
4277,233.925
4278,719.9209
4279,720.4647
4280,738.5827
4281,293.58362
4282,750.68066
4283,258.8779
4284,680.8178
4285,679.62256
4286,400.0123
4287,707.90247
4288,743.2634
4289,724.3843
4290,754.5726
4291,723.1497
4292,398.77487
4293,541.3323
4294,685.34235
4295,713.85156
4296,698.436
4297,718.79254
4298,183.27354
4299,720.0329
4300,703.7056
4301,236.54198
4302,732.7102
4303,680.7245
4304,717.87384
4305,756.2382
4306,731.4563
4307,764.8888
4308,700.00903
4309,748.8112
4310,296.37238
4311,781.8668
4312,741.52454
4313,269.1518
4314,701.04315
4315,704.7707
4316,723.1192
4317,842.5362
4318,854.1531
4319,677.24036
4320,696.6548
4321,685.32697
4322,722.8702
4323,745.99506
4324,685.593
4325,706.3025
4326,737.8419
4327,711.06433
4328,373.3822
4329,156.17569
4330,701.22595
4331,781.24554
4332,733.23047
4333,718.9432
4334,842.747
4335,729.5569
4336,783.05585
4337,705.8526
4338,697.279
4339,180.10898
4340,299.34045
4341,850.3204
4342,696.3146
4343,753.6588
4344,732.695
4345,730.8185
4346,399.9226
4347,833.2495
4348,404.23297
4349,688.25616
4350,700.6367
4351,735.5163
4352,716.7349
4353,751.25433
4354,232.85826
4355,687.05804
4356,843.5639
4357,396.31937
4358,685.29974
4359,291.23148
4360,704.62244
4361,733.9611
4362,299.75937
4363,403.00333
4364,402.29254
4365,375.0826
4366,684.80817
4367,298.6884
4368,848.89594
4369,701.3502
4370,679.23486
4371,702.6716
4372,687.10095
4373,680.6586
4374,702.51965
4375,297.27994
4376,197.43683
4377,722.3501
4378,180.65166
4379,810.9592
4380,738.2307
4381,751.00555
4382,703.6771
4383,296.62747
4384,745.278
4385,529.74646
4386,760.7742
4387,739.007
4388,780.00995
4389,730.2444
4390,703.8715
4391,690.29816
4392,702.0322
4393,709.621
4394,742.47986
4395,681.58093
4396,736.7617
4397,709.4385
4398,711.55396
4399,726.76636
4400,405.47906
4401,681.43
4402,783.985
4403,722.9471
4404,746.7951
4405,683.048
4406,721.93585
4407,330.86313
4408,270.15988
4409,756.7812
4410,718.71344
4411,737.9897
4412,682.4613
4413,703.09
4414,517.8639
4415,204.95412
4416,459.0233
4417,693.3858
4418,725.8675
4419,536.6918
4420,258.5887
4421,728.4949
4422,680.90674
4423,752.7271
4424,698.2856
4425,701.047
4426,845.4647
4427,677.755
4428,733.6172
4429,507.9707
4430,713.8074
4431,680.48285
4432,734.24005
4433,712.4564
4434,711.86957
4435,706.7277
4436,710.25745
4437,297.72562
4438,724.27484
4439,706.9477
4440,295.76993
4441,189.67847
4442,302.66394
4443,403.07712
4444,701.01807
4445,736.2454
4446,721.7268
4447,712.16693
4448,720.5348
4449,750.7032
4450,707.7527
4451,406.34286
4452,710.2832
4453,727.84515
4454,695.63116
4455,838.33887
4456,716.3414
4457,758.2756
4458,670.4833
4459,298.15857
4460,731.1684
4461,719.22876
4462,762.8488
4463,708.6642
4464,706.39026
4465,702.96027
4466,704.96344
4467,686.06805
4468,706.2679
4469,297.72958
4470,746.1481
4471,733.90686
4472,698.92676
4473,704.7153
4474,395.15637
4475,183.33765
4476,710.76373
4477,694.61914
4478,705.42505
4479,695.1831
4480,798.78723
4481,753.0765
4482,502.18784
4483,701.94653
4484,705.0998
4485,257.32755
4486,711.3106
4487,845.34393
4488,811.79144
4489,297.80716
4490,679.8325
4491,749.7496
4492,684.00775
4493,756.11615
4494,302.43643
4495,484.7504
4496,294.93817
4497,755.7259
4498,757.8627
4499,745.30084
4500,735.0381
4501,716.35205
4502,402.46262
4503,679.0077
4504,726.24854
4505,292.51508
4506,686.5243
4507,710.7004
4508,248.43553
4509,720.7386
4510,297.70792
4511,298.75177
4512,852.34454
4513,755.10364
4514,706.8104
4515,851.17725
4516,182.36073
4517,405.63406
4518,703.65936
4519,723.8554
4520,295.65222
4521,405.27737
4522,300.73682
4523,768.44556
4524,702.1121
4525,687.0697
4526,684.1968
4527,521.43823
4528,404.05475
4529,669.40466
4530,735.7592
4531,396.22937
4532,847.03436
4533,688.7126
4534,407.82025
4535,767.16614
4536,405.1523
4537,844.39294
4538,753.60095
4539,691.0677
4540,737.92914
4541,747.608
4542,848.6396
4543,728.9546
4544,738.1014
4545,680.0468
4546,681.4751
4547,233.61891
4548,295.81482
4549,412.10333
4550,727.08765
4551,710.33215
4552,400.67322
4553,403.45486
4554,777.34576
4555,235.04793
4556,705.71063
4557,710.48883
4558,403.41202
4559,680.04034
4560,739.35175
4561,768.69763
4562,684.5301
4563,697.78033
4564,731.5911
4565,674.86584
4566,701.1543
4567,292.89877
4568,168.63768
4569,693.9299
4570,689.86505
4571,736.2745
4572,701.42456
4573,837.6372
4574,406.98105
4575,697.87573
4576,698.861
4577,714.6142
4578,727.20703
4579,750.43616
4580,779.31464
4581,319.27655
4582,679.1731
4583,707.03595
4584,685.40466
4585,752.92346
4586,736.9804
4587,739.08887
4588,705.9876
4589,735.7351
4590,400.1772
4591,299.7348
4592,403.5462
4593,286.65564
4594,677.5061
4595,692.87646
4596,296.59653
4597,272.48874
4598,685.9239
4599,675.2751
4600,750.82434
4601,299.19595
4602,344.81165
4603,692.14307
4604,686.67096
4605,755.1831
4606,755.48175
4607,735.8059
4608,722.33655
4609,736.13403
4610,713.1699
4611,299.24597
4612,684.584
4613,706.9846
4614,727.6506
4615,182.19868
4616,564.7613
4617,690.8182
4618,749.4088
4619,410.06906
4620,749.8071
4621,669.3691
4622,528.6723
4623,752.2723
4624,713.43494
4625,676.9722
4626,209.17104
4627,701.9057
4628,238.21358
4629,750.2741
4630,770.5387
4631,679.2114
4632,401.1149
4633,734.2676
4634,710.12836
4635,851.2687
4636,677.87823
4637,736.4771
4638,702.2951
4639,739.77185
4640,175.90811
4641,723.63965
4642,708.66705
4643,736.2592
4644,683.2885
4645,711.3995
4646,847.47797
4647,729.7031
4648,685.2137
4649,706.4738
4650,707.0342
4651,717.4241
4652,848.6639
4653,699.1159
4654,728.5028
4655,731.0427
4656,719.5231
4657,696.45996
4658,704.75366
4659,681.06757
4660,707.4146
4661,687.16254
4662,296.01987
4663,282.42032
4664,690.849
4665,700.5391
4666,706.1509
4667,734.6706
4668,752.0084
4669,292.8266
4670,703.44165
4671,760.3592
4672,733.1834
4673,706.0747
4674,715.44904
4675,726.4303
4676,693.122
4677,754.5113
4678,397.8039
4679,306.35208
4680,399.23172
4681,703.86646
4682,732.29175
4683,398.7603
4684,746.3434
4685,672.95105
4686,734.8208
4687,296.69266
4688,763.05676
4689,827.6674
4690,398.63492
4691,742.48334
4692,709.257
4693,666.43713
4694,738.69824
4695,805.48816
4696,844.6653
4697,299.63318
4698,712.7493
4699,719.69434
4700,683.5756
4701,738.6972
4702,731.85236
4703,736.51416
4704,680.7791
4705,751.9622
4706,742.8311
4707,402.74033
4708,401.26245
4709,678.6982
4710,303.66483
4711,716.2142
4712,849.721
4713,447.7131
4714,403.6301
4715,681.90924
4716,738.11475
4717,682.9038
4718,733.6134
4719,398.23325
4720,393.46417
4721,296.53464
4722,697.85315
4723,704.45703
4724,576.9863
4725,846.9725
4726,732.38666
4727,708.3614
4728,545.23047
4729,726.9818
4730,747.79193
4731,843.49365
4732,402.1722
4733,672.4814
4734,404.68192
4735,298.5531
4736,707.9951
4737,295.27704
4738,704.5897
4739,679.14984
4740,625.38873
4741,184.95065
4742,686.0559
4743,709.6596
4744,394.43842
4745,714.77466
4746,709.28754
4747,479.4069
4748,721.3822
4749,780.74915
4750,681.1346
4751,721.63715
4752,851.0661
4753,733.6478
4754,697.2623
4755,703.83044
4756,680.60614
4757,302.79376
4758,707.10736
4759,721.26434
4760,715.0489
4761,774.21735
4762,784.79596
4763,668.79724
4764,709.8465
4765,298.51303
4766,705.5549
4767,268.10757
4768,749.04156
4769,720.1664
4770,403.91342
4771,726.9884
4772,690.0692
4773,680.6999
4774,701.9345
4775,682.27716
4776,745.47156
4777,296.94614
4778,744.63544
4779,716.4669
4780,678.6759
4781,676.6012
4782,714.1975
4783,738.8199
4784,829.799
4785,448.93835
4786,681.0496
4787,258.9875
4788,403.43887
4789,747.49
4790,541.8667
4791,734.7186
4792,750.6297
4793,705.22253
4794,702.29175
4795,293.54745
4796,748.3081
4797,721.751
4798,844.28033
4799,765.36676
4800,724.49146
4801,722.52966
4802,687.9151
4803,726.74243
4804,225.30138
4805,297.27457
4806,674.5124
4807,688.61145
4808,704.33386
4809,739.4016
4810,728.8517
4811,843.3328
4812,394.04034
4813,724.5785
4814,744.71234
4815,702.13824
4816,295.47748
4817,696.8741
4818,299.19595
4819,679.11975
4820,678.8014
4821,732.07904
4822,305.0666
4823,844.9984
4824,703.912
4825,698.1847
4826,722.838
4827,172.40787
4828,293.91397
4829,709.2711
4830,297.3257
4831,719.9074
4832,300.35284
4833,740.016
4834,700.1633
4835,751.2355
4836,404.41483
4837,726.7507
4838,754.3782
4839,405.4744
4840,297.72684
4841,750.6766
4842,749.86206
4843,755.0383
4844,681.5915
4845,701.805
4846,711.329
4847,697.06866
4848,263.57178
4849,233.5635
4850,704.84406
4851,701.53406
4852,692.14105
4853,181.38799
4854,727.7045
4855,718.5609
4856,678.3207
4857,749.5604
4858,846.4683
4859,527.7292
4860,711.03326
4861,718.464
4862,680.8696
4863,718.83527
4864,723.457
4865,665.9708
4866,736.44244
4867,677.13947
4868,704.86017
4869,714.2991
4870,731.50366
4871,711.813
4872,699.4029
4873,264.07938
4874,723.1503
4875,750.0161
4876,694.4192
4877,712.4514
4878,706.205
4879,781.4207
4880,689.9409
4881,481.36798
4882,400.01105
4883,298.9568
4884,404.97296
4885,736.65955
4886,295.83084
4887,689.0528
4888,719.31055
4889,713.69495
4890,701.66064
4891,395.69238
4892,695.3824
4893,733.30853
4894,728.6963
4895,730.9675
4896,724.044
4897,770.3743
4898,676.42163
4899,702.9042
4900,665.05
4901,305.5597
4902,729.95483
4903,686.98315
4904,704.74414
4905,679.4228
4906,510.6322
4907,713.35724
4908,746.779
4909,737.67236
4910,711.7483
4911,742.1404
4912,713.26904
4913,743.5271
4914,765.6906
4915,293.4531
4916,701.661
4917,634.11365
4918,403.42758
4919,731.1958
4920,724.47296
4921,296.30383
4922,727.1855
4923,404.1448
4924,703.1867
4925,178.96474
4926,295.09506
4927,297.58173
4928,695.83307
4929,681.3842
4930,679.12103
4931,300.4749
4932,733.44446
4933,701.17535
4934,701.4646
4935,315.48843
4936,398.97043
4937,718.7581
4938,406.55264
4939,673.164
4940,743.85
4941,484.71463
4942,851.0508
4943,717.46814
4944,706.21936
4945,748.4081
4946,668.06946
4947,714.3991
4948,682.8632
4949,733.3031
4950,722.78687
4951,764.63403
4952,683.16974
4953,238.42567
4954,751.60846
4955,212.1066
4956,681.6563
4957,698.969
4958,699.98096
4959,462.24628
4960,730.0354
4961,682.3419
4962,727.1473
4963,662.759
4964,772.82697
4965,751.6818
4966,708.42944
4967,829.9074
4968,744.59247
4969,747.3898
4970,175.8865
4971,724.1444
4972,295.94662
4973,674.57715
4974,295.5509
4975,704.4014
4976,750.5504
4977,676.2275
4978,300.0065
4979,778.7692
4980,708.64545
4981,180.08942
4982,714.68695
4983,396.91647
4984,753.94476
4985,726.8678
4986,748.3673
4987,304.44794
4988,703.11676
4989,719.9802
4990,688.657
4991,719.89386
4992,393.2354
4993,299.0386
4994,737.45776
4995,709.1657
4996,850.56287
4997,300.62515
4998,714.0785
4999,716.8773
5000,705.69525
5001,713.2536
5002,748.70746
5003,295.89886
5004,767.58466
5005,734.31104
5006,701.6131
5007,748.0858
5008,461.19885
5009,724.30054
5010,698.84174
5011,370.53976
5012,707.68585
5013,685.567
5014,701.6947
5015,736.42236
5016,693.60254
5017,750.6607
5018,744.61694
5019,402.06567
5020,396.21906
5021,724.2831
5022,683.7904
5023,848.87225
5024,382.29028
5025,710.0699
5026,407.89108
5027,676.60724
5028,736.54926
5029,408.25998
5030,710.2903
5031,752.1506
5032,706.6095
5033,306.10168
5034,393.76398
5035,731.4278
5036,686.5978
5037,704.00696
5038,676.634
5039,844.1378
5040,849.50726
5041,403.61462
5042,723.0782
5043,679.1092
5044,298.02368
5045,299.1429
5046,704.48224
5047,511.8464
5048,726.3759
5049,399.82767
5050,757.4918
5051,405.62808
5052,499.6036
5053,677.3024
5054,727.7966
5055,222.45848
5056,678.592
5057,680.7513
5058,299.29782
5059,398.35657
5060,731.11523
5061,406.38248
5062,708.42084
5063,702.73236
5064,180.93147
5065,751.6402
5066,404.9501
5067,779.3777
5068,710.9225
5069,755.89545
5070,776.4962
5071,735.2701
5072,773.3168
5073,845.572
5074,298.0913
5075,753.93976
5076,750.8597
5077,308.82867
5078,686.3563
5079,706.5674
5080,683.7635
5081,683.8931
5082,758.7174
5083,407.576
5084,850.39624
5085,696.6745
5086,675.3086
5087,300.30228
5088,752.0272
5089,701.8045
5090,685.9928
5091,722.28375
5092,698.05096
5093,436.99292
5094,446.1777
5095,401.18176
5096,762.5313
5097,310.15143
5098,702.5711
5099,400.35095
5100,711.27325
5101,849.96844
5102,723.4201
5103,714.7919
5104,723.77594
5105,713.7021
5106,489.83463
5107,295.37622
5108,696.695
5109,702.93555
5110,703.7746
5111,710.8052
5112,705.55963
5113,733.6067
5114,277.24774
5115,718.9589
5116,755.8703
5117,265.59454
5118,396.00085
5119,700.9433
5120,304.47742
5121,743.289
5122,700.723
5123,424.34637
5124,738.4073
5125,235.21707
5126,296.2455
5127,227.73778
5128,752.5461
5129,730.5628
5130,682.6238
5131,723.6102
5132,622.8776
5133,661.3316
5134,680.33594
5135,775.07355
5136,688.59204
5137,747.72363
5138,775.2733
5139,404.33716
5140,679.842
5141,747.5578
5142,726.6788
5143,690.6594
5144,716.83936
5145,295.09268
5146,705.1493
5147,678.92706
5148,300.21628
5149,183.34047
5150,400.62097
5151,715.4782
5152,682.1183
5153,300.30228
5154,714.29315
5155,735.4855
5156,706.96783
5157,234.08122
5158,721.78937
5159,700.90656
5160,704.887
5161,851.17487
5162,712.93353
5163,683.6369
5164,705.77856
5165,678.0101
5166,384.80432
5167,677.1236
5168,715.1403
5169,302.0647
5170,723.7758
5171,292.5382
5172,682.44257
5173,700.939
5174,448.6988
5175,400.44888
5176,555.7445
5177,243.7663
5178,720.229
5179,721.9603
5180,650.3312
5181,756.1867
5182,729.3242
5183,727.71814
5184,681.9481
5185,704.0644
5186,567.86285
5187,731.37415
5188,403.86703
5189,804.8329
5190,705.27435
5191,729.8756
5192,681.24457
5193,749.0828
5194,263.93625
5195,745.9591
5196,839.32733
5197,684.847
5198,715.6714
5199,707.75214
5200,733.90845
5201,293.6303
5202,746.4331
5203,674.5708
5204,781.8012
5205,684.1574
5206,701.7924
5207,743.41583
5208,229.24057
5209,704.5321
5210,384.88528
5211,734.376
5212,737.489
5213,680.2756
5214,236.38336
5215,721.144
5216,682.317
5217,743.98676
5218,291.84048
5219,695.4126
5220,697.6754
5221,694.3645
5222,403.0191
5223,682.8636
5224,667.9039
5225,674.8701
5226,463.68198
5227,706.1486
5228,298.14554
5229,300.00812
5230,766.1616
5231,664.2792
5232,703.90796
5233,677.2899
5234,700.1408
5235,740.0684
5236,398.52448
5237,462.02936
5238,680.1372
5239,301.12207
5240,748.90436
5241,713.61224
5242,723.7879
5243,704.3191
5244,561.54553
5245,739.6127
5246,715.3479
5247,750.22906
5248,710.7435
5249,398.47012
5250,778.7353
5251,705.245
5252,743.13055
5253,721.587
5254,711.46735
5255,744.02264
5256,760.6562
5257,713.4328
5258,689.9282
5259,846.706
5260,494.2803
5261,678.16626
5262,739.05566
5263,680.507
5264,767.0398
5265,681.87256
5266,699.2161
5267,401.59677
5268,797.8046
5269,698.50934
5270,743.1933
5271,679.87506
5272,743.2923
5273,295.0556
5274,676.0419
5275,850.7879
5276,181.38799
5277,720.0743
5278,736.66254
5279,666.5257
5280,709.2856
5281,399.21173
5282,680.9569
5283,724.80804
5284,708.65234
5285,681.37787
5286,718.91125
5287,704.65826
5288,736.4026
5289,683.4634
5290,699.5101
5291,297.82144
5292,758.173
5293,777.1143
5294,720.1293
5295,751.9906
5296,700.7435
5297,702.8587
5298,701.68335
5299,684.9265
5300,297.83954
5301,718.7565
5302,297.0406
5303,761.4398
5304,404.2394
5305,704.8051
5306,393.74832
5307,687.0273
5308,750.2078
5309,685.90247
5310,725.42163
5311,748.9522
5312,758.7643
5313,396.4042
5314,681.0464
5315,732.30054
5316,710.3684
5317,717.76636
5318,849.4264
5319,701.89764
5320,304.43417
5321,299.96658
5322,702.40204
5323,728.0732
5324,703.1081
5325,700.0073
5326,399.594
5327,842.058
5328,684.25494
5329,397.2909
5330,401.69543
5331,748.41864
5332,401.57272
5333,297.908
5334,849.06506
5335,703.93695
5336,707.7493
5337,378.4201
5338,726.5868
5339,705.29126
5340,748.94543
5341,449.90695
5342,700.03406
5343,295.31503
5344,690.32513
5345,706.2107
5346,714.77856
5347,732.68384
5348,725.70325
5349,849.04156
5350,714.59106
5351,305.6595
5352,724.47363
5353,755.3052
5354,844.21967
5355,683.817
5356,702.747
5357,671.1846
5358,749.72876
5359,704.56714
5360,698.59204
5361,297.1279
5362,776.04
5363,849.58875
5364,705.2743
5365,705.6174
5366,712.8165
5367,709.69714
5368,703.85443
5369,682.0209
5370,722.92725
5371,674.72577
5372,717.1885
5373,693.9427
5374,289.29324
5375,696.0239
5376,710.8088
5377,719.7765
5378,699.4782
5379,685.835
5380,835.0563
5381,379.87704
5382,696.40857
5383,682.0583
5384,384.71368
5385,724.58344
5386,849.22235
5387,237.14671
5388,297.32587
5389,303.70502
5390,297.55267
5391,748.0547
5392,401.6974
5393,727.3454
5394,300.0097
5395,721.4137
5396,237.81026
5397,693.5469
5398,678.7009
5399,687.63196
5400,680.15356
5401,850.1407
5402,369.32773
5403,699.69403
5404,676.32874
5405,237.88942
5406,733.4096
5407,727.24457
5408,335.3046
5409,296.8802
5410,745.1323
5411,709.34326
5412,662.6994
5413,686.53796
5414,699.6033
5415,735.2335
5416,680.1838
5417,297.89816
5418,842.9328
5419,679.02155
5420,709.15576
5421,680.2975
5422,708.2324
5423,711.4861
5424,678.57666
5425,703.44214
5426,704.02765
5427,739.5106
5428,726.83386
5429,677.072
5430,292.52188
5431,735.04724
5432,701.05945
5433,304.0934
5434,699.56146
5435,402.46292
5436,683.72095
5437,733.3666
5438,725.29083
5439,678.4877
5440,403.2428
5441,686.5356
5442,850.14417
5443,519.11
5444,711.0452
5445,740.2331
5446,848.4566
5447,702.0473
5448,679.76526
5449,304.79376
5450,678.9566
5451,403.85013
5452,708.3022
5453,786.2236
5454,297.6188
5455,729.11816
5456,679.59283
5457,726.79724
5458,809.84894
5459,847.66205
5460,748.807
5461,677.88135
5462,699.6589
5463,164.76045
5464,841.73254
5465,684.2658
5466,402.97424
5467,667.69165
5468,700.83826
5469,298.78372
5470,714.83954
5471,393.7622
5472,724.8406
5473,693.6718
5474,846.47125
5475,399.94254
5476,756.8739
5477,685.8574
5478,410.86502
5479,720.9146
5480,738.93835
5481,756.67456
5482,734.7442
5483,228.98598
5484,257.99188
5485,733.9782
5486,742.3351
5487,710.82025
5488,709.54596
5489,722.6891
5490,709.1111
5491,685.62604
5492,701.28564
5493,755.27454
5494,715.8096
5495,405.70786
5496,716.5665
5497,851.1873
5498,390.52997
5499,740.6294
5500,708.7952
5501,293.9847
5502,737.476
5503,730.6958
5504,752.99243
5505,722.5318
5506,682.59045
5507,684.8776
5508,724.6225
5509,724.42615
5510,845.83075
5511,715.6161
5512,704.0729
5513,744.1644
5514,848.9441
5515,692.2984
5516,740.15356
5517,699.3343
5518,706.5037
5519,734.7607
5520,403.22244
5521,743.1158
5522,733.84753
5523,851.03973
5524,756.7926
5525,684.3451
5526,542.67444
5527,697.05835
5528,736.05994
5529,844.0726
5530,727.0114
5531,706.3021
5532,703.7648
5533,734.1222
5534,747.8934
5535,805.8467
5536,758.9169
5537,218.61617
5538,747.4348
5539,774.61316
5540,741.5226
5541,682.7342
5542,301.882
5543,401.83444
5544,756.4793
5545,400.67697
5546,721.37036
5547,835.34375
5548,741.74347
5549,736.71014
5550,710.61505
5551,704.7639
5552,295.07205
5553,676.54443
5554,696.0285
5555,395.76913
5556,295.4669
5557,688.2064
5558,678.1826
5559,301.11783
5560,711.5722
5561,716.4457
5562,686.5442
5563,294.1294
5564,234.18463
5565,299.52994
5566,735.6976
5567,293.9844
5568,724.4051
5569,679.6657
5570,403.69403
5571,701.2628
5572,714.8365
5573,719.4067
5574,297.52438
5575,742.48486
5576,402.2885
5577,714.0137
5578,774.9783
5579,729.541
5580,701.9138
5581,757.20905
5582,847.20325
5583,296.0937
5584,731.146
5585,407.41388
5586,683.4788
5587,689.1548
5588,540.3877
5589,708.8087
5590,302.80798
5591,713.87964
5592,700.2073
5593,707.39746
5594,687.03937
5595,695.3129
5596,755.3918
5597,290.03006
5598,406.0166
5599,681.59686
5600,849.0784
5601,725.93805
5602,730.96594
5603,483.8715
5604,691.17566
5605,401.73587
5606,841.3857
5607,848.4696
5608,750.9588
5609,720.10175
5610,762.10925
5611,293.33194
5612,683.0289
5613,695.8414
5614,679.5164
5615,721.20874
5616,680.9527
5617,695.6927
5618,677.5828
5619,688.3008
5620,718.63574
5621,396.59106
5622,687.13196
5623,223.37082
5624,709.1896
5625,404.19016
5626,723.68665
5627,701.3107
5628,698.6401
5629,719.04926
5630,680.79694
5631,673.95685
5632,846.79193
5633,292.70737
5634,844.418
5635,742.7145
5636,677.3571
5637,695.63464
5638,528.6581
5639,732.98193
5640,733.45013
5641,397.17834
5642,280.28995
5643,755.15094
5644,296.2054
5645,771.0773
5646,402.4096
5647,722.61273
5648,716.5706
5649,721.92163
5650,673.90295
5651,299.27222
5652,682.21716
5653,387.8537
5654,681.1529
5655,708.9891
5656,778.03925
5657,688.47626
5658,705.80133
5659,400.7337
5660,703.43933
5661,680.34186
5662,781.76056
5663,233.88329
5664,401.36322
5665,705.49207
5666,402.13522
5667,733.2481
5668,683.57385
5669,714.04065
5670,690.90936
5671,288.55493
5672,703.26666
5673,719.6975
5674,828.58997
5675,402.86102
5676,724.1891
5677,751.5393
5678,734.28644
5679,396.99915
5680,701.2934
5681,735.3017
5682,782.3723
5683,529.0959
5684,180.36505
5685,723.78906
5686,747.14795
5687,704.30865
5688,678.7926
5689,309.23126
5690,733.49005
5691,712.7482
5692,728.31555
5693,731.8996
5694,734.36255
5695,396.2627
5696,702.19574
5697,695.4528
5698,759.0808
5699,767.94104
5700,703.97284
5701,520.97235
5702,693.71326
5703,724.596
5704,705.91974
5705,402.46533
5706,737.5612
5707,770.8997
5708,690.4719
5709,732.67035
5710,678.35077
5711,726.9073
5712,681.0731
5713,684.6084
5714,574.66626
5715,704.75745
5716,738.0989
5717,729.2762
5718,730.53613
5719,742.2103
5720,713.51263
5721,328.88614
5722,706.4041
5723,665.0065
5724,206.7145
5725,854.89496
5726,720.7654
5727,681.57666
5728,709.3352
5729,399.33807
5730,734.4447
5731,525.4506
5732,709.5926
5733,699.7341
5734,753.216
5735,735.2632
5736,781.3256
5737,718.6056
5738,732.8432
5739,737.4223
5740,164.76045
5741,711.1533
5742,713.6825
5743,674.3384
5744,703.381
5745,736.4992
5746,743.1755
5747,762.93726
5748,848.77435
5749,712.392
5750,749.3737
5751,683.81995
5752,680.4165
5753,727.0412
5754,704.77795
5755,723.2527
5756,844.4721
5757,639.1932
5758,728.2911
5759,683.4258
5760,401.5651
5761,678.66406
5762,292.65436
5763,294.54678
5764,715.8325
5765,720.00824
5766,741.34503
5767,710.61774
5768,690.97894
5769,690.5747
5770,293.71725
5771,723.0014
5772,739.77563
5773,677.85205
5774,752.65515
5775,719.14624
5776,731.26294
5777,754.3626
5778,295.5143
5779,464.74863
5780,398.59027
5781,846.91034
5782,722.2391
5783,401.6802
5784,171.83037
5785,702.45856
5786,677.62836
5787,402.78342
5788,758.61444
5789,842.73145
5790,748.5353
5791,679.1844
5792,701.85614
5793,399.1019
5794,750.0927
5795,410.445
5796,298.73886
5797,845.6718
5798,844.4212
5799,675.4393
5800,302.5816
5801,721.78357
5802,724.10583
5803,287.43732
5804,627.637
5805,712.98346
5806,525.4023
5807,725.22675
5808,679.07947
5809,701.448
5810,729.7201
5811,549.7179
5812,309.9363
5813,750.6006
5814,680.0052
5815,677.24396
5816,732.3611
5817,717.8463
5818,463.36218
5819,401.98413
5820,382.82532
5821,483.65152
5822,299.11026
5823,701.5055
5824,398.11652
5825,678.69507
5826,727.8042
5827,733.0637
5828,708.3909
5829,392.94308
5830,774.0759
5831,732.1216
5832,687.03815
5833,805.8029
5834,298.82538
5835,713.41266
5836,757.72845
5837,393.10364
5838,684.6583
5839,712.45447
5840,715.93317
5841,706.49005
5842,685.3466
5843,402.18127
5844,703.9593
5845,705.2491
5846,299.28406
5847,754.9971
5848,615.6938
5849,706.7608
5850,711.7387
5851,699.0853
5852,298.75177
5853,707.9467
5854,675.9943
5855,403.24542
5856,722.1736
5857,707.14044
5858,702.19434
5859,706.64954
5860,700.33026
5861,301.02856
5862,747.5879
5863,727.6489
5864,705.3946
5865,684.2574
5866,745.58594
5867,802.2322
5868,703.9565
5869,678.71643
5870,692.01843
5871,704.9764
5872,703.80347
5873,682.1565
5874,717.6609
5875,676.3881
5876,686.177
5877,705.586
5878,299.06552
5879,238.04791
5880,680.06757
5881,751.4524
5882,680.8972
5883,742.3344
5884,701.1646
5885,720.80994
5886,844.6652
5887,700.086
5888,747.6909
5889,746.6955
5890,677.55194
5891,704.4727
5892,853.15686
5893,742.3325
5894,398.7317
5895,721.2068
5896,294.9345
5897,262.5608
5898,683.5857
5899,783.04865
5900,721.71063
5901,296.1908
5902,185.46281
5903,682.2261
5904,738.84906
5905,808.06604
5906,403.84116
5907,718.0823
5908,727.5901
5909,769.6306
5910,705.3177
5911,699.9279
5912,396.48978
5913,692.0411
5914,843.6644
5915,402.69836
5916,734.2985
5917,704.1166
5918,736.4351
5919,736.9818
5920,754.3701
5921,297.8506
5922,749.32477
5923,708.51715
5924,692.77014
5925,749.81805
5926,707.81006
5927,684.46423
5928,695.7703
5929,721.0997
5930,729.996
5931,845.86096
5932,850.19073
5933,678.1432
5934,293.47913
5935,660.02344
5936,697.44464
5937,716.08704
5938,405.883
5939,704.09973
5940,292.0939
5941,682.02014
5942,405.36417
5943,725.9448
5944,671.6122
5945,710.67664
5946,737.4641
5947,723.79474
5948,840.6456
5949,726.3618
5950,682.0203
5951,395.4497
5952,681.2762
5953,722.5282
5954,742.35376
5955,393.2724
5956,723.7403
5957,682.92694
5958,294.86078
5959,697.5678
5960,686.50104
5961,316.33524
5962,722.0772
5963,679.69763
5964,700.72845
5965,736.2406
5966,405.0161
5967,687.77826
5968,702.84393
5969,408.75943
5970,699.5287
5971,700.4975
5972,696.4925
5973,774.4845
5974,713.50256
5975,457.39893
5976,840.8863
5977,401.87488
5978,390.34348
5979,745.89655
5980,305.79214
5981,689.9736
5982,730.7798
5983,282.78714
5984,543.8968
5985,750.88824
5986,700.5022
5987,297.94785
5988,701.65985
5989,374.5281
5990,681.71844
5991,688.47174
5992,725.94336
5993,299.97888
5994,397.8892
5995,735.37866
5996,499.5823
5997,677.9204
5998,393.78836
5999,747.13684
6000,719.5586
6001,696.7663
6002,704.9167
6003,728.25464
6004,703.32715
6005,702.612
6006,731.7137
6007,720.6898
6008,723.84644
6009,704.12463
6010,711.5681
6011,294.22754
6012,695.56433
6013,705.0712
6014,708.51263
6015,773.5974
6016,702.86383
6017,730.3894
6018,756.1735
6019,697.49176
6020,394.5185
6021,298.2709
6022,224.8641
6023,752.33044
6024,296.41245
6025,746.79407
6026,300.639
6027,717.2385
6028,714.7027
6029,753.477
6030,732.66705
6031,718.07416
6032,702.0272
6033,698.6365
6034,789.41376
6035,707.801
6036,766.8039
6037,831.7325
6038,704.7896
6039,501.38342
6040,721.6364
6041,741.6785
6042,742.45624
6043,712.4086
6044,688.07104
6045,815.28876
6046,696.0165
6047,718.1176
6048,268.10703
6049,739.1365
6050,733.5435
6051,768.6871
6052,718.65796
6053,679.4034
6054,700.12103
6055,392.86264
6056,785.17035
6057,753.7051
6058,847.0304
6059,752.4745
6060,401.4912
6061,696.03723
6062,677.06244
6063,687.4477
6064,678.30444
6065,850.83386
6066,690.59534
6067,695.0969
6068,294.6281
6069,570.4268
6070,705.02386
6071,696.2545
6072,728.8543
6073,712.80347
6074,721.3986
6075,732.77765
6076,689.4062
6077,724.5035
6078,745.51886
6079,297.51544
6080,301.2426
6081,848.2176
6082,688.25555
6083,689.6575
6084,716.222
6085,749.5893
6086,142.29501
6087,742.65515
6088,705.4123
6089,678.94525
6090,718.42926
6091,295.40152
6092,291.00333
6093,740.7073
6094,740.759
6095,295.44687
6096,302.06952
6097,700.2207
6098,722.5659
6099,566.7464
6100,706.7878
6101,837.4499
6102,713.1841
6103,720.1229
6104,742.77
6105,787.24255
6106,395.79028
6107,297.13968
6108,714.8477
6109,394.046
6110,677.00824
6111,382.4543
6112,682.6999
6113,686.6991
6114,848.111
6115,403.35648
6116,702.2573
6117,299.52994
6118,732.49805
6119,708.26587
6120,745.5667
6121,294.89996
6122,388.5216
6123,740.95
6124,677.91254
6125,707.7054
6126,399.61987
6127,749.0214
6128,690.65546
6129,398.50952
6130,750.74207
6131,674.38574
6132,404.0188
6133,679.2088
6134,399.36816
6135,716.4249
6136,735.0953
6137,294.42285
6138,259.833
6139,749.4746
6140,706.6498
6141,682.1856
6142,491.17285
6143,266.984
6144,700.32117
6145,709.4133
6146,396.54883
6147,850.249
6148,658.2738
6149,721.2371
6150,399.72928
6151,720.63275
6152,688.5559
6153,295.5647
6154,751.2197
6155,751.14685
6156,708.6575
6157,678.6134
6158,713.50446
6159,788.0057
6160,677.3322
6161,734.9347
6162,732.4131
6163,705.00995
6164,401.79962
6165,696.6589
6166,751.6941
6167,690.82715
6168,719.50275
6169,733.59644
6170,743.3409
6171,718.7132
6172,698.83856
6173,182.05362
6174,716.40735
6175,725.2807
6176,486.63416
6177,234.59772
6178,681.4839
6179,733.2114
6180,698.69934
6181,684.7618
6182,725.8232
6183,774.68585
6184,192.21716
6185,675.3131
6186,747.3218
6187,717.7055
6188,567.15
6189,393.4088
6190,725.3153
6191,721.58295
6192,841.0604
6193,710.30444
6194,751.1478
6195,768.6141
6196,403.01642
6197,298.4909
6198,738.5549
6199,762.5176
6200,720.6841
6201,725.1184
6202,774.97705
6203,697.04645
6204,744.10583
6205,727.66266
6206,688.20764
6207,706.2694
6208,401.10522
6209,691.2377
6210,410.503
6211,708.5033
6212,752.823
6213,676.9416
6214,730.4619
6215,707.3804
6216,690.2539
6217,403.3393
6218,297.13968
6219,749.68506
6220,732.9598
6221,723.57947
6222,237.14671
6223,729.6114
6224,704.7081
6225,723.523
6226,272.57056
6227,692.78827
6228,846.59064
6229,400.58145
6230,675.99066
6231,732.3353
6232,730.67615
6233,305.0482
6234,703.4951
6235,733.59174
6236,739.56287
6237,243.23497
6238,681.99646
6239,692.01447
6240,737.0573
6241,300.65515
6242,294.67917
6243,747.5625
6244,849.3928
6245,460.5764
6246,688.5688
6247,696.8765
6248,761.09406
6249,703.97186
6250,683.2597
6251,749.5252
6252,706.9765
6253,694.2242
6254,675.1024
6255,707.2356
6256,716.5878
6257,730.1432
6258,563.1575
6259,720.97046
6260,745.1876
6261,712.33215
6262,711.15515
6263,301.3335
6264,706.93445
6265,710.8608
6266,725.7955
6267,684.1077
6268,710.8388
6269,684.658
6270,725.74915
6271,703.7558
6272,840.16595
6273,734.9301
6274,665.07153
6275,700.86255
6276,746.0199
6277,224.93188
6278,707.4602
6279,704.2492
6280,757.1029
6281,681.3454
6282,849.6021
6283,748.7239
6284,715.19977
6285,731.26984
6286,295.04636
6287,747.448
6288,731.4402
6289,711.634
6290,727.93494
6291,733.1938
6292,342.10284
6293,731.9114
6294,681.32153
6295,735.08105
6296,286.55005
6297,751.80334
6298,707.7649
6299,720.0748
6300,295.26392
6301,844.84753
6302,831.3842
6303,847.80615
6304,718.607
6305,720.7375
6306,407.22675
6307,699.31146
6308,850.616
6309,715.41864
6310,685.13885
6311,684.5976
6312,712.26965
6313,707.7181
6314,774.4891
6315,838.0711
6316,298.47687
6317,767.45447
6318,694.05914
6319,732.2501
6320,405.6206
6321,148.99287
6322,708.08594
6323,528.97815
6324,686.72363
6325,723.8296
6326,750.5513
6327,666.1201
6328,734.5899
6329,740.85834
6330,299.0953
6331,853.2906
6332,851.53815
6333,673.5594
6334,508.736
6335,709.56976
6336,678.7126
6337,697.9902
6338,719.25116
6339,400.05692
6340,716.2108
6341,729.8938
6342,295.04248
6343,257.7768
6344,710.6599
6345,234.61087
6346,701.2144
6347,714.19495
6348,689.1459
6349,303.70105
6350,486.37854
6351,706.52167
6352,711.7147
6353,736.877
6354,705.7665
6355,736.7667
6356,178.96474
6357,688.5445
6358,456.89413
6359,299.78122
6360,727.3829
6361,718.5826
6362,744.36334
6363,841.432
6364,295.85364
6365,721.92035
6366,708.8419
6367,683.7273
6368,755.0996
6369,709.1463
6370,735.40015
6371,711.63727
6372,755.5386
6373,720.14545
6374,852.88934
6375,726.5006
6376,835.4763
6377,702.42554
6378,403.52567
6379,751.9357
6380,730.11884
6381,409.05582
6382,697.3265
6383,679.2221
6384,256.3194
6385,184.12686
6386,700.4925
6387,715.30005
6388,704.1754
6389,388.8828
6390,846.861
6391,851.7762
6392,699.9784
6393,566.6384
6394,178.96474
6395,751.0883
6396,700.40924
6397,286.0832
6398,682.8941
6399,573.61444
6400,720.14557
6401,745.3889
6402,541.0645
6403,170.03864
6404,727.24316
6405,746.7476
6406,482.62164
6407,848.5082
6408,770.7675
6409,711.2085
6410,824.83527
6411,699.3142
6412,840.4994
6413,846.54034
6414,836.8058
6415,704.7209
6416,699.0053
6417,762.2605
6418,707.90826
6419,739.159
6420,288.887
6421,756.0044
6422,693.4906
6423,679.52045
6424,734.2641
6425,734.0834
6426,763.3818
6427,753.14557
6428,710.5401
6429,308.32007
6430,704.588
6431,752.0905
6432,686.5977
6433,677.22687
6434,704.4883
6435,678.7649
6436,726.5732
6437,709.20667
6438,712.52466
6439,691.55566
6440,679.31683
6441,765.9311
6442,678.84875
6443,720.09705
6444,722.6259
6445,710.24884
6446,723.51215
6447,300.2792
6448,718.8338
6449,721.5307
6450,293.9847
6451,400.09988
6452,725.9552
6453,707.67706
6454,697.74414
6455,722.8323
6456,684.90656
6457,306.04834
6458,401.37662
6459,234.61697
6460,403.9714
6461,705.33856
6462,725.4664
6463,846.9302
6464,700.16315
6465,406.1313
6466,301.49924
6467,704.7718
6468,772.3943
6469,182.36073
6470,678.25507
6471,706.025
6472,294.38498
6473,701.7011
6474,701.20044
6475,684.39185
6476,243.42122
6477,679.51556
6478,850.5715
6479,680.67004
6480,684.78296
6481,752.8287
6482,691.10834
6483,683.6516
6484,667.5418
6485,677.3407
6486,699.8227
6487,845.68536
6488,736.53595
6489,738.1968
6490,758.9534
6491,715.19385
6492,683.5606
6493,296.0807
6494,710.3239
6495,737.26825
6496,405.28098
6497,702.86896
6498,699.11066
6499,683.76324
6500,686.2153
6501,703.9605
6502,727.09393
6503,256.622
6504,678.2401
6505,399.56122
6506,738.4032
6507,301.55606
6508,699.8779
6509,676.7795
6510,743.97534
6511,296.1871
6512,399.14578
6513,501.0471
6514,844.51465
6515,734.4212
6516,749.8613
6517,845.5686
6518,398.00787
6519,302.43655
6520,727.4918
6521,298.9538
6522,702.81854
6523,727.92865
6524,296.8802
6525,720.1063
6526,703.5517
6527,694.6664
6528,731.05853
6529,747.33844
6530,699.3182
6531,719.81433
6532,701.59644
6533,703.17505
6534,679.34656
6535,400.35306
6536,680.6731
6537,296.5246
6538,847.0262
6539,446.08664
6540,847.01135
6541,704.3707
6542,849.97473
6543,403.69843
6544,714.61395
6545,844.3536
6546,696.1999
6547,748.50543
6548,711.4763
6549,299.52994
6550,180.3962
6551,220.40834
6552,723.60596
6553,718.9408
6554,302.56003
6555,748.66504
6556,293.9807
6557,728.44806
6558,297.43115
6559,487.7892
6560,677.79755
6561,740.95795
6562,739.95605
6563,711.8641
6564,225.55533
6565,298.31342
6566,673.8085
6567,748.78644
6568,298.4719
6569,510.57172
6570,727.2757
6571,704.52374
6572,715.6835
6573,754.3008
6574,682.9093
6575,729.3332
6576,704.1098
6577,719.3486
6578,850.4116
6579,723.69037
6580,734.73956
6581,701.63214
6582,777.49567
6583,753.6754
6584,670.29407
6585,709.884
6586,676.18066
6587,705.2695
6588,678.9806
6589,703.295
6590,334.81824
6591,703.26624
6592,750.40485
6593,406.17905
6594,679.05396
6595,684.62177
6596,756.3631
6597,704.45636
6598,711.2559
6599,688.393
6600,728.4257
6601,683.04205
6602,402.44653
6603,703.6817
6604,732.09106
6605,712.09393
6606,685.3719
6607,403.644
6608,680.04486
6609,400.06052
6610,388.59982
6611,734.0347
6612,705.0492
6613,734.82263
6614,727.0429
6615,755.21136
6616,725.01385
6617,538.1894
6618,712.83594
6619,296.86935
6620,710.93835
6621,729.0002
6622,448.11594
6623,733.3705
6624,573.06775
6625,300.23813
6626,847.9646
6627,305.4052
6628,703.56665
6629,698.36285
6630,704.759
6631,718.9839
6632,724.2921
6633,298.89203
6634,302.88278
6635,737.31396
6636,667.64844
6637,393.94385
6638,708.71295
6639,703.7308
6640,743.95154
6641,725.6684
6642,842.5343
6643,679.8238
6644,727.22516
6645,296.3074
6646,719.3262
6647,703.7293
6648,703.84296
6649,739.9361
6650,751.07306
6651,724.8119
6652,697.7445
6653,721.0231
6654,770.2719
6655,378.8856
6656,682.1084
6657,153.89838
6658,307.04126
6659,694.74567
6660,399.0906
6661,721.51825
6662,684.1007
6663,752.90375
6664,686.8428
6665,745.56714
6666,681.59406
6667,848.5157
6668,398.346
6669,745.7895
6670,160.269
6671,828.6858
6672,727.3366
6673,674.9973
6674,682.11676
6675,732.33
6676,842.29663
6677,683.9988
6678,743.52924
6679,697.84753
6680,702.79083
6681,722.1246
6682,753.05273
6683,302.5816
6684,295.2953
6685,224.12186
6686,694.0875
6687,765.9371
6688,711.74915
6689,687.652
6690,713.6724
6691,702.014
6692,698.32007
6693,786.09216
6694,712.5427
6695,728.37756
6696,684.4012
6697,734.2556
6698,722.17944
6699,397.79565
6700,403.40958
6701,308.01028
6702,294.74768
6703,742.0928
6704,298.8267
6705,403.78226
6706,705.69824
6707,690.28516
6708,704.0088
6709,572.6235
6710,708.53186
6711,703.46844
6712,711.0545
6713,730.7466
6714,279.18735
6715,724.10565
6716,794.85986
6717,688.866
6718,713.8535
6719,700.50244
6720,690.8029
6721,404.6208
6722,725.8171
6723,707.0766
6724,703.99884
6725,688.89404
6726,391.50266
6727,393.49268
6728,705.9376
6729,732.73
6730,402.1673
6731,721.17444
6732,294.23108
6733,745.52606
6734,403.76562
6735,299.73682
6736,402.57913
6737,700.23737
6738,722.89307
6739,745.05237
6740,678.22534
6741,720.2959
6742,291.31714
6743,733.33295
6744,723.6111
6745,727.6961
6746,730.13324
6747,704.9801
6748,702.26685
6749,400.87695
6750,405.28653
6751,298.537
6752,683.4279
6753,679.4169
6754,819.301
6755,247.52637
6756,705.37427
6757,400.79922
6758,734.6371
6759,159.01936
6760,712.3508
6761,726.2996
6762,719.50946
6763,719.7376
6764,676.26245
6765,396.30884
6766,679.4404
6767,706.9268
6768,719.99695
6769,403.7336
6770,405.57062
6771,703.75024
6772,705.3141
6773,849.55884
6774,679.5828
6775,745.317
6776,298.782
6777,696.61194
6778,724.65076
6779,736.2531
6780,678.88904
6781,704.94635
6782,175.50447
6783,296.17453
6784,694.6814
6785,291.7252
6786,716.1366
6787,713.398
6788,728.317
6789,729.0471
6790,722.951
6791,754.7175
6792,399.08328
6793,845.71405
6794,677.3844
6795,714.49695
6796,302.4126
6797,736.1506
6798,721.48596
6799,762.8169
6800,704.7678
6801,710.2768
6802,228.86589
6803,721.25464
6804,397.51733
6805,695.91046
6806,745.10223
6807,299.43713
6808,702.857
6809,673.10236
6810,291.9056
6811,703.6248
6812,365.4211
6813,706.8295
6814,677.876
6815,725.7212
6816,548.6933
6817,708.4295
6818,717.5373
6819,183.27354
6820,155.68459
6821,697.72943
6822,707.72217
6823,656.3862
6824,704.5556
6825,399.61792
6826,752.6361
6827,750.841
6828,298.5032
6829,718.7205
6830,682.6488
6831,682.1913
6832,701.323
6833,713.5229
6834,701.6628
6835,409.7722
6836,703.4286
6837,704.83246
6838,706.8867
6839,297.0668
6840,695.459
6841,715.16736
6842,692.1181
6843,386.91537
6844,747.4695
6845,704.86206
6846,731.43616
6847,852.989
6848,298.4719
6849,404.98965
6850,401.99475
6851,745.9144
6852,852.3756
6853,727.0304
6854,760.0276
6855,691.1858
6856,762.0963
6857,699.68
6858,682.78564
6859,751.79944
6860,704.7229
6861,733.8222
6862,297.13855
6863,722.85913
6864,676.37933
6865,703.8741
6866,186.09242
6867,754.10815
6868,706.1201
6869,718.2045
6870,708.74493
6871,684.72614
6872,739.74207
6873,741.5231
6874,759.4381
6875,702.08246
6876,673.7686
6877,753.89026
6878,400.75467
6879,826.6989
6880,701.4853
6881,849.78766
6882,731.5156
6883,405.65594
6884,401.21918
6885,728.80383
6886,255.43883
6887,404.21307
6888,717.6083
6889,407.85526
6890,720.68945
6891,840.1464
6892,726.1466
6893,752.36646
6894,516.4966
6895,686.02527
6896,396.1014
6897,706.7265
6898,684.76526
6899,402.0156
6900,402.56607
6901,296.4896
6902,853.83136
6903,703.8277
6904,745.31604
6905,741.59595
6906,678.31885
6907,702.3216
6908,848.6156
6909,300.21906
6910,403.16516
6911,729.00757
6912,718.04193
6913,716.01465
6914,684.3257
6915,677.1064
6916,256.3194
6917,720.4795
6918,298.22946
6919,728.09503
6920,684.5458
6921,713.45905
6922,543.5155
6923,401.66785
6924,707.65643
6925,726.2212
6926,301.57104
6927,752.7505
6928,744.34045
6929,701.3976
6930,832.06116
6931,400.74698
6932,733.9599
6933,313.23322
6934,850.9187
6935,710.1486
6936,721.9499
6937,695.97815
6938,771.6945
6939,747.1732
6940,368.4813
6941,727.3557
6942,713.99054
6943,711.7601
6944,189.67847
6945,291.36148
6946,707.2411
6947,710.76666
6948,679.03845
6949,678.623
6950,713.1041
6951,658.7683
6952,686.17194
6953,305.64505
6954,299.054
6955,702.1842
6956,773.9693
6957,848.4854
6958,297.47842
6959,705.9643
6960,705.9503
6961,848.5208
6962,694.4283
6963,399.0704
6964,713.7401
6965,704.9385
6966,720.309
6967,691.5824
6968,757.3764
6969,718.75726
6970,405.5471
6971,691.68774
6972,703.48236
6973,400.86926
6974,733.98535
6975,850.8173
6976,525.0454
6977,777.24945
6978,708.36224
6979,501.08142
6980,713.9513
6981,706.2662
6982,732.4962
6983,751.88885
6984,298.75143
6985,743.0753
6986,683.16675
6987,841.92725
6988,753.1277
6989,700.1331
6990,404.9765
6991,389.0114
6992,701.9032
6993,259.5907
6994,669.03076
6995,735.19
6996,703.55304
6997,407.54172
6998,678.9183
6999,704.24585
7000,700.58105
7001,785.3905
7002,726.7461
7003,686.4737
7004,759.1873
7005,685.14355
7006,725.7053
7007,743.22217
7008,701.7768
7009,707.8314
7010,762.93304
7011,296.5916
7012,783.3643
7013,704.8443
7014,723.9162
7015,756.00116
7016,688.7326
7017,577.1613
7018,673.96735
7019,750.9843
7020,398.78836
7021,702.2228
7022,772.5823
7023,537.7832
7024,842.4438
7025,705.43896
7026,732.0448
7027,711.86755
7028,669.0217
7029,782.1929
7030,776.7982
7031,407.1227
7032,749.7956
7033,169.42583
7034,749.48627
7035,738.0969
7036,679.4917
7037,718.41974
7038,738.73346
7039,398.7591
7040,402.67444
7041,710.8906
7042,710.33307
7043,706.61957
7044,298.20984
7045,401.75616
7046,704.52905
7047,172.43681
7048,703.02924
7049,710.9588
7050,719.4797
7051,749.4658
7052,687.7935
7053,775.46265
7054,705.44446
7055,751.9505
7056,171.70627
7057,706.3846
7058,725.437
7059,295.29605
7060,400.6203
7061,752.35004
7062,705.4761
7063,703.8872
7064,703.04517
7065,683.19965
7066,703.3821
7067,678.7697
7068,305.05908
7069,731.88916
7070,698.19403
7071,707.64276
7072,735.12427
7073,744.23413
7074,737.09424
7075,562.7013
7076,682.2312
7077,757.72705
7078,735.9752
7079,729.7894
7080,580.2087
7081,702.81354
7082,698.01965
7083,717.81604
7084,699.5236
7085,738.5652
7086,770.38635
7087,702.16547
7088,733.8581
7089,679.8567
7090,722.41
7091,739.9731
7092,307.78754
7093,720.7841
7094,842.58215
7095,707.61237
7096,725.7019
7097,739.5706
7098,703.4967
7099,840.4288
7100,749.7484
7101,689.78253
7102,706.2135
7103,700.9389
7104,738.66534
7105,404.38263
7106,688.8032
7107,703.1117
7108,702.45026
7109,698.41077
7110,727.7538
7111,404.30753
7112,701.6783
7113,401.9642
7114,720.42346
7115,188.71948
7116,722.38794
7117,691.81976
7118,700.68494
7119,718.1535
7120,708.91125
7121,708.46387
7122,718.02576
7123,719.2983
7124,703.1529
7125,541.0259
7126,402.27844
7127,726.26984
7128,674.5431
7129,720.5743
7130,681.4732
7131,835.06445
7132,754.8773
7133,747.1017
7134,696.88745
7135,404.45282
7136,264.82434
7137,762.8297
7138,744.4778
7139,709.22266
7140,737.5626
7141,295.3706
7142,299.6592
7143,290.72467
7144,290.06854
7145,330.80032
7146,710.46716
7147,697.7791
7148,708.2399
7149,260.52463
7150,713.1368
7151,781.234
7152,666.8343
7153,841.92834
7154,696.3025
7155,566.4478
7156,849.2027
7157,726.2095
7158,845.48846
7159,705.9803
7160,743.7829
7161,395.81384
7162,694.047
7163,843.24945
7164,748.2804
7165,696.86896
7166,706.45435
7167,675.44696
7168,718.4558
7169,291.2736
7170,739.02
7171,752.70123
7172,850.01886
7173,725.95905
7174,743.7731
7175,672.0171
7176,728.2319
7177,716.83417
7178,706.62463
7179,586.6153
7180,701.6301
7181,258.0867
7182,741.87115
7183,402.0225
7184,704.32104
7185,729.6069
7186,710.869
7187,799.3
7188,701.8849
7189,683.89087
7190,403.3267
7191,728.01556
7192,728.746
7193,723.3667
7194,409.37878
7195,748.1754
7196,403.29794
7197,722.76117
7198,404.7868
7199,686.7153
7200,679.53656
7201,751.9865
7202,369.9869
7203,848.809
7204,293.32233
7205,721.1247
7206,700.65393
7207,725.63794
7208,715.2006
7209,773.9833
7210,715.20056
7211,403.50037
7212,749.5879
7213,717.7391
7214,704.0422
7215,846.9695
7216,279.94922
7217,276.2834
7218,389.21405
7219,297.45956
7220,713.6858
7221,683.15424
7222,694.6575
7223,299.2805
7224,703.6202
7225,398.34695
7226,168.63768
7227,239.47676
7228,710.7454
7229,723.4386
7230,699.2093
7231,751.9111
7232,723.52924
7233,749.3696
7234,704.0052
7235,745.9211
7236,714.2241
7237,709.915
7238,697.36456
7239,677.9329
7240,399.1604
7241,721.4048
7242,751.97455
7243,672.5382
7244,183.4755
7245,703.1379
7246,178.96474
7247,731.5208
7248,712.1887
7249,316.7068
7250,291.94144
7251,716.7157
7252,718.73236
7253,188.71948
7254,696.0206
7255,746.01874
7256,709.3509
7257,299.10803
7258,681.3765
7259,677.5774
7260,702.8749
7261,183.886
7262,732.96277
7263,293.1771
7264,688.2837
7265,700.0757
7266,703.63995
7267,403.71478
7268,702.58374
7269,407.79916
7270,700.3905
7271,541.7122
7272,694.13354
7273,847.711
7274,681.84515
7275,715.58307
7276,840.55505
7277,702.2395
7278,710.67316
7279,393.45566
7280,186.719
7281,737.4126
7282,256.57394
7283,723.65594
7284,703.89856
7285,340.99088
7286,843.0861
7287,706.0099
7288,696.16156
7289,720.7308
7290,851.47473
7291,725.1987
7292,759.11017
7293,717.2775
7294,720.91113
7295,294.40424
7296,725.34125
7297,564.9231
7298,850.97034
7299,704.11896
7300,711.5786
7301,708.2596
7302,702.5845
7303,687.134
7304,259.72946
7305,190.81107
7306,835.6692
7307,702.2085
7308,729.51855
7309,729.02014
7310,398.2661
7311,370.33002
7312,705.7464
7313,849.8058
7314,690.6187
7315,736.2964
7316,712.7836
7317,689.7808
7318,394.98764
7319,682.2892
7320,778.94183
7321,681.3933
7322,699.6813
7323,692.4991
7324,709.45087
7325,680.365
7326,405.1364
7327,398.73483
7328,722.28235
7329,252.16518
7330,721.1767
7331,677.3347
7332,292.70737
7333,705.6412
7334,711.5194
7335,294.90305
7336,721.99207
7337,732.2734
7338,696.5869
7339,704.9618
7340,695.8737
7341,702.7966
7342,295.5182
7343,718.7421
7344,403.16556
7345,718.7721
7346,238.10907
7347,395.92422
7348,662.1712
7349,722.7314
7350,746.6499
7351,676.4949
7352,404.15646
7353,232.3535
7354,734.1455
7355,712.6795
7356,774.17267
7357,708.25867
7358,723.01556
7359,734.32135
7360,697.92194
7361,401.47394
7362,401.98703
7363,852.80347
7364,696.4831
7365,694.03687
7366,709.1534
7367,730.98834
7368,295.75394
7369,712.5967
7370,677.1827
7371,404.548
7372,707.56055
7373,689.3458
7374,691.6888
7375,738.8167
7376,702.23804
7377,734.67645
7378,304.70374
7379,300.93115
7380,678.6444
7381,700.25836
7382,764.0058
7383,399.67865
7384,293.7866
7385,721.9087
7386,717.6282
7387,428.28952
7388,720.55347
7389,702.5344
7390,300.67902
7391,745.3839
7392,402.74634
7393,689.83154
7394,296.91492
7395,848.18384
7396,702.95685
7397,706.2723
7398,772.49524
7399,252.89113
7400,734.47736
7401,846.14557
7402,748.89886
7403,380.52557
7404,234.66347
7405,728.83026
7406,752.87897
7407,696.8585
7408,708.3342
7409,684.35095
7410,401.9638
7411,842.33496
7412,510.2895
7413,567.4649
7414,250.95555
7415,720.57874
7416,680.0019
7417,254.7299
7418,755.83496
7419,746.10535
7420,721.064
7421,724.42145
7422,704.09314
7423,674.6968
7424,723.06024
7425,693.11304
7426,689.28296
7427,718.70105
7428,671.2212
7429,682.7215
7430,678.31415
7431,738.7711
7432,292.08026
7433,748.98444
7434,676.1336
7435,841.0799
7436,806.30194
7437,753.37
7438,700.8115
7439,401.05646
7440,671.7947
7441,737.8494
7442,748.376
7443,722.56354
7444,813.7962
7445,301.4255
7446,745.0112
7447,753.7519
7448,703.3441
7449,702.11224
7450,297.735
7451,677.68494
7452,740.3531
7453,718.85034
7454,679.94653
7455,748.268
7456,394.9843
7457,750.47235
7458,720.9782
7459,746.93945
7460,765.6474
7461,405.36188
7462,731.3966
7463,730.14044
7464,721.9322
7465,681.3116
7466,399.30826
7467,710.2086
7468,711.43085
7469,730.03577
7470,753.7959
7471,343.97244
7472,671.1874
7473,667.3696
7474,708.2648
7475,742.8244
7476,681.9151
7477,739.3197
7478,733.9549
7479,676.26117
7480,254.12512
7481,677.9996
7482,730.9147
7483,846.42883
7484,544.36
7485,402.52972
7486,733.86755
7487,729.1211
7488,732.5234
7489,677.6006
7490,684.32477
7491,558.598
7492,678.6908
7493,715.0567
7494,734.15533
7495,693.782
7496,677.37146
7497,699.321
7498,175.08252
7499,308.2199
7500,297.6766
7501,681.03625
7502,703.7449
7503,395.37604
7504,678.7122
7505,300.6385
7506,698.59326
7507,678.56177
7508,735.6857
7509,694.703
7510,782.3477
7511,393.30026
7512,400.32263
7513,687.52405
7514,294.15424
7515,397.4356
7516,693.1216
7517,707.44446
7518,299.2866
7519,397.65604
7520,679.39185
7521,732.9106
7522,749.4836
7523,703.6232
7524,707.74835
7525,730.9895
7526,728.36096
7527,682.1791
7528,729.96875
7529,711.2984
7530,749.2698
7531,692.6655
7532,700.70575
7533,736.0451
7534,401.16147
7535,678.9901
7536,732.0596
7537,738.0673
7538,752.32947
7539,289.8016
7540,791.5363
7541,846.9781
7542,734.1352
7543,752.8055
7544,722.20557
7545,721.0605
7546,774.0488
7547,714.44
7548,289.42355
7549,740.6359
7550,708.8293
7551,699.5943
7552,754.7542
7553,543.79694
7554,300.641
7555,707.7015
7556,748.43146
7557,696.6731
7558,856.1257
7559,297.78162
7560,717.8022
7561,282.7491
7562,295.44687
7563,727.1982
7564,685.29865
7565,241.05022
7566,714.0695
7567,704.2919
7568,702.4893
7569,688.7122
7570,718.4077
7571,298.00284
7572,544.1691
7573,844.0527
7574,315.26016
7575,547.6244
7576,751.4281
7577,685.24194
7578,689.78046
7579,752.78394
7580,705.77936
7581,717.70135
7582,695.9912
7583,732.9065
7584,716.1662
7585,402.89526
7586,299.48068
7587,679.3728
7588,833.7714
7589,721.2781
7590,710.1979
7591,751.977
7592,725.97577
7593,839.1253
7594,701.1755
7595,704.2999
7596,402.73087
7597,400.9762
7598,703.1383
7599,291.73422
7600,529.6265
7601,703.91284
7602,682.8859
7603,730.7563
7604,297.493
7605,809.69586
7606,303.96695
7607,403.02512
7608,781.98157
7609,736.37067
7610,660.8086
7611,307.98328
7612,175.97403
7613,681.4138
7614,230.62057
7615,727.4752
7616,699.32166
7617,696.15076
7618,294.37622
7619,373.1547
7620,665.9695
7621,297.324
7622,397.90952
7623,396.50656
7624,735.3295
7625,716.90875
7626,716.12854
7627,728.3059
7628,698.7843
7629,186.81383
7630,673.17114
7631,723.6322
7632,295.4785
7633,237.81026
7634,846.4027
7635,696.3711
7636,297.22052
7637,718.46313
7638,754.2019
7639,701.6778
7640,699.6767
7641,751.94604
7642,296.16782
7643,833.82904
7644,695.7844
7645,740.25525
7646,681.2502
7647,299.26013
7648,682.6706
7649,745.5056
7650,298.4074
7651,298.27948
7652,258.60376
7653,712.0101
7654,720.5299
7655,731.4973
7656,729.1895
7657,739.7925
7658,834.9523
7659,841.1943
7660,847.4387
7661,682.6757
7662,702.013
7663,702.5035
7664,264.29047
7665,228.30533
7666,832.0394
7667,397.00934
7668,704.3925
7669,403.68295
7670,301.05017
7671,721.9769
7672,690.06647
7673,537.52563
7674,716.157
7675,851.8203
7676,402.43298
7677,677.3974
7678,703.81714
7679,853.1484
7680,848.5082
7681,570.7141
7682,850.22504
7683,484.9004
7684,840.36017
7685,677.28906
7686,733.21014
7687,688.3186
7688,717.8009
7689,572.03424
7690,292.96326
7691,302.55798
7692,701.2271
7693,749.2848
7694,708.60974
7695,672.29645
7696,676.4661
7697,727.7873
7698,405.58923
7699,456.69266
7700,540.90295
7701,296.7114
7702,750.80115
7703,742.69006
7704,551.815
7705,749.8914
7706,698.50903
7707,772.2632
7708,158.85056
7709,694.5582
7710,750.81573
7711,709.55145
7712,715.4788
7713,162.78435
7714,704.4389
7715,713.0067
7716,733.8683
7717,688.8729
7718,679.49927
7719,697.18646
7720,733.0225
7721,690.816
7722,725.77734
7723,722.17865
7724,769.7035
7725,504.67084
7726,703.402
7727,754.8329
7728,671.4227
7729,734.78955
7730,852.88214
7731,402.10953
7732,685.5123
7733,733.93005
7734,731.8118
7735,760.6741
7736,686.3074
7737,666.352
7738,712.46796
7739,707.6576
7740,302.91776
7741,680.5828
7742,676.9589
7743,681.43866
7744,538.4795
7745,689.20013
7746,805.03503
7747,393.09073
7748,404.9616
7749,685.77637
7750,702.82056
7751,731.5332
7752,751.468
7753,734.86926
7754,705.5751
7755,745.12573
7756,763.89496
7757,736.1525
7758,731.0435
7759,750.57
7760,400.78885
7761,676.0057
7762,302.56668
7763,684.82935
7764,739.73486
7765,682.32025
7766,405.8308
7767,745.01056
7768,705.52893
7769,531.0582
7770,721.00977
7771,405.3516
7772,722.3906
7773,296.8609
7774,715.45856
7775,277.61383
7776,189.096
7777,711.7064
7778,751.424
7779,402.8139
7780,702.0322
7781,707.5919
7782,404.62405
7783,401.1119
7784,734.03516
7785,716.5468
7786,185.50197
7787,759.2639
7788,697.32416
7789,237.14671
7790,741.2553
7791,836.41284
7792,727.04834
7793,756.62067
7794,666.38495
7795,698.67914
7796,394.95728
7797,696.87994
7798,730.6152
7799,700.9157
7800,674.943
7801,727.56866
7802,733.95776
7803,814.0389
7804,730.05347
7805,723.30194
7806,713.2465
7807,723.5394
7808,679.1226
7809,707.62823
7810,300.13358
7811,402.44058
7812,677.24884
7813,706.5475
7814,729.917
7815,717.6116
7816,719.6545
7817,700.1282
7818,734.6647
7819,676.98944
7820,703.20667
7821,659.57184
7822,747.5225
7823,710.1996
7824,685.003
7825,701.4759
7826,702.111
7827,681.51013
7828,787.2268
7829,709.8649
7830,175.77135
7831,676.81116
7832,771.75946
7833,713.04016
7834,295.2524
7835,700.8766
7836,723.6261
7837,296.8565
7838,540.20465
7839,715.3737
7840,743.80634
7841,403.83398
7842,839.6916
7843,678.6205
7844,719.2388
7845,811.6105
7846,674.7132
7847,703.4041
7848,740.2775
7849,708.5014
7850,749.565
7851,713.5157
7852,446.21628
7853,702.09576
7854,401.27032
7855,728.2926
7856,683.9535
7857,752.2964
7858,846.5026
7859,720.522
7860,687.08234
7861,399.6778
7862,677.297
7863,679.4841
7864,669.6463
7865,731.65704
7866,744.1746
7867,283.79056
7868,694.26825
7869,757.20734
7870,691.2679
7871,175.90811
7872,693.1721
7873,836.99036
7874,688.26666
7875,742.0225
7876,730.709
7877,293.9807
7878,699.1437
7879,404.19885
7880,707.3214
7881,186.9758
7882,706.3621
7883,763.537
7884,295.40405
7885,295.2155
7886,301.13474
7887,703.86316
7888,396.28412
7889,715.585
7890,677.4814
7891,720.3657
7892,702.62366
7893,742.7081
7894,292.22003
7895,314.32953
7896,737.3883
7897,840.5009
7898,789.16144
7899,687.44086
7900,689.54663
7901,750.22046
7902,397.6246
7903,298.03516
7904,677.8018
7905,752.93146
7906,396.98718
7907,733.78485
7908,719.6073
7909,758.7025
7910,797.1608
7911,703.78235
7912,297.05624
7913,501.06
7914,763.0988
7915,396.94846
7916,760.80975
7917,696.8631
7918,733.47144
7919,720.3272
7920,697.0994
7921,403.86234
7922,726.05896
7923,397.13452
7924,685.3086
7925,400.93417
7926,731.2706
7927,787.1513
7928,737.5994
7929,702.4537
7930,296.6484
7931,651.6725
7932,405.02402
7933,717.59235
7934,499.27127
7935,693.7941
7936,365.68817
7937,405.0577
7938,848.38525
7939,682.15674
7940,843.6649
7941,708.8237
7942,292.885
7943,728.4961
7944,700.2903
7945,735.255
7946,716.98975
7947,849.14056
7948,511.8998
7949,761.69165
7950,403.13373
7951,679.3051
7952,839.85956
7953,681.5051
7954,723.23834
7955,852.1172
7956,710.40356
7957,236.43228
7958,712.0374
7959,699.22565
7960,718.6485
7961,847.64685
7962,399.70566
7963,320.4069
7964,723.7348
7965,702.38495
7966,720.15137
7967,496.89542
7968,402.08826
7969,720.4938
7970,727.7294
7971,728.86816
7972,751.46985
7973,756.10834
7974,744.60205
7975,700.8717
7976,727.28125
7977,717.29486
7978,680.0277
7979,717.12524
7980,680.4274
7981,677.8065
7982,843.94867
7983,720.98035
7984,727.2355
7985,686.5986
7986,709.06647
7987,705.2143
7988,704.87805
7989,405.1708
7990,707.5443
7991,726.9824
7992,291.0927
7993,298.28275
7994,294.05115
7995,735.7052
7996,706.20764
7997,683.7687
7998,691.0018
7999,727.3842
8000,697.73315
8001,700.8391
8002,701.89154
8003,234.18463
8004,679.825
8005,293.34805
8006,717.1644
8007,676.75604
8008,751.6607
8009,406.94815
8010,404.72888
8011,662.9296
8012,733.3095
8013,676.15265
8014,394.76953
8015,729.7893
8016,764.7005
8017,736.8487
8018,683.5367
8019,750.86456
8020,456.2129
8021,714.2503
8022,292.53308
8023,703.6427
8024,737.59906
8025,737.7199
8026,688.47266
8027,844.4869
8028,677.1966
8029,800.2045
8030,299.49292
8031,732.8052
8032,683.73883
8033,689.952
8034,755.64716
8035,404.8924
8036,723.2123
8037,717.85944
8038,776.46204
8039,749.53906
8040,405.75555
8041,731.73376
8042,719.13916
8043,681.05707
8044,684.52966
8045,845.0636
8046,404.61917
8047,395.93018
8048,276.6675
8049,722.517
8050,529.18054
8051,717.24
8052,300.98648
8053,400.38968
8054,676.5302
8055,704.23456
8056,738.7265
8057,380.91544
8058,739.73584
8059,504.33514
8060,799.52924
8061,746.84937
8062,705.5467
8063,297.41644
8064,758.63556
8065,711.4362
8066,746.0777
8067,398.6622
8068,707.04047
8069,276.51596
8070,733.20825
8071,295.87482
8072,728.6072
8073,721.46686
8074,703.12354
8075,752.424
8076,712.77216
8077,718.26324
8078,710.10974
8079,398.25726
8080,733.68384
8081,692.136
8082,709.9559
8083,687.045
8084,235.65785
8085,742.37366
8086,706.14905
8087,257.32755
8088,686.28406
8089,712.71564
8090,736.5284
8091,746.8812
8092,544.9681
8093,723.18036
8094,404.25858
8095,684.632
8096,683.9253
8097,709.59973
8098,701.4123
8099,297.21655
8100,745.96136
8101,691.55585
8102,302.18625
8103,721.7036
8104,742.0327
8105,717.7553
8106,399.8557
8107,302.0527
8108,750.7629
8109,638.87933
8110,682.09534
8111,806.8952
8112,681.0426
8113,299.85138
8114,293.56726
8115,767.3581
8116,695.0376
8117,699.3558
8118,752.9447
8119,728.27344
8120,696.1854
8121,384.93207
8122,735.83624
8123,749.2081
8124,727.7443
8125,740.14526
8126,298.4909
8127,677.9086
8128,717.65393
8129,508.41412
8130,688.5525
8131,780.51385
8132,712.0344
8133,277.70972
8134,291.41443
8135,407.57153
8136,752.396
8137,685.15424
8138,259.04532
8139,295.82684
8140,729.3612
8141,711.6281
8142,743.7652
8143,764.0972
8144,765.929
8145,688.9037
8146,703.9411
8147,732.3834
8148,688.2334
8149,732.4779
8150,741.72974
8151,695.10986
8152,766.36884
8153,674.33234
8154,720.99945
8155,294.88852
8156,682.5067
8157,720.88837
8158,851.51483
8159,698.8671
8160,749.463
8161,399.06458
8162,712.4548
8163,696.9522
8164,696.45325
8165,849.3206
8166,398.81152
8167,701.2004
8168,676.1166
8169,701.72345
8170,717.2952
8171,679.99365
8172,630.056
8173,748.9265
8174,712.1748
8175,745.67267
8176,756.85394
8177,686.8846
8178,285.10373
8179,720.52893
8180,309.2539
8181,680.7719
8182,728.6334
8183,690.03186
8184,297.76205
8185,713.6649
8186,529.5799
8187,303.19623
8188,690.5788
8189,716.8391
8190,752.4623
8191,398.41943
8192,726.6738
8193,712.70215
8194,751.004
8195,400.28235
8196,682.9698
8197,398.28186
8198,332.34253
8199,742.223
8200,403.38058
8201,685.53577
8202,399.8159
8203,752.7618
8204,727.3292
8205,680.15466
8206,722.2941
8207,699.1171
8208,745.1892
8209,733.6038
8210,694.865
8211,729.8086
8212,766.9538
8213,312.60782
8214,292.95773
8215,753.974
8216,801.8665
8217,695.53156
8218,706.8134
8219,697.30066
8220,309.00598
8221,756.2294
8222,744.3155
8223,505.52637
8224,415.19815
8225,680.5276
8226,685.66046
8227,727.82074
8228,237.14671
8229,684.9294
8230,744.3499
8231,756.85583
8232,723.9954
8233,730.5864
8234,764.1321
8235,762.8097
8236,724.6017
8237,250.98645
8238,767.7913
8239,735.1637
8240,725.2385
8241,396.93286
8242,709.00165
8243,395.86392
8244,725.813
8245,679.2959
8246,296.96637
8247,700.98395
8248,401.57507
8249,452.06827
8250,751.29285
8251,691.17456
8252,847.3507
8253,404.1851
8254,844.412
8255,292.5382
8256,706.6954
8257,730.8145
8258,398.2309
8259,727.8833
8260,679.8857
8261,706.15814
8262,719.9668
8263,751.50134
8264,405.29904
8265,682.5997
8266,694.13837
8267,774.5039
8268,751.38043
8269,663.71783
8270,518.7756
8271,848.759
8272,734.79865
8273,742.2637
8274,691.5839
8275,800.6288
8276,715.52313
8277,185.50197
8278,763.8024
8279,401.13666
8280,701.05707
8281,710.4062
8282,296.72452
8283,688.3101
8284,717.97833
8285,296.80035
8286,704.7031
8287,747.22546
8288,709.20874
8289,743.1362
8290,525.5145
8291,742.55304
8292,705.6315
8293,838.5987
8294,678.8717
8295,404.2521
8296,398.81403
8297,635.8967
8298,725.06805
8299,405.3817
8300,747.3679
8301,713.74146
8302,718.35004
8303,765.325
8304,699.7136
8305,396.40512
8306,781.9728
8307,681.9946
8308,848.6258
8309,663.80743
8310,765.0432
8311,845.84033
8312,405.8802
8313,401.4427
8314,732.3897
8315,714.0044
8316,701.2873
8317,716.19885
8318,694.52637
8319,846.81366
8320,702.8943
8321,765.42523
8322,839.59
8323,703.6696
8324,723.75305
8325,533.72943
8326,749.79816
8327,783.58185
8328,842.67706
8329,238.60284
8330,706.70935
8331,700.49146
8332,740.26306
8333,405.88962
8334,720.0918
8335,728.2002
8336,402.12906
8337,694.1313
8338,704.322
8339,681.5498
8340,263.39645
8341,734.17426
8342,729.0959
8343,687.2754
8344,716.5123
8345,780.4892
8346,299.19373
8347,718.7161
8348,400.36444
8349,708.7883
8350,849.3051
8351,723.0477
8352,692.4215
8353,702.15076
8354,846.7955
8355,684.24036
8356,396.1904
8357,185.5411
8358,670.33887
8359,302.30447
8360,287.14142
8361,403.91013
8362,702.69415
8363,695.5804
8364,728.44073
8365,299.22006
8366,733.58746
8367,727.8853
8368,402.5245
8369,750.25995
8370,744.975
8371,397.0513
8372,506.34045
8373,695.65656
8374,722.0555
8375,705.7347
8376,842.23126
8377,717.45105
8378,717.7422
8379,716.9208
8380,305.29156
8381,406.24753
8382,720.7814
8383,667.00323
8384,848.9047
8385,752.0659
8386,707.6881
8387,677.65314
8388,701.8257
8389,703.71765
8390,707.21173
8391,403.57104
8392,751.72705
8393,843.7483
8394,698.562
8395,384.37967
8396,167.92212
8397,719.7036
8398,699.7668
8399,702.7795
8400,673.6938
8401,724.9505
8402,720.86127
8403,754.1518
8404,621.98846
8405,733.3359
8406,296.8447
8407,701.8436
8408,681.7947
8409,751.474
8410,717.1175
8411,750.9572
8412,712.3917
8413,750.6461
8414,399.4171
8415,713.6484
8416,725.1566
8417,711.6396
8418,237.67542
8419,746.87573
8420,399.04434
8421,698.7727
8422,694.733
8423,301.51416
8424,722.6086
8425,174.17068
8426,394.68567
8427,703.21716
8428,754.2109
8429,399.19098
8430,727.265
8431,767.6762
8432,721.7678
8433,782.22076
8434,390.26807
8435,747.50806
8436,714.0861
8437,186.13948
8438,682.7675
8439,698.4676
8440,691.12354
8441,740.2121
8442,733.97845
8443,686.2233
8444,744.776
8445,750.97125
8446,754.537
8447,844.5769
8448,733.9876
8449,680.8585
8450,711.8025
8451,722.24023
8452,301.44717
8453,296.85852
8454,767.6632
8455,695.0592
8456,752.32825
8457,235.21707
8458,707.8191
8459,402.48328
8460,695.63965
8461,220.5225
8462,295.609
8463,404.4308
8464,758.9686
8465,680.56415
8466,407.26443
8467,724.6524
8468,718.63275
8469,736.9768
8470,714.72015
8471,701.7899
8472,546.527
8473,751.71136
8474,680.5902
8475,745.0599
8476,798.0406
8477,721.4573
8478,756.361
8479,722.12787
8480,395.61624
8481,705.6606
8482,734.8352
8483,749.037
8484,406.01178
8485,840.9805
8486,707.9027
8487,750.4248
8488,735.90857
8489,676.30695
8490,686.82513
8491,680.21313
8492,854.73456
8493,705.3848
8494,181.38799
8495,746.6882
8496,298.3158
8497,744.1442
8498,731.4066
8499,298.69116
8500,686.1915
8501,698.0309
8502,667.9397
8503,748.5531
8504,693.82184
8505,704.9451
8506,716.10736
8507,707.1671
8508,775.20825
8509,752.4437
8510,699.6187
8511,700.1706
8512,706.80115
8513,749.2284
8514,726.25635
8515,698.76544
8516,703.064
8517,295.16553
8518,707.9591
8519,817.08905
8520,742.2733
8521,293.9847
8522,683.7263
8523,404.50577
8524,687.89105
8525,676.59235
8526,719.8935
8527,745.8605
8528,677.0523
8529,302.37704
8530,298.379
8531,708.44006
8532,727.6728
8533,768.7644
8534,716.974
8535,685.4713
8536,727.95654
8537,709.609
8538,715.1401
8539,740.7814
8540,701.3702
8541,313.1986
8542,729.12244
8543,746.6722
8544,770.38617
8545,706.4077
8546,736.7374
8547,727.8374
8548,716.92535
8549,289.0209
8550,704.7273
8551,744.9628
8552,689.2316
8553,712.47076
8554,755.4186
8555,679.023
8556,710.34296
8557,494.3967
8558,681.2945
8559,695.24115
8560,400.24185
8561,752.7433
8562,728.89185
8563,405.84454
8564,848.4343
8565,707.3223
8566,714.1422
8567,719.4008
8568,681.8408
8569,726.29755
8570,716.65967
8571,703.2405
8572,681.4787
8573,846.2697
8574,752.52606
8575,715.4014
8576,742.5086
8577,725.822
8578,296.5222
8579,701.7574
8580,704.70465
8581,849.5509
8582,693.98206
8583,729.8803
8584,679.0898
8585,369.53867
8586,304.25134
8587,403.58292
8588,297.21423
8589,774.59814
8590,676.2146
8591,705.7887
8592,404.74033
8593,728.7982
8594,745.0381
8595,734.3565
8596,402.4175
8597,768.2295
8598,706.69
8599,678.39594
8600,715.34076
8601,694.8754
8602,725.29944
8603,722.2069
8604,678.72534
8605,701.0465
8606,708.667
8607,779.2654
8608,292.10275
8609,186.5558
8610,729.9355
8611,715.69305
8612,692.9257
8613,677.7585
8614,399.53696
8615,398.87384
8616,716.4794
8617,732.60925
8618,679.0296
8619,538.2138
8620,723.3234
8621,679.59625
8622,687.0489
8623,756.5293
8624,542.70514
8625,719.1072
8626,299.6831
8627,295.5601
8628,403.0413
8629,746.8621
8630,723.7624
8631,702.48895
8632,386.90955
8633,705.5929
8634,299.19595
8635,730.2805
8636,718.9843
8637,703.1897
8638,722.5505
8639,406.4718
8640,704.98193
8641,395.41354
8642,717.2354
8643,699.2018
8644,683.087
8645,711.33563
8646,767.3068
8647,752.00836
8648,736.85034
8649,542.24304
8650,745.0663
8651,701.4449
8652,677.4272
8653,727.8197
8654,746.56635
8655,728.287
8656,747.52203
8657,702.5238
8658,745.9956
8659,845.0257
8660,691.1719
8661,400.42365
8662,674.35364
8663,700.63275
8664,751.97833
8665,699.08856
8666,299.2657
8667,407.75757
8668,845.14264
8669,693.3702
8670,774.3835
8671,795.2528
8672,723.8219
8673,401.7689
8674,713.1739
8675,721.0459
8676,255.51012
8677,697.8082
8678,704.709
8679,368.32556
8680,690.42084
8681,301.95532
8682,547.54535
8683,706.1277
8684,845.82904
8685,732.1854
8686,386.78564
8687,699.6987
8688,405.4618
8689,301.5291
8690,383.3572
8691,740.5833
8692,733.1585
8693,680.083
8694,724.08655
8695,264.93875
8696,754.37524
8697,749.7509
8698,293.35617
8699,719.7528
8700,296.80557
8701,220.95248
8702,707.50024
8703,676.54486
8704,682.0761
8705,724.70374
8706,399.89517
8707,679.3727
8708,405.1519
8709,853.6937
8710,683.8772
8711,181.52461
8712,644.7654
8713,700.78546
8714,698.8738
8715,847.5594
8716,294.2059
8717,847.0494
8718,694.5708
8719,772.7597
8720,701.7104
8721,771.10297
8722,716.0301
8723,296.53064
8724,716.0576
8725,731.42834
8726,854.29584
8727,702.7173
8728,703.1668
8729,399.2631
8730,705.7321
8731,751.60596
8732,402.4646
8733,708.9196
8734,402.30093
8735,682.3798
8736,852.38745
8737,744.90063
8738,732.3485
8739,786.57605
8740,734.1734
8741,297.58386
8742,690.53876
8743,706.02893
8744,710.08984
8745,709.6186
8746,757.8971
8747,846.8795
8748,721.4871
8749,395.0683
8750,695.69476
8751,759.0342
8752,296.8802
8753,460.99564
8754,721.70325
8755,237.72516
8756,714.65845
8757,848.09485
8758,694.59296
8759,219.0816
8760,719.0998
8761,721.8771
8762,404.30246
8763,679.69226
8764,400.82904
8765,700.5724
8766,680.5549
8767,338.84933
8768,733.6449
8769,677.2131
8770,748.294
8771,729.5536
8772,724.94305
8773,719.21466
8774,399.06967
8775,730.38824
8776,722.4438
8777,680.0445
8778,667.9922
8779,733.5215
8780,682.04614
8781,703.3255
8782,695.15326
8783,399.16483
8784,300.67902
8785,725.84656
8786,705.2758
8787,806.90796
8788,690.80457
8789,668.7244
8790,770.31165
8791,702.67737
8792,294.14023
8793,709.13104
8794,737.63837
8795,678.7775
8796,844.848
8797,703.6671
8798,746.32916
8799,403.18222
8800,752.26117
8801,668.92053
8802,702.20593
8803,714.21906
8804,404.01047
8805,736.00494
8806,723.07025
8807,706.0064
8808,709.43604
8809,286.4864
8810,835.58563
8811,723.7185
8812,718.965
8813,733.68915
8814,710.2111
8815,693.04016
8816,747.1784
8817,703.51373
8818,767.0872
8819,729.4099
8820,399.99777
8821,702.17035
8822,688.1882
8823,681.85376
8824,733.43365
8825,719.0467
8826,709.6769
8827,669.5507
8828,723.83325
8829,461.83105
8830,401.8659
8831,731.604
8832,299.17477
8833,758.84
8834,683.5482
8835,401.09607
8836,848.3219
8837,385.6284
8838,296.59937
8839,707.3382
8840,299.12064
8841,399.3811
8842,744.2835
8843,709.2037
8844,719.3343
8845,716.14465
8846,714.4082
8847,738.3571
8848,293.91016
8849,704.3171
8850,851.7969
8851,746.7412
8852,702.2328
8853,680.3774
8854,174.26631
8855,395.878
8856,747.20624
8857,758.78577
8858,723.8939
8859,481.1775
8860,292.61203
8861,730.8998
8862,394.024
8863,750.9149
8864,846.52124
8865,750.1771
8866,741.6953
8867,705.2232
8868,718.4353
8869,282.03412
8870,298.0241
8871,451.2425
8872,718.7654
8873,749.4369
8874,381.4155
8875,738.4543
8876,681.30286
8877,684.3774
8878,847.39703
8879,234.66347
8880,681.7843
8881,298.83762
8882,402.4297
8883,711.9908
8884,719.2634
8885,737.0121
8886,772.27655
8887,732.92303
8888,717.21643
8889,708.33057
8890,726.94293
8891,750.24585
8892,696.28064
8893,674.2135
8894,396.48624
8895,753.3868
8896,706.2795
8897,703.61975
8898,687.09314
8899,740.2951
8900,293.32947
8901,273.78574
8902,714.41833
8903,387.93054
8904,403.00595
8905,671.54706
8906,707.9001
8907,744.4033
8908,794.6507
8909,293.94318
8910,299.42978
8911,674.46454
8912,679.2932
8913,297.0179
8914,299.00418
8915,741.3763
8916,705.4097
8917,299.55536
8918,704.56934
8919,733.9072
8920,540.0036
8921,770.976
8922,710.1808
8923,731.816
8924,719.0319
8925,710.9849
8926,680.3285
8927,739.64557
8928,661.112
8929,716.2136
8930,520.0796
8931,709.0412
8932,307.77466
8933,778.9147
8934,395.0523
8935,710.7984
8936,738.64276
8937,743.767
8938,376.96213
8939,703.09247
8940,719.10706
8941,748.4249
8942,678.7642
8943,740.57513
8944,150.33789
8945,709.19727
8946,703.5934
8947,680.5103
8948,851.883
8949,707.30994
8950,747.37994
8951,745.68756
8952,742.32074
8953,302.338
8954,702.1827
8955,682.0417
8956,750.96515
8957,851.38684
8958,303.4107
8959,670.925
8960,708.52
8961,696.449
8962,691.6835
8963,234.88808
8964,788.3209
8965,741.9316
8966,710.76337
8967,703.0936
8968,755.3772
8969,253.34045
8970,682.4761
8971,691.69196
8972,702.54144
8973,723.4092
8974,678.7939
8975,718.7095
8976,704.6355
8977,397.24683
8978,187.87025
8979,733.6842
8980,680.77734
8981,400.92844
8982,403.06018
8983,147.73141
8984,700.3327
8985,671.29395
8986,693.7771
8987,720.15533
8988,718.1022
8989,719.7805
8990,717.3333
8991,748.5009
8992,265.4106
8993,697.9992
8994,190.44717
8995,725.50305
8996,846.3839
8997,784.2324
8998,683.64325
8999,730.3405
9000,404.77484
9001,721.0462
9002,715.1437
9003,721.23193
9004,663.0606
9005,677.23676
9006,718.96594
9007,729.6143
9008,493.35223
9009,297.54538
9010,743.04285
9011,698.9121
9012,707.81
9013,689.4801
9014,701.0461
9015,676.1651
9016,715.0119
9017,699.1445
9018,297.98874
9019,673.19006
9020,707.20795
9021,237.14671
9022,694.6208
9023,699.70447
9024,485.37503
9025,402.79395
9026,301.0292
9027,569.77716
9028,404.19135
9029,285.17514
9030,487.07217
9031,730.6002
9032,681.8741
9033,716.17303
9034,763.46814
9035,707.77185
9036,721.7841
9037,723.05206
9038,730.94904
9039,702.8727
9040,295.57874
9041,746.8145
9042,397.78342
9043,728.8333
9044,401.6105
9045,236.94766
9046,140.98909
9047,699.97034
9048,781.535
9049,710.50586
9050,393.23587
9051,706.3628
9052,734.6009
9053,695.204
9054,721.6357
9055,751.5673
9056,683.00653
9057,393.52856
9058,295.6026
9059,405.651
9060,170.03864
9061,701.15765
9062,707.3409
9063,755.0844
9064,538.1158
9065,849.02515
9066,693.03345
9067,724.09845
9068,395.00522
9069,676.5896
9070,695.15704
9071,298.73886
9072,727.64026
9073,390.81616
9074,305.5584
9075,715.4201
9076,677.61316
9077,297.89548
9078,759.00385
9079,753.5561
9080,708.11945
9081,292.22263
9082,842.42554
9083,737.33636
9084,679.1981
9085,679.55945
9086,846.88763
9087,725.57886
9088,567.9546
9089,701.4665
9090,293.70026
9091,756.2639
9092,705.29333
9093,303.1924
9094,675.7178
9095,698.44775
9096,849.1632
9097,707.2589
9098,785.2928
9099,701.59796
9100,789.2028
9101,847.2596
9102,752.49097
9103,687.5181
9104,700.24316
9105,682.86005
9106,754.4182
9107,706.665
9108,750.0291
9109,763.3016
9110,297.47696
9111,707.0961
9112,189.9265
9113,718.9161
9114,295.65958
9115,678.25604
9116,728.2233
9117,720.6496
9118,223.37082
9119,753.4007
9120,699.7564
9121,738.09436
9122,405.68127
9123,297.32977
9124,707.71893
9125,710.0609
9126,305.43698
9127,740.8517
9128,843.29675
9129,833.9175
9130,404.48746
9131,749.11676
9132,295.55292
9133,289.95813
9134,772.41125
9135,825.5015
9136,229.49591
9137,690.1744
9138,725.02075
9139,703.0361
9140,699.5603
9141,727.2508
9142,741.92786
9143,752.162
9144,703.53345
9145,727.77
9146,781.5587
9147,748.9402
9148,686.8443
9149,722.5107
9150,726.28094
9151,849.1638
9152,709.0667
9153,683.24854
9154,479.76694
9155,683.25366
9156,233.71414
9157,679.11743
9158,729.5774
9159,620.6386
9160,688.3578
9161,678.93036
9162,749.311
9163,724.1177
9164,850.0069
9165,731.8792
9166,708.2404
9167,483.34366
9168,712.48724
9169,406.47562
9170,744.20154
9171,233.88329
9172,401.69373
9173,711.5511
9174,297.0179
9175,740.6337
9176,698.5426
9177,299.28387
9178,743.9831
9179,683.4774
9180,841.34247
9181,713.73016
9182,728.2378
9183,294.96982
9184,734.1787
9185,404.09482
9186,745.6291
9187,704.397
9188,847.6568
9189,730.5933
9190,748.05023
9191,722.4156
9192,680.6536
9193,484.81686
9194,684.28516
9195,374.69095
9196,679.6086
9197,721.57556
9198,745.429
9199,729.3487
9200,683.1543
9201,300.80597
9202,698.9339
9203,662.3243
9204,384.17905
9205,775.25867
9206,693.57513
9207,844.5412
9208,711.2032
9209,704.38666
9210,715.47473
9211,724.0542
9212,301.25864
9213,691.0482
9214,399.59476
9215,756.85474
9216,710.4863
9217,688.55994
9218,398.55862
9219,758.55304
9220,236.54895
9221,734.1175
9222,709.40424
9223,679.50714
9224,747.1654
9225,299.91638
9226,228.86589
9227,695.7305
9228,500.97363
9229,710.44025
9230,848.7039
9231,751.9212
9232,752.1372
9233,403.52155
9234,721.73175
9235,674.3684
9236,296.66687
9237,716.8242
9238,729.7012
9239,687.7272
9240,406.454
9241,691.31134
9242,302.634
9243,849.6611
9244,297.41644
9245,744.5242
9246,743.4441
9247,699.9871
9248,689.9104
9249,700.1812
9250,398.52448
9251,300.659
9252,714.60004
9253,709.9506
9254,837.02014
9255,843.5171
9256,700.7918
9257,300.78378
9258,710.4285
9259,849.07837
9260,693.18353
9261,802.0984
9262,232.56223
9263,781.29425
9264,667.8807
9265,688.7049
9266,750.6366
9267,703.65546
9268,681.0334
9269,750.7953
9270,693.99396
9271,689.9483
9272,740.3512
9273,279.98364
9274,400.6409
9275,846.0141
9276,770.94275
9277,684.1177
9278,692.23566
9279,691.88776
9280,839.63995
9281,701.7326
9282,297.49265
9283,720.74976
9284,699.39386
9285,718.67303
9286,722.18616
9287,298.7776
9288,685.105
9289,787.5038
9290,400.67755
9291,708.5226
9292,725.3927
9293,732.01294
9294,394.83398
9295,706.8584
9296,300.0564
9297,745.4699
9298,672.32245
9299,697.2459
9300,713.1134
9301,765.4768
9302,702.0938
9303,691.30426
9304,399.29968
9305,731.4686
9306,301.27362
9307,298.93628
9308,706.8689
9309,404.2004
9310,631.7639
9311,675.6807
9312,739.13135
9313,734.6631
9314,296.92923
9315,688.0836
9316,614.93036
9317,732.02606
9318,256.5476
9319,700.2146
9320,701.73737
9321,721.21515
9322,756.189
9323,406.3839
9324,553.4316
9325,404.2287
9326,176.99126
9327,714.2509
9328,266.2803
9329,685.6573
9330,699.08307
9331,705.327
9332,735.59717
9333,750.7207
9334,182.36073
9335,685.8451
9336,751.8951
9337,777.4459
9338,716.9437
9339,736.72095
9340,703.58154
9341,679.54266
9342,729.49603
9343,723.4849
9344,292.4216
9345,297.5917
9346,711.7962
9347,669.1274
9348,751.74493
9349,673.7367
9350,384.14005
9351,727.2003
9352,398.5461
9353,690.6993
9354,732.3353
9355,702.5912
9356,696.3526
9357,709.9716
9358,773.166
9359,721.1911
9360,706.49524
9361,685.82654
9362,740.7883
9363,171.79893
9364,735.83295
9365,758.05225
9366,687.4755
9367,658.07324
9368,706.0611
9369,674.899
9370,722.63727
9371,770.40576
9372,709.88696
9373,749.65405
9374,697.22034
9375,678.9595
9376,714.4728
9377,746.4535
9378,712.9156
9379,677.0164
9380,727.72754
9381,393.80283
9382,702.3605
9383,625.7217
9384,708.33655
9385,691.8403
9386,298.6105
9387,394.84802
9388,746.4986
9389,709.15283
9390,774.22235
9391,750.05426
9392,713.8945
9393,848.3373
9394,745.71094
9395,663.57245
9396,697.39777
9397,678.46735
9398,742.9327
9399,752.45087
9400,724.46765
9401,660.792
9402,395.72934
9403,756.04956
9404,408.71756
9405,709.9846
9406,709.1536
9407,739.43976
9408,721.3631
9409,837.91486
9410,712.6972
9411,403.7159
9412,295.0722
9413,734.9614
9414,844.1911
9415,705.03754
9416,715.2844
9417,303.20596
9418,684.35724
9419,689.88446
9420,701.73096
9421,736.2082
9422,739.02655
9423,762.4451
9424,723.6468
9425,692.16785
9426,718.69324
9427,723.40625
9428,235.57503
9429,295.95648
9430,731.6787
9431,295.13776
9432,732.18896
9433,844.8925
9434,698.7522
9435,294.5898
9436,601.5815
9437,732.5135
9438,716.0792
9439,231.25005
9440,403.5185
9441,693.57336
9442,293.40472
9443,393.39993
9444,712.1588
9445,397.19214
9446,679.9826
9447,300.3497
9448,680.0353
9449,713.91144
9450,771.4124
9451,400.47223
9452,733.6645
9453,731.469
9454,684.6021
9455,699.7248
9456,393.81247
9457,720.6718
9458,740.80817
9459,760.9571
9460,296.85635
9461,727.23474
9462,722.0421
9463,706.4066
9464,293.02356
9465,675.5754
9466,706.5029
9467,701.9027
9468,704.28723
9469,598.2846
9470,742.17926
9471,312.26434
9472,297.8576
9473,695.2967
9474,710.57904
9475,679.36285
9476,714.4083
9477,768.91003
9478,678.466
9479,754.6715
9480,402.17038
9481,810.5542
9482,751.4518
9483,293.10034
9484,739.1902
9485,721.68866
9486,301.3619
9487,689.81036
9488,705.84204
9489,735.9829
9490,741.9856
9491,721.54846
9492,710.1023
9493,684.3006
9494,756.7538
9495,703.3579
9496,755.5008
9497,390.9933
9498,749.1858
9499,401.28812
9500,698.8119
9501,306.29724
9502,720.1267
9503,653.20935
9504,295.68155
9505,842.34314
9506,724.84735
9507,747.3575
9508,397.97574
9509,297.407
9510,729.7049
9511,304.8905
9512,700.87415
9513,728.0406
9514,804.8142
9515,740.3982
9516,703.974
9517,401.8055
9518,705.2014
9519,732.3987
9520,683.95624
9521,734.77136
9522,676.52637
9523,721.10645
9524,683.68933
9525,689.7069
9526,722.62054
9527,701.63025
9528,394.29077
9529,734.6933
9530,392.05103
9531,292.70132
9532,729.6754
9533,702.861
9534,846.5446
9535,291.6781
9536,299.2903
9537,697.564
9538,769.16016
9539,400.47546
9540,294.89957
9541,398.0649
9542,703.62634
9543,721.148
9544,740.26917
9545,702.2425
9546,699.0927
9547,533.3123
9548,724.5669
9549,399.60965
9550,723.2146
9551,681.12274
9552,703.7116
9553,742.2066
9554,713.1613
9555,719.9046
9556,677.6707
9557,299.52994
9558,729.1072
9559,726.3241
9560,711.2772
9561,752.1939
9562,693.94275
9563,701.23376
9564,655.89453
9565,482.54858
9566,735.1818
9567,830.2294
9568,682.1992
9569,750.9862
9570,732.683
9571,709.11597
9572,269.4506
9573,295.60706
9574,769.68335
9575,720.58655
9576,295.00684
9577,296.25876
9578,405.9709
9579,296.35327
9580,717.69855
9581,758.79834
9582,736.95624
9583,679.6784
9584,717.72174
9585,296.11472
9586,703.61914
9587,401.85944
9588,701.9137
9589,700.76294
9590,708.62646
9591,744.41046
9592,718.1338
9593,693.0218
9594,696.5997
9595,768.50946
9596,677.3694
9597,398.5419
9598,396.07877
9599,695.4364
9600,681.69995
9601,484.25687
9602,394.1155
9603,750.89996
9604,715.91223
9605,399.96085
9606,709.6806
9607,727.7852
9608,289.14536
9609,700.2628
9610,736.8366
9611,755.5378
9612,726.19836
9613,682.7371
9614,692.01526
9615,679.13153
9616,716.8621
9617,700.20776
9618,398.37842
9619,681.5845
9620,705.3689
9621,399.54926
9622,724.46826
9623,713.19635
9624,401.23477
9625,405.34497
9626,722.0408
9627,848.31067
9628,761.7966
9629,828.95233
9630,748.0974
9631,708.4246
9632,685.12885
9633,702.5685
9634,689.7011
9635,706.70575
9636,728.66864
9637,403.2062
9638,688.22064
9639,696.88104
9640,681.99286
9641,760.8305
9642,723.2106
9643,729.92914
9644,774.51904
9645,299.09653
9646,735.13214
9647,400.9027
9648,417.75833
9649,233.24318
9650,709.81134
9651,686.24493
9652,409.7174
9653,706.63104
9654,722.029
9655,390.0971
9656,698.9788
9657,374.9394
9658,709.85345
9659,683.72675
9660,709.6944
9661,760.21643
9662,744.7131
9663,717.7535
9664,688.58075
9665,733.55786
9666,754.1162
9667,722.05865
9668,177.35847
9669,677.5338
9670,732.1104
9671,508.69928
9672,381.50687
9673,673.3835
9674,557.3031
9675,293.94748
9676,732.81244
9677,679.824
9678,731.81537
9679,727.4626
9680,738.0329
9681,847.8492
9682,403.53992
9683,696.4563
9684,404.3061
9685,702.02734
9686,709.21124
9687,688.92474
9688,680.80096
9689,534.47754
9690,733.1836
9691,456.74277
9692,745.1281
9693,750.8659
9694,742.1707
9695,749.2428
9696,687.18036
9697,736.74176
9698,678.745
9699,402.67572
9700,720.0654
9701,695.71277
9702,680.1023
9703,721.14935
9704,738.28265
9705,672.6907
9706,685.52313
9707,755.16394
9708,847.59094
9709,684.6067
9710,485.71158
9711,402.67795
9712,696.70386
9713,843.41797
9714,746.89935
9715,408.58102
9716,717.2108
9717,777.7707
9718,396.73102
9719,611.8877
9720,461.3086
9721,722.83057
9722,723.742
9723,683.6653
9724,272.0412
9725,745.59906
9726,705.09515
9727,723.0319
9728,679.9916
9729,700.2768
9730,719.4856
9731,708.09424
9732,688.04626
9733,690.4488
9734,407.1748
9735,763.99
9736,286.07095
9737,269.2444
9738,771.0173
9739,751.42346
9740,552.0952
9741,399.52487
9742,742.08057
9743,709.0225
9744,706.6581
9745,751.44824
9746,716.9859
9747,693.94806
9748,140.77704
9749,304.00037
9750,744.3299
9751,311.51453
9752,838.90857
9753,683.8904
9754,734.4942
9755,404.56174
9756,730.12286
9757,708.12134
9758,749.68726
9759,706.9879
9760,842.948
9761,705.5055
9762,722.43945
9763,699.20325
9764,400.2454
9765,680.11456
9766,699.82697
9767,703.28735
9768,681.6728
9769,728.6544
9770,847.44257
9771,710.735
9772,767.23596
9773,777.5931
9774,679.844
9775,178.96474
9776,299.22693
9777,736.5224
9778,708.31976
9779,307.41394
9780,675.00977
9781,686.08295
9782,718.673
9783,697.8988
9784,681.01154
9785,193.4347
9786,679.9999
9787,297.80716
9788,715.2069
9789,770.4396
9790,849.56213
9791,726.30084
9792,735.46606
9793,708.5475
9794,734.3216
9795,848.65045
9796,677.04584
9797,718.60034
9798,742.6659
9799,312.7309
9800,397.03595
9801,293.9847
9802,745.7001
9803,403.39972
9804,697.5177
9805,679.2048
9806,699.0807
9807,719.682
9808,707.2352
9809,715.30194
9810,241.29765
9811,295.00357
9812,400.76685
9813,183.886
9814,703.3462
9815,756.3993
9816,841.04156
9817,843.63336
9818,405.4992
9819,408.50937
9820,627.5621
9821,685.1491
9822,744.78314
9823,746.5076
9824,804.9406
9825,300.95523
9826,728.5868
9827,702.8714
9828,405.67496
9829,720.49426
9830,682.53827
9831,710.18744
9832,698.7583
9833,406.5533
9834,508.78064
9835,718.11163
9836,672.44574
9837,306.51047
9838,712.3242
9839,723.0762
9840,680.2289
9841,702.2601
9842,525.1562
9843,728.8173
9844,666.3028
9845,702.46936
9846,842.541
9847,299.00418
9848,680.7155
9849,680.33777
9850,701.8895
9851,748.58466
9852,763.4805
9853,704.377
9854,704.7596
9855,676.8796
9856,693.314
9857,713.5997
9858,411.249
9859,703.5625
9860,681.52673
9861,704.38293
9862,685.6367
9863,719.7212
9864,403.83676
9865,723.08905
9866,678.79395
9867,697.6288
9868,754.2804
9869,399.0839
9870,400.3917
9871,848.2248
9872,686.8318
9873,711.5465
9874,784.3664
9875,717.52405
9876,731.94727
9877,301.2032
9878,770.8216
9879,294.59964
9880,777.57166
9881,295.88458
9882,682.4891
9883,750.07654
9884,183.886
9885,297.64948
9886,705.0791
9887,734.0552
9888,739.0801
9889,687.8875
9890,714.57764
9891,681.05066
9892,706.0027
9893,299.5576
9894,764.0572
9895,723.02484
9896,298.7891
9897,740.3094
9898,695.9784
9899,707.36835
9900,802.7008
9901,709.59753
9902,681.6724
9903,734.6326
9904,681.02155
9905,728.2001
9906,738.1257
9907,852.6328
9908,700.72974
9909,677.465
9910,688.92303
9911,732.5484
9912,770.00653
9913,703.1636
9914,403.43225
9915,676.0906
9916,700.86914
9917,724.7842
9918,702.6445
9919,275.80612
9920,846.9172
9921,679.08575
9922,718.1369
9923,189.9967
9924,402.58688
9925,706.6623
9926,673.75366
9927,702.8545
9928,728.60785
9929,721.4743
9930,704.649
9931,306.4531
9932,677.96136
9933,702.36017
9934,337.61826
9935,707.302
9936,725.031
9937,751.5308
9938,398.64032
9939,508.61115
9940,707.72394
9941,399.71814
9942,299.75937
9943,692.4968
9944,403.0219
9945,835.1301
9946,686.8288
9947,700.2504
9948,682.72754
9949,677.9822
9950,673.0194
9951,683.00024
9952,680.3726
9953,718.9167
9954,747.2326
9955,739.3481
9956,407.6013
9957,293.39825
9958,541.1341
9959,296.71017
9960,753.28674
9961,851.1708
9962,772.8866
9963,375.91995
9964,724.2718
9965,736.7765
9966,768.8167
9967,305.66125
9968,836.3046
9969,717.0615
9970,722.6935
9971,748.6798
9972,687.7186
9973,677.2047
9974,745.3121
9975,304.23294
9976,765.49426
9977,679.2252
9978,687.8399
9979,182.36073
9980,710.90436
9981,303.75046
9982,298.6045
9983,695.80786
9984,748.3381
9985,713.6666
9986,705.8794
9987,541.7308
9988,680.8896
9989,698.09216
9990,484.87732
9991,701.0231
9992,384.81058
9993,402.99777
9994,752.42883
9995,733.475
9996,747.9344
9997,718.49835
9998,727.4944
9999,264.4042
10000,742.43665
10001,388.3514
10002,694.4204
10003,698.53784
10004,720.16113
10005,328.6041
10006,732.00287
10007,706.1777
10008,734.5143
10009,719.7322
10010,745.5088
10011,705.68024
10012,720.61395
10013,701.3261
10014,727.6713
10015,301.2032
10016,304.1114
10017,852.35767
10018,846.68976
10019,678.49207
10020,723.0665
10021,399.7418
10022,707.5344
10023,703.3836
10024,704.86847
10025,291.7739
10026,689.5054
10027,400.82904
10028,701.3173
10029,297.644
10030,784.0681
10031,737.48083
10032,702.8563
10033,398.72565
10034,686.61847
10035,301.3466
10036,712.21265
10037,300.6002
10038,718.556
10039,679.6398
10040,842.9316
10041,846.74915
10042,632.4561
10043,736.5408
10044,703.4145
10045,512.0528
10046,371.05267
10047,391.13193
10048,734.5331
10049,729.88904
10050,700.397
10051,707.8779
10052,297.432
10053,731.0346
10054,851.9931
10055,393.52213
10056,304.15262
10057,759.59644
10058,687.60596
10059,299.2082
10060,672.7832
10061,254.2509
10062,297.7951
10063,697.4442
10064,712.94714
10065,722.922
10066,749.84076
10067,732.0779
10068,752.23724
10069,751.33563
10070,752.7693
10071,736.80493
10072,735.37744
10073,736.43634
10074,714.4203
10075,727.4132
10076,827.2261
10077,739.29846
10078,846.1205
10079,728.85626
10080,175.6288
10081,678.298
10082,703.9661
10083,735.0144
10084,732.7351
10085,718.28656
10086,806.3296
10087,402.89395
10088,396.26535
10089,722.0257
10090,709.3062
10091,707.38007
10092,851.73126
10093,728.01483
10094,738.8194
10095,729.0017
10096,225.25128
10097,774.2766
10098,733.31683
10099,678.2678
10100,272.19464
10101,727.01495
10102,293.9847
10103,760.04956
10104,730.9958
10105,724.55005
10106,751.2784
10107,851.0258
10108,678.2928
10109,726.2025
10110,704.35895
10111,721.83655
10112,459.27628
10113,673.4818
10114,297.02637
10115,714.7542
10116,684.9527
10117,717.1677
10118,690.8424
10119,300.65033
10120,763.7408
10121,404.8736
10122,752.1178
10123,702.0986
10124,749.45996
10125,717.35156
10126,680.3325
10127,715.93207
10128,681.18146
10129,851.4511
10130,298.59286
10131,724.27295
10132,746.91736
10133,735.2887
10134,410.69418
10135,750.839
10136,394.8015
10137,687.26654
10138,560.54755
10139,678.50806
10140,681.42957
10141,711.9003
10142,690.26733
10143,749.5673
10144,715.9863
10145,846.0496
10146,716.51544
10147,717.23956
10148,753.74255
10149,699.9792
10150,671.0506
10151,743.1215
10152,842.2223
10153,842.9173
10154,704.9212
10155,693.7102
10156,400.94034
10157,298.75177
10158,635.27576
10159,724.5936
10160,739.8768
10161,705.04974
10162,680.3446
10163,753.42755
10164,734.5196
10165,238.21358
10166,303.34335
10167,720.7851
10168,386.3574
10169,706.7919
10170,727.72906
10171,713.39197
10172,716.064
10173,737.07477
10174,733.75604
10175,736.8046
10176,702.49786
10177,747.9275
10178,701.6869
10179,729.6289
10180,704.1693
10181,690.6263
10182,398.6556
10183,729.83136
10184,730.51886
10185,703.8963
10186,736.7642
10187,723.5667
10188,727.45776
10189,724.3189
10190,751.78827
10191,402.02197
10192,670.7839
10193,685.6055
10194,782.74817
10195,399.6881
10196,703.7214
10197,706.4204
10198,742.45337
10199,684.05774
10200,751.18085
10201,155.09277
10202,731.3212
10203,695.322
10204,698.2198
10205,236.7311
10206,408.5867
10207,711.56055
10208,396.9171
10209,740.80725
10210,753.9722
10211,297.8946
10212,706.7129
10213,408.43243
10214,564.88086
10215,260.0671
10216,726.28973
10217,739.26855
10218,735.7683
10219,749.9538
10220,748.7442
10221,760.2637
10222,721.72314
10223,702.38586
10224,403.13776
10225,444.86163
10226,695.72577
10227,730.3053
10228,711.88885
10229,297.59558
10230,705.62213
10231,730.53815
10232,402.35208
10233,679.36084
10234,675.7954
10235,697.589
10236,234.25513
10237,704.06757
10238,704.94904
10239,703.3786
10240,401.81635
10241,683.0617
10242,195.09329
10243,742.2248
10244,379.78116
10245,669.2275
10246,747.98224
10247,666.4489
10248,719.1408
10249,720.589
10250,332.67767
10251,748.9849
10252,677.1577
10253,774.88007
10254,435.64716
10255,712.5811
10256,724.16754
10257,724.8265
10258,730.43646
10259,706.1658
10260,508.1907
10261,674.01776
10262,714.60406
10263,718.0188
10264,302.2383
10265,706.6564
10266,400.6327
10267,733.445
10268,746.2189
10269,739.37836
10270,759.9849
10271,845.5456
10272,737.3434
10273,725.7393
10274,724.11646
10275,406.20667
10276,175.90811
10277,664.9748
10278,402.73767
10279,723.55115
10280,720.1687
10281,740.1175
10282,696.4469
10283,723.10114
10284,746.019
10285,385.59042
10286,718.8439
10287,693.07196
10288,220.95248
10289,734.8567
10290,735.39496
10291,742.07776
10292,739.52576
10293,402.89365
10294,705.9298
10295,736.6436
10296,755.45264
10297,799.6912
10298,678.22925
10299,398.23737
10300,728.5818
10301,704.9498
10302,704.3428
10303,782.6338
10304,703.0634
10305,183.81999
10306,721.3067
10307,684.19666
10308,295.0794
10309,731.3171
10310,787.50824
10311,205.90344
10312,614.4604
10313,399.01486
10314,852.1718
10315,684.99133
10316,700.2324
10317,406.55936
10318,728.90344
10319,700.028
10320,406.8415
10321,732.2924
10322,405.67035
10323,293.45905
10324,719.53754
10325,700.5076
10326,401.6427
10327,680.16174
10328,704.75885
10329,699.92053
10330,704.6636
10331,670.1435
10332,846.9239
10333,678.5636
10334,741.1743
10335,175.65451
10336,680.06696
10337,701.93854
10338,298.77982
10339,300.70563
10340,702.233
10341,843.4059
10342,702.65796
10343,752.30804
10344,720.2692
10345,726.73126
10346,748.6791
10347,696.16266
10348,524.5398
10349,740.6147
10350,712.40424
10351,666.08795
10352,780.0212
10353,696.42847
10354,845.41626
10355,739.06494
10356,683.6543
10357,700.66296
10358,712.0521
10359,744.7805
10360,701.0087
10361,684.5854
10362,140.52893
10363,707.25995
10364,706.4516
10365,301.3335
10366,684.7984
10367,698.39996
10368,687.4957
10369,292.4539
10370,692.4682
10371,579.7363
10372,297.4948
10373,737.9042
10374,300.80438
10375,734.55237
10376,692.267
10377,297.324
10378,692.266
10379,406.01254
10380,705.82666
10381,688.4624
10382,400.59518
10383,713.0165
10384,697.4033
10385,402.45007
10386,707.6089
10387,749.345
10388,771.82043
10389,714.05145
10390,684.8834
10391,705.56006
10392,296.32806
10393,845.7259
10394,295.43625
10395,297.8795
10396,750.21246
10397,755.28564
10398,807.6745
10399,739.9957
10400,741.32825
10401,734.7672
10402,839.28406
10403,786.7068
10404,297.27994
10405,842.5256
10406,848.59436
10407,713.07874
10408,403.19727
10409,722.89624
10410,679.9102
10411,295.60254
10412,406.9107
10413,729.69794
10414,684.3997
10415,522.24493
10416,699.21783
10417,682.24286
10418,704.3865
10419,283.6045
10420,745.02075
10421,152.31534
10422,705.7088
10423,677.3958
10424,780.3386
10425,694.2895
10426,787.21747
10427,683.3013
10428,696.60614
10429,718.3729
10430,680.97327
10431,318.31583
10432,401.12427
10433,684.6583
10434,676.40485
10435,748.463
10436,296.10718
10437,407.33978
10438,686.65204
10439,294.36472
10440,701.01495
10441,395.94287
10442,681.9352
10443,673.8136
10444,808.9898
10445,850.06525
10446,688.1943
10447,718.7094
10448,678.3629
10449,406.0207
10450,684.2808
10451,752.5532
10452,406.09863
10453,719.7155
10454,829.21313
10455,301.13474
10456,701.23706
10457,681.2946
10458,179.33324
10459,238.77785
10460,701.53644
10461,704.05707
10462,722.3197
10463,296.7853
10464,679.1402
10465,745.3181
10466,843.8339
10467,847.9956
10468,681.605
10469,798.32214
10470,800.1607
10471,686.0544
10472,676.95905
10473,743.49225
10474,699.9337
10475,248.93036
10476,298.8402
10477,403.63477
10478,705.3461
10479,732.48413
10480,769.4335
10481,848.80035
10482,228.60535
10483,294.12143
10484,717.7377
10485,743.30225
10486,693.45294
10487,750.323
10488,486.34305
10489,169.00076
10490,285.16766
10491,680.1535
10492,221.7911
10493,848.7611
10494,722.8712
10495,841.1703
10496,703.81586
10497,722.05334
10498,748.015
10499,764.50446
10500,739.4435
10501,679.93616
10502,703.90485
10503,662.6173
10504,724.8843
10505,690.3123
10506,685.4015
10507,845.9759
10508,295.9324
10509,681.24243
10510,481.40793
10511,839.70807
10512,734.4868
10513,745.94684
10514,699.8973
10515,738.0785
10516,749.05023
10517,751.19617
10518,697.6183
10519,750.8994
10520,684.2471
10521,772.01276
10522,299.90628
10523,753.3565
10524,746.30206
10525,295.54276
10526,685.7618
10527,709.7476
10528,691.17
10529,680.39874
10530,184.95065
10531,720.52545
10532,846.27985
10533,399.33047
10534,681.35345
10535,844.38226
10536,715.7818
10537,676.28815
10538,716.97925
10539,707.3111
10540,377.6158
10541,717.2781
10542,695.7432
10543,727.29865
10544,716.95544
10545,738.0363
10546,845.93695
10547,393.16
10548,241.91107
10549,290.74612
10550,398.47217
10551,684.20264
10552,695.8688
10553,714.49615
10554,185.65416
10555,754.7742
10556,682.1961
10557,260.3008
10558,677.2265
10559,295.4718
10560,813.3291
10561,306.3993
10562,295.9439
10563,745.0563
10564,732.745
10565,756.11035
10566,716.699
10567,298.75177
10568,844.27545
10569,683.5017
10570,783.5578
10571,709.4267
10572,701.79456
10573,553.5555
10574,702.2381
10575,719.6978
10576,848.2781
10577,677.5114
10578,729.4335
10579,300.5014
10580,722.402
10581,384.09808
10582,831.2383
10583,394.04605
10584,689.48157
10585,397.4128
10586,399.74957
10587,750.226
10588,297.44113
10589,721.12994
10590,798.9794
10591,677.04047
10592,739.2945
10593,729.6721
10594,717.98035
10595,694.7045
10596,695.215
10597,302.44794
10598,763.59125
10599,688.29083
10600,312.21054
10601,295.486
10602,296.83023
10603,675.01245
10604,685.58386
10605,763.154
10606,197.28949
10607,751.1821
10608,734.6366
10609,746.8676
10610,714.57227
10611,701.48413
10612,700.2822
10613,709.19507
10614,720.4682
10615,703.56464
10616,396.957
10617,720.6142
10618,752.74927
10619,685.8278
10620,696.42084
10621,849.04834
10622,723.0311
10623,667.33826
10624,408.89127
10625,751.96906
10626,294.26453
10627,717.81
10628,701.9157
10629,708.4333
10630,774.2039
10631,747.64624
10632,705.8813
10633,398.81082
10634,701.909
10635,225.56828
10636,728.2737
10637,714.9729
10638,707.04895
10639,400.84753
10640,718.1859
10641,405.515
10642,853.2005
10643,847.04156
10644,700.3108
10645,701.92944
10646,742.5218
10647,774.42
10648,720.8839
10649,401.81454
10650,728.23474
10651,404.67545
10652,710.65515
10653,688.8044
10654,296.84875
10655,397.71643
10656,742.3685
10657,701.1778
10658,688.4346
10659,702.46295
10660,300.42828
10661,389.92584
10662,740.98193
10663,684.749
10664,709.0369
10665,726.2882
10666,724.1815
10667,307.96542
10668,706.7269
10669,396.86023
10670,698.2497
10671,547.7638
10672,404.34933
10673,714.307
10674,697.1249
10675,712.57996
10676,400.5327
10677,720.5388
10678,744.2351
10679,685.4197
10680,683.2946
10681,848.2356
10682,679.6106
10683,705.2433
10684,852.8831
10685,677.5789
10686,718.4102
10687,702.05835
10688,718.5934
10689,710.20996
10690,405.38492
10691,741.9254
10692,705.85297
10693,740.22705
10694,744.57605
10695,705.2282
10696,680.9276
10697,735.8603
10698,708.4853
10699,369.41995
10700,701.99646
10701,846.9536
10702,295.01862
10703,685.86487
10704,751.2215
10705,684.6875
10706,718.98553
10707,701.2532
10708,715.33496
10709,678.1454
10710,730.0639
10711,705.5527
10712,731.8966
10713,677.4842
10714,700.98334
10715,680.8405
10716,397.52463
10717,542.5378
10718,700.40607
10719,403.17834
10720,715.73315
10721,394.42566
10722,747.1683
10723,713.82477
10724,295.9999
10725,699.63934
10726,700.33386
10727,704.3156
10728,750.9351
10729,234.1821
10730,704.0823
10731,720.92523
10732,405.52515
10733,707.79584
10734,322.4699
10735,683.0212
10736,749.9245
10737,730.1854
10738,738.5247
10739,672.72546
10740,706.3256
10741,240.11348
10742,703.0069
10743,723.76575
10744,528.40356
10745,680.3448
10746,712.74615
10747,504.93063
10748,714.2009
10749,681.77295
10750,752.3748
10751,716.58234
10752,676.156
10753,679.1368
10754,307.054
10755,405.33005
10756,297.82144
10757,699.92834
10758,725.43677
10759,690.7289
10760,699.5273
10761,267.61185
10762,386.51907
10763,725.91504
10764,735.6376
10765,725.5152
10766,296.17584
10767,711.1644
10768,698.12744
10769,733.78436
10770,171.73851
10771,300.5348
10772,765.8378
10773,681.7601
10774,847.9924
10775,716.0196
10776,703.1539
10777,732.7615
10778,803.4959
10779,741.96246
10780,713.89825
10781,851.0432
10782,301.57574
10783,847.7987
10784,681.72864
10785,712.79736
10786,393.4621
10787,748.2426
10788,753.66266
10789,236.33289
10790,748.44714
10791,775.9577
10792,684.23444
10793,236.8479
10794,702.9873
10795,732.4358
10796,721.8511
10797,298.91925
10798,681.1978
10799,697.5931
10800,750.23615
10801,688.0973
10802,296.33423
10803,678.8662
10804,719.68567
10805,730.60425
10806,237.87505
10807,717.40125
10808,413.31763
10809,315.9869
10810,853.20496
10811,684.38104
10812,720.1713
10813,754.2869
10814,676.1917
10815,728.6669
10816,707.52606
10817,728.42
10818,695.54486
10819,703.14703
10820,659.0711
10821,684.55615
10822,723.8597
10823,781.38666
10824,701.9604
10825,722.19946
10826,737.26904
10827,745.65704
10828,401.0044
10829,766.62054
10830,702.8427
10831,158.85056
10832,750.46606
10833,398.94815
10834,702.134
10835,719.46844
10836,404.8276
10837,702.19086
10838,709.45807
10839,763.47797
10840,235.76001
10841,704.22974
10842,296.74188
10843,678.1383
10844,150.00037
10845,733.3018
10846,728.7555
10847,710.1759
10848,172.35931
10849,677.1443
10850,728.7337
10851,702.5994
10852,736.8497
10853,680.4216
10854,702.5509
10855,747.82117
10856,694.70306
10857,723.108
10858,730.4866
10859,788.66144
10860,698.3663
10861,710.6779
10862,676.6762
10863,293.44833
10864,708.5524
10865,701.10736
10866,845.29
10867,719.05914
10868,704.3048
10869,706.1339
10870,682.4852
10871,835.4833
10872,390.28494
10873,703.8226
10874,183.61578
10875,679.86395
10876,732.7614
10877,685.5698
10878,846.80756
10879,710.74457
10880,178.96474
10881,750.2079
10882,702.4097
10883,485.65543
10884,401.56894
10885,720.46387
10886,235.21707
10887,727.3402
10888,306.3846
10889,847.8004
10890,722.5356
10891,832.08093
10892,698.06683
10893,837.3024
10894,699.5659
10895,697.5876
10896,735.58276
10897,702.49976
10898,738.5694
10899,695.6403
10900,681.916
10901,849.23364
10902,695.62427
10903,751.8837
10904,299.03842
10905,408.90027
10906,237.72516
10907,674.52686
10908,699.1146
10909,721.7045
10910,394.10184
10911,849.9917
10912,720.2861
10913,847.8527
10914,673.7098
10915,751.7068
10916,698.30774
10917,689.6985
10918,755.29987
10919,847.38995
10920,734.146
10921,723.69214
10922,734.1802
10923,304.49133
10924,776.3589
10925,277.0268
10926,745.29865
10927,527.75665
10928,191.8731
10929,751.6988
10930,292.96326
10931,686.09985
10932,716.963
10933,705.1444
10934,750.6124
10935,303.30307
10936,764.63666
10937,852.9675
10938,525.79333
10939,726.1602
10940,236.30522
10941,682.9097
10942,811.0325
10943,704.47253
10944,399.83136
10945,703.8557
10946,731.13983
10947,748.80585
10948,292.251
10949,685.5896
10950,710.6404
10951,260.46353
10952,683.8165
10953,238.4337
10954,401.6658
10955,674.01373
10956,297.80453
10957,773.2826
10958,658.1583
10959,733.33704
10960,732.23126
10961,829.5881
10962,685.03516
10963,746.35956
10964,722.9802
10965,303.82022
10966,677.3534
10967,182.93333
10968,693.59204
10969,505.74844
10970,847.0555
10971,688.6462
10972,630.8462
10973,730.7944
10974,751.5673
10975,730.6582
10976,392.25525
10977,404.49704
10978,303.33896
10979,679.51337
10980,756.5955
10981,772.1412
10982,700.7454
10983,770.6431
10984,726.01154
10985,719.47565
10986,794.77966
10987,704.9243
10988,750.9417
10989,761.17664
10990,756.2768
10991,738.68085
10992,462.8692
10993,847.79504
10994,730.1729
10995,721.41376
10996,393.92374
10997,735.61884
10998,754.0181
10999,702.39355
11000,724.1799
11001,543.6505
11002,730.8224
11003,749.02405
11004,315.48285
11005,749.1035
11006,665.5396
11007,678.881
11008,719.41296
11009,403.71542
11010,715.02466
11011,708.97723
11012,396.4152
11013,715.9052
11014,730.9173
11015,399.3315
11016,724.06226
11017,745.18054
11018,844.05725
11019,710.31104
11020,740.7444
11021,760.4928
11022,401.97372
11023,716.412
11024,702.5626
11025,406.22183
11026,850.96313
11027,752.9861
11028,698.31525
11029,399.9907
11030,681.23285
11031,760.3381
11032,682.4912
11033,751.0213
11034,709.8386
11035,709.5872
11036,750.9174
11037,686.7472
11038,676.1906
11039,716.2632
11040,295.29037
11041,812.5796
11042,728.77277
11043,295.2742
11044,839.2362
11045,291.3262
11046,309.8711
11047,679.9875
11048,717.4418
11049,717.85834
11050,842.3596
11051,786.55914
11052,691.96313
11053,675.7686
11054,739.82214
11055,708.9012
11056,695.5507
11057,701.32764
11058,717.5964
11059,741.5061
11060,696.49243
11061,686.81226
11062,714.44635
11063,823.39343
11064,694.0647
11065,732.4372
11066,693.5984
11067,314.4947
11068,738.6726
11069,720.1737
11070,843.7298
11071,292.0532
11072,679.1431
11073,702.8457
11074,727.85864
11075,394.32013
11076,687.5711
11077,695.50085
11078,697.97064
11079,296.12247
11080,307.62802
11081,401.55994
11082,709.8437
11083,853.8735
11084,728.87384
11085,723.66284
11086,721.68
11087,710.54095
11088,736.83154
11089,709.8417
11090,744.8935
11091,723.79205
11092,299.65594
11093,295.3768
11094,719.712
11095,288.09946
11096,773.1858
11097,684.5169
11098,304.43744
11099,705.3429
11100,773.3909
11101,697.9427
11102,721.6024
11103,726.9344
11104,848.5125
11105,300.34485
11106,719.7331
11107,294.18167
11108,724.8189
11109,788.3564
11110,737.2829
11111,223.03171
11112,849.953
11113,685.196
11114,184.12686
11115,404.17224
11116,293.08624
11117,686.3837
11118,710.6641
11119,684.0934
11120,679.42865
11121,301.3881
11122,831.5225
11123,849.03796
11124,710.17523
11125,748.2121
11126,738.23157
11127,703.3764
11128,403.5655
11129,756.79535
11130,722.5468
11131,781.32007
11132,681.706
11133,293.13998
11134,683.18896
11135,753.38837
11136,702.91345
11137,683.00214
11138,710.319
11139,687.48645
11140,661.25323
11141,729.38245
11142,742.5384
11143,703.70135
11144,689.6388
11145,706.1291
11146,386.09796
11147,681.1889
11148,709.28046
11149,697.8346
11150,670.3794
11151,741.079
11152,724.4947
11153,688.3813
11154,706.48914
11155,239.22055
11156,676.6018
11157,749.17114
11158,666.13275
11159,734.65845
11160,402.4305
11161,725.1553
11162,682.7686
11163,705.0795
11164,301.20255
11165,718.40076
11166,742.7277
11167,397.6585
11168,685.28827
11169,391.3497
11170,719.52515
11171,673.1573
11172,731.4442
11173,697.25885
11174,770.4006
11175,736.5006
11176,753.47327
11177,746.90546
11178,754.6702
11179,750.76434
11180,402.0259
11181,750.4015
11182,714.5895
11183,522.09424
11184,684.78235
11185,703.31854
11186,693.5447
11187,702.9823
11188,718.9457
11189,703.1982
11190,804.8199
11191,178.96474
11192,737.25903
11193,702.1051
11194,307.73032
11195,852.69995
11196,400.76144
11197,295.96588
11198,742.01044
11199,542.55756
11200,750.7608
11201,294.34045
11202,719.8286
11203,717.217
11204,395.47876
11205,751.25
11206,716.8225
11207,705.7107
11208,745.5633
11209,717.2117
11210,722.50073
11211,731.2657
11212,706.9018
11213,699.6686
11214,734.263
11215,713.03375
11216,839.57965
11217,676.25146
11218,772.04724
11219,714.6982
11220,733.5576
11221,681.1242
11222,718.14703
11223,711.9909
11224,297.25555
11225,709.0451
11226,721.18713
11227,704.82947
11228,846.43536
11229,721.1343
11230,545.8718
11231,739.87164
11232,293.35907
11233,725.6306
11234,701.7419
11235,403.29868
11236,692.985
11237,302.20377
11238,705.75903
11239,700.94806
11240,296.78284
11241,696.3674
11242,678.79407
11243,850.3917
11244,761.70264
11245,731.8243
11246,294.7758
11247,716.9786
11248,676.02954
11249,302.31226
11250,304.76733
11251,774.69507
11252,713.77405
11253,509.6201
11254,749.2635
11255,684.46454
11256,716.5356
11257,725.24854
11258,682.1758
11259,401.75952
11260,719.55054
11261,682.1119
11262,845.6259
11263,693.3061
11264,739.4397
11265,708.7321
11266,728.22614
11267,702.86707
11268,677.3251
11269,735.6854
11270,699.9962
11271,705.9085
11272,750.29987
11273,487.10797
11274,693.5037
11275,740.8537
11276,294.43225
11277,721.4354
11278,697.41693
11279,738.57074
11280,313.45062
11281,378.6888
11282,745.56915
11283,727.565
11284,720.1101
11285,409.09015
11286,694.36694
11287,709.1695
11288,752.55084
11289,402.354
11290,768.89557
11291,716.594
11292,738.8718
11293,701.6783
11294,730.74036
11295,713.0235
11296,853.89606
11297,713.13336
11298,685.47723
11299,732.07794
11300,184.95065
11301,703.5206
11302,749.91736
11303,296.04547
11304,687.63055
11305,715.0794
11306,731.05475
11307,710.9201
11308,743.3356
11309,722.52905
11310,749.64276
11311,755.74817
11312,406.92908
11313,683.35315
11314,404.4351
11315,229.84996
11316,712.0693
11317,298.73206
11318,676.6323
11319,721.8571
11320,681.46027
11321,679.2726
11322,723.6902
11323,724.85944
11324,718.7782
11325,683.5538
11326,696.0473
11327,394.70102
11328,734.7471
11329,852.0793
11330,251.13565
11331,301.52405
11332,716.28546
11333,721.5492
11334,710.1634
11335,748.9901
11336,702.0744
11337,714.2782
11338,726.2374
11339,700.26105
11340,753.72375
11341,725.27356
11342,722.67004
11343,709.00073
11344,709.45654
11345,404.3067
11346,676.864
11347,738.4922
11348,757.775
11349,736.5218
11350,725.82416
11351,318.14185
11352,746.2297
11353,740.51154
11354,298.12387
11355,753.6362
11356,295.34363
11357,681.82513
11358,763.69324
11359,678.29285
11360,688.8441
11361,721.7046
11362,402.72812
11363,745.8773
11364,403.7982
11365,732.33044
11366,401.21408
11367,820.7701
11368,716.45776
11369,708.7587
11370,702.0753
11371,698.75433
11372,740.4986
11373,303.3254
11374,700.5584
11375,402.57312
11376,298.1045
11377,683.0317
11378,688.07275
11379,404.3114
11380,720.1681
11381,785.39825
11382,717.3636
11383,756.67
11384,399.26578
11385,700.0769
11386,685.211
11387,677.04443
11388,481.43692
11389,696.1551
11390,701.4765
11391,729.2098
11392,772.653
11393,716.4155
11394,684.975
11395,730.5812
11396,710.7567
11397,741.03046
11398,767.4363
11399,724.3743
11400,838.7397
11401,677.3308
11402,706.11084
11403,713.94257
11404,706.6085
11405,722.551
11406,394.7837
11407,780.80237
11408,705.24176
11409,696.88965
11410,696.44977
11411,710.0558
11412,710.88715
11413,783.7615
11414,727.81024
11415,748.7997
11416,402.53375
11417,700.9156
11418,745.2925
11419,703.944
11420,176.49857
11421,399.2979
11422,676.8955
11423,404.0779
11424,237.04338
11425,749.05
11426,716.5225
11427,399.621
11428,676.3482
11429,303.0649
11430,773.7412
11431,760.9543
11432,703.1818
11433,731.74146
11434,739.0277
11435,733.51135
11436,682.3664
11437,402.6039
11438,693.85126
11439,752.5597
11440,715.49646
11441,711.91956
11442,730.332
11443,395.41632
11444,296.69806
11445,746.06635
11446,751.812
11447,706.5326
11448,711.33734
11449,299.25406
11450,704.019
11451,719.7816
11452,294.26453
11453,730.62103
11454,680.8219
11455,296.50018
11456,220.35442
11457,704.5135
11458,403.62604
11459,406.02283
11460,679.71155
11461,734.6799
11462,298.1818
11463,689.3549
11464,699.7174
11465,677.21765
11466,731.6291
11467,840.8288
11468,302.7821
11469,719.5661
11470,394.06573
11471,702.62573
11472,763.599
11473,755.3605
11474,847.4559
11475,723.251
11476,542.204
11477,723.3439
11478,685.1013
11479,300.23813
11480,722.4014
11481,682.919
11482,680.75104
11483,700.6738
11484,624.14624
11485,712.855
11486,237.14671
11487,729.6411
11488,709.33984
11489,751.88904
11490,843.39154
11491,706.4421
11492,736.16406
11493,395.31094
11494,681.9974
11495,742.65894
11496,706.787
11497,707.884
11498,298.1452
11499,253.06944
11500,701.7896
11501,681.6028
11502,685.3185
11503,699.3989
11504,681.3129
11505,706.1372
11506,686.5989
11507,784.6769
11508,725.4381
11509,681.32654
11510,701.7534
11511,681.99207
11512,683.28613
11513,697.7236
11514,299.52994
11515,699.2841
11516,706.7106
11517,402.6361
11518,504.95038
11519,722.90906
11520,406.2912
11521,699.2994
11522,729.6804
11523,395.42947
11524,299.35114
11525,714.10254
11526,683.79156
11527,702.2979
11528,686.94666
11529,719.48193
11530,563.0995
11531,725.5655
11532,719.85504
11533,584.847
11534,751.8718
11535,684.468
11536,703.8098
11537,386.23526
11538,217.37312
11539,744.1577
11540,298.58377
11541,717.77673
11542,745.34357
11543,445.00754
11544,741.00726
11545,299.60376
11546,681.9456
11547,761.50995
11548,715.066
11549,731.9602
11550,763.9817
11551,715.0233
11552,399.174
11553,175.6288
11554,672.7111
11555,721.8292
11556,677.711
11557,700.02386
11558,300.1451
11559,723.2076
11560,738.8641
11561,746.42175
11562,702.62213
11563,751.4791
11564,292.64883
11565,702.6176
11566,697.0312
11567,846.07117
11568,704.33905
11569,732.71643
11570,706.2777
11571,731.2856
11572,713.8814
11573,736.1505
11574,750.34766
11575,297.0406
11576,706.7004
11577,298.41864
11578,847.6778
11579,849.47455
11580,738.55725
11581,723.3045
11582,370.19073
11583,294.75183
11584,722.31757
11585,518.6258
11586,685.538
11587,319.41095
11588,172.40787
11589,708.77435
11590,725.30585
11591,401.77658
11592,760.2435
11593,701.03046
11594,694.78894
11595,700.31805
11596,849.6657
11597,719.1278
11598,550.5783
11599,300.9072
11600,166.93889
11601,786.7813
11602,403.51242
11603,298.62436
11604,713.6008
11605,714.8334
11606,705.3409
11607,686.3601
11608,685.99005
11609,705.5777
11610,686.1877
11611,749.48535
11612,719.2962
11613,757.2331
11614,780.1226
11615,401.4853
11616,502.41504
11617,701.4504
11618,708.37024
11619,752.6194
11620,738.3874
11621,709.839
11622,705.2785
11623,718.6045
11624,703.32666
11625,387.7131
11626,742.38574
11627,703.7216
11628,298.9188
11629,710.51953
11630,715.7311
11631,689.3535
11632,681.81995
11633,722.90326
11634,398.90057
11635,720.33875
11636,721.657
11637,744.86884
11638,299.55838
11639,733.4396
11640,398.88278
11641,775.08777
11642,733.16034
11643,401.89072
11644,727.79095
11645,751.87177
11646,727.53815
11647,705.9785
11648,677.3761
11649,701.9573
11650,750.6616
11651,748.6112
11652,295.67612
11653,398.10135
11654,682.3641
11655,742.6533
11656,547.0728
11657,693.6788
11658,827.2989
11659,764.61694
11660,734.19824
11661,726.1753
11662,742.736
11663,712.10114
11664,173.01866
11665,675.30475
11666,721.5083
11667,713.8568
11668,700.2254
11669,304.33597
11670,722.9468
11671,705.086
11672,728.4353
11673,707.0628
11674,720.7437
11675,407.71805
11676,703.4209
11677,298.4139
11678,700.4315
11679,840.9556
11680,225.12392
11681,680.4992
11682,722.1383
11683,733.78577
11684,700.3696
11685,715.3876
11686,722.35785
11687,396.77145
11688,712.98785
11689,700.6411
11690,736.6313
11691,677.61096
11692,679.1046
11693,484.09555
11694,704.31885
11695,741.1616
11696,733.78705
11697,702.60156
11698,182.36073
11699,722.7264
11700,706.591
11701,754.29047
11702,703.4586
11703,400.02127
11704,703.9744
11705,845.3398
11706,732.8631
11707,732.1065
11708,746.54913
11709,679.7755
11710,300.2269
11711,744.63245
11712,848.8173
11713,675.3801
11714,716.79016
11715,848.4468
11716,293.63113
11717,298.93835
11718,749.2419
11719,706.48584
11720,848.01447
11721,704.41565
11722,720.7455
11723,711.50635
11724,761.1113
11725,698.238
11726,296.42288
11727,239.00377
11728,178.91936
11729,811.40607
11730,702.97974
11731,701.3392
11732,399.50278
11733,678.4482
11734,396.85104
11735,733.0578
11736,723.2516
11737,555.6975
11738,694.2086
11739,704.3298
11740,701.1845
11741,722.21735
11742,711.15607
11743,728.4962
11744,676.55084
11745,725.64813
11746,696.3076
11747,743.63885
11748,748.85547
11749,685.77374
11750,396.01932
11751,297.21423
11752,835.8025
11753,707.98126
11754,715.7176
11755,689.31445
11756,298.8017
11757,737.94684
11758,294.22867
11759,753.998
11760,706.5334
11761,741.96716
11762,698.77936
11763,716.3009
11764,726.8719
11765,679.37445
11766,673.7889
11767,697.65454
11768,406.68686
11769,684.2309
11770,744.49896
11771,750.078
11772,744.74506
11773,394.6312
11774,706.9183
11775,720.06305
11776,695.3393
11777,753.83777
11778,175.90811
11779,229.45642
11780,739.0847
11781,709.7538
11782,731.5602
11783,400.71118
11784,397.6212
11785,672.7396
11786,674.94165
11787,757.72974
11788,271.53317
11789,678.11597
11790,709.7923
11791,690.70526
11792,686.07715
11793,678.7686
11794,398.84964
11795,724.5855
11796,732.4942
11797,665.96564
11798,715.54724
11799,841.07587
11800,402.255
11801,850.9213
11802,697.3353
11803,208.12552
11804,402.28082
11805,743.0674
11806,701.4781
11807,681.6721
11808,741.9428
11809,401.73953
11810,239.0949
11811,724.3076
11812,403.75143
11813,716.7696
11814,299.7577
11815,719.0937
11816,686.3521
11817,704.3583
11818,723.6527
11819,726.7244
11820,295.7946
11821,849.0008
11822,683.7016
11823,298.14383
11824,728.4576
11825,628.561
11826,710.84906
11827,400.12006
11828,719.8864
11829,750.12744
11830,728.24524
11831,760.266
11832,308.8962
11833,678.0745
11834,400.7616
11835,701.3
11836,707.9822
11837,401.60333
11838,701.83234
11839,742.8112
11840,699.20886
11841,706.53845
11842,715.77045
11843,748.32043
11844,726.23346
11845,703.54083
11846,851.145
11847,401.07242
11848,697.958
11849,297.07956
11850,396.2548
11851,716.5115
11852,688.33984
11853,714.658
11854,335.31332
11855,679.41046
11856,562.63654
11857,283.38034
11858,298.15994
11859,692.4934
11860,406.0538
11861,707.28314
11862,698.38306
11863,717.1667
11864,679.3691
11865,404.09586
11866,298.4888
11867,692.04047
11868,391.03717
11869,702.04675
11870,304.07114
11871,401.97076
11872,729.208
11873,404.25095
11874,404.2257
11875,710.33167
11876,677.56866
11877,774.4718
11878,404.75104
11879,705.7287
11880,698.06665
11881,731.85645
11882,709.2394
11883,182.2942
11884,314.19525
11885,738.95325
11886,733.53015
11887,692.0256
11888,786.68427
11889,726.6694
11890,706.61865
11891,710.9694
11892,780.8535
11893,703.80634
11894,739.84735
11895,398.6217
11896,806.44714
11897,847.5405
11898,699.6137
11899,301.3054
11900,393.85297
11901,695.53033
11902,296.06534
11903,732.47833
11904,722.73755
11905,305.46506
11906,522.4079
11907,700.5764
11908,724.75977
11909,708.6152
11910,679.6061
11911,733.43787
11912,682.5046
11913,745.97766
11914,294.82422
11915,744.9575
11916,684.4125
11917,705.0161
11918,706.83875
11919,401.79712
11920,702.7733
11921,697.36145
11922,711.0219
11923,677.1006
11924,757.5602
11925,801.34015
11926,267.6313
11927,703.82916
11928,678.8535
11929,708.24316
11930,704.9189
11931,709.11285
11932,747.9762
11933,234.91296
11934,687.684
11935,726.2571
11936,689.95026
11937,294.01413
11938,677.4198
11939,736.7552
11940,753.0073
11941,402.8352
11942,770.8248
11943,738.13104
11944,401.5556
11945,716.3135
11946,685.23785
11947,848.35406
11948,680.06146
11949,703.86646
11950,706.505
11951,747.8098
11952,724.77625
11953,721.3402
11954,207.25584
11955,704.7341
11956,702.07074
11957,704.2381
11958,700.06744
11959,687.5549
11960,680.0264
11961,746.6056
11962,705.2348
11963,696.25006
11964,702.66486
11965,295.89685
11966,787.34045
11967,761.5306
11968,669.4422
11969,732.03577
11970,677.41223
11971,719.2116
11972,836.134
11973,676.668
11974,145.14235
11975,283.02304
11976,623.5655
11977,403.18192
11978,749.17926
11979,212.91832
11980,849.0714
11981,714.3398
11982,297.83698
11983,690.71045
11984,756.6828
11985,739.222
11986,721.65686
11987,776.0856
11988,229.24057
11989,735.9378
11990,718.2191
11991,700.4128
11992,297.33774
11993,677.0553
11994,684.8241
11995,678.24176
11996,691.4501
11997,710.57965
11998,718.77014
11999,665.6513
12000,722.2982
12001,720.3453
12002,744.00867
12003,400.88885
12004,699.5848
12005,717.65344
12006,487.0824
12007,737.4259
12008,679.4217
12009,801.9739
12010,679.78937
12011,846.33734
12012,315.86215
12013,298.126
12014,709.2604
12015,296.00586
12016,702.37476
12017,399.30707
12018,713.22595
12019,751.144
12020,374.7077
12021,683.78314
12022,834.2441
12023,402.44073
12024,730.0066
12025,681.3038
12026,672.4835
12027,703.60864
12028,689.8565
12029,710.4777
12030,757.5148
12031,292.7173
12032,700.54315
12033,746.77124
12034,685.04944
12035,702.58044
12036,731.51996
12037,728.5658
12038,401.54443
12039,725.40375
12040,307.5272
12041,711.42944
12042,314.49646
12043,728.8059
12044,702.9391
12045,846.2355
12046,405.30325
12047,403.42627
12048,730.9948
12049,755.58
12050,711.6896
12051,730.4935
12052,753.08344
12053,736.4659
12054,754.20087
12055,714.3591
12056,678.03937
12057,753.91266
12058,683.9451
12059,693.12506
12060,692.4537
12061,700.5605
12062,738.9775
12063,730.17285
12064,546.0947
12065,722.3091
12066,850.2377
12067,730.1411
12068,748.6503
12069,718.95544
12070,752.1355
12071,405.36514
12072,296.92953
12073,682.12695
12074,705.6232
12075,704.96594
12076,732.6274
12077,681.0101
12078,841.51575
12079,400.9998
12080,694.1073
12081,690.46265
12082,687.97504
12083,384.16953
12084,398.317
12085,701.71405
12086,683.83923
12087,735.4731
12088,684.1103
12089,703.3421
12090,312.34506
12091,705.09436
12092,843.29254
12093,678.1182
12094,223.04184
12095,521.03906
12096,704.24786
12097,730.60114
12098,731.3638
12099,675.5375
12100,705.72925
12101,229.20512
12102,299.25867
12103,679.98236
12104,678.60095
12105,847.69354
12106,294.32388
12107,745.1301
12108,723.47363
12109,729.7914
12110,405.49997
12111,750.21387
12112,738.891
12113,734.14966
12114,399.31873
12115,704.5708
12116,729.9581
12117,736.74
12118,293.85568
12119,698.55084
12120,719.8036
12121,705.68195
12122,701.4166
12123,677.2308
12124,483.5959
12125,852.0742
12126,688.15753
12127,733.0717
12128,688.5612
12129,285.61478
12130,296.46753
12131,669.6859
12132,703.5757
12133,679.889
12134,677.1752
12135,752.5792
12136,687.4752
12137,841.1661
12138,237.14671
12139,837.60236
12140,727.9233
12141,760.5455
12142,299.99017
12143,298.40488
12144,704.42786
12145,290.617
12146,751.12134
12147,707.9194
12148,710.6201
12149,780.1844
12150,743.5401
12151,448.6988
12152,297.58508
12153,694.1107
12154,846.70166
12155,704.7145
12156,296.0026
12157,718.8525
12158,731.0111
12159,783.0729
12160,677.03687
12161,701.46796
12162,292.73306
12163,297.98874
12164,705.08105
12165,296.53464
12166,727.1406
12167,397.85635
12168,845.4783
12169,298.48495
12170,678.88947
12171,680.8722
12172,722.18243
12173,704.50964
12174,396.90817
12175,297.82834
12176,731.54065
12177,682.6862
12178,714.41327
12179,737.1581
12180,737.6047
12181,782.3035
12182,732.64996
12183,431.07385
12184,705.68616
12185,847.54034
12186,703.7203
12187,205.57541
12188,702.3628
12189,253.17131
12190,743.30164
12191,722.3627
12192,299.00418
12193,750.00653
12194,462.51343
12195,845.7209
12196,681.6133
12197,676.4898
12198,705.445
12199,717.98145
12200,394.86572
12201,735.1411
12202,778.8505
12203,848.1948
12204,266.33243
12205,688.0229
12206,674.0148
12207,714.2832
12208,296.5788
12209,690.244
12210,402.96927
12211,704.67804
12212,746.2634
12213,703.0364
12214,394.70294
12215,683.7632
12216,399.34314
12217,679.8344
12218,755.9827
12219,401.41293
12220,722.1506
12221,400.01163
12222,730.1009
12223,712.1889
12224,678.73785
12225,683.5946
12226,731.18567
12227,758.0662
12228,847.27545
12229,725.06964
12230,714.9899
12231,725.2388
12232,235.24092
12233,702.0509
12234,704.0706
12235,627.56366
12236,690.3809
12237,730.64575
12238,297.07956
12239,750.67834
12240,405.8379
12241,696.3002
12242,708.9006
12243,300.98843
12244,691.69635
12245,724.6222
12246,549.1264
12247,760.71344
12248,721.6836
12249,176.1229
12250,675.968
12251,739.3136
12252,843.925
12253,703.97253
12254,402.75546
12255,705.8635
12256,673.65485
12257,685.67114
12258,714.1422
12259,717.424
12260,831.9715
12261,679.1862
12262,852.628
12263,718.83295
12264,770.945
12265,698.894
12266,731.62866
12267,704.5129
12268,713.11285
12269,702.661
12270,404.62234
12271,773.87726
12272,409.20398
12273,737.81635
12274,733.8463
12275,782.8219
12276,706.3092
12277,404.0148
12278,298.58197
12279,759.32355
12280,706.5623
12281,394.44357
12282,294.88132
12283,717.22174
12284,719.76624
12285,680.67474
12286,683.871
12287,709.06696
12288,300.4121
12289,718.6736
12290,292.1373
12291,263.78076
12292,849.7614
12293,681.62213
12294,780.9031
12295,720.1026
12296,731.5939
12297,733.06647
12298,735.92725
12299,699.9331
12300,700.59375
12301,702.1299
12302,718.9144
12303,738.8811
12304,724.4826
12305,710.9803
12306,464.65833
12307,675.58813
12308,433.67206
12309,731.16815
12310,740.0717
12311,404.91263
12312,849.77466
12313,788.7976
12314,705.23926
12315,306.23572
12316,696.46936
12317,684.1459
12318,735.8256
12319,681.54755
12320,716.86224
12321,365.501
12322,780.62866
12323,713.1985
12324,699.9041
12325,748.43896
12326,705.9517
12327,296.42532
12328,703.60016
12329,731.27124
12330,679.0478
12331,720.97595
12332,756.9518
12333,682.5357
12334,740.1543
12335,685.0187
12336,335.90442
12337,844.77136
12338,678.683
12339,298.77982
12340,751.70215
12341,777.50653
12342,239.00377
12343,752.45105
12344,296.7928
12345,725.0796
12346,295.06558
12347,846.57294
12348,714.0964
12349,743.9454
12350,710.94995
12351,394.61374
12352,299.70392
12353,712.811
12354,729.96204
12355,570.64874
12356,703.45465
12357,682.5112
12358,689.40326
12359,699.6337
12360,751.4414
12361,845.88367
12362,701.9329
12363,706.1591
12364,707.2521
12365,683.76227
12366,751.8738
12367,751.37573
12368,749.42303
12369,677.34937
12370,725.0198
12371,719.98914
12372,704.76697
12373,696.4087
12374,765.25085
12375,712.71387
12376,761.38513
12377,296.2941
12378,751.3367
12379,695.60516
12380,750.4123
12381,307.54065
12382,709.77655
12383,734.99774
12384,736.21375
12385,714.016
12386,705.0867
12387,402.02658
12388,755.81647
12389,401.4415
12390,564.0827
12391,680.31
12392,175.97403
12393,742.2405
12394,408.37177
12395,840.17053
12396,686.29767
12397,753.1603
12398,705.7831
12399,693.2045
12400,768.1405
12401,716.45337
12402,403.3143
12403,787.6575
12404,693.53864
12405,712.66113
12406,701.2859
12407,731.6305
12408,292.47226
12409,736.48804
12410,708.3163
12411,702.5849
12412,725.39935
12413,847.0318
12414,681.4792
12415,706.23395
12416,691.48535
12417,749.64874
12418,759.8253
12419,295.6914
12420,778.85693
12421,406.50143
12422,397.78516
12423,302.45865
12424,743.5764
12425,299.70392
12426,749.42523
12427,403.11884
12428,398.51193
12429,407.51196
12430,700.4764
12431,843.23315
12432,703.81256
12433,140.71603
12434,711.25385
12435,708.942
12436,700.117
12437,732.22876
12438,679.9128
12439,717.1569
12440,836.39014
12441,721.9377
12442,743.4463
12443,717.4688
12444,400.66074
12445,705.3432
12446,630.03424
12447,728.09485
12448,752.5451
12449,704.9196
12450,845.45593
12451,669.72504
12452,733.27057
12453,742.19055
12454,750.9708
12455,401.9674
12456,723.9985
12457,753.1406
12458,685.41626
12459,684.2623
12460,706.1277
12461,720.80255
12462,401.1459
12463,729.0533
12464,705.6341
12465,240.98494
12466,733.3359
12467,152.25848
12468,734.4161
12469,300.80704
12470,707.7696
12471,708.52057
12472,840.8175
12473,697.86084
12474,722.11316
12475,731.6677
12476,738.8065
12477,704.16077
12478,704.86304
12479,738.20325
12480,683.19257
12481,746.96796
12482,486.10965
12483,739.09045
12484,728.7567
12485,852.478
12486,739.709
12487,299.73047
12488,719.0927
12489,400.29398
12490,702.59937
12491,694.33105
12492,391.46024
12493,297.48032
12494,718.9033
12495,701.0379
12496,848.7011
12497,404.94946
12498,725.7321
12499,406.2909
12500,720.77045
12501,679.25757
12502,277.80615
12503,745.1268
12504,741.0671
12505,855.73004
12506,726.813
12507,292.6812
12508,681.4866
12509,752.9068
12510,693.5663
12511,713.2616
12512,403.97107
12513,680.65454
12514,676.17834
12515,753.7179
12516,395.47617
12517,296.2941
12518,693.5935
12519,690.5979
12520,750.3815
12521,295.9571
12522,703.3232
12523,754.6915
12524,728.41
12525,505.10065
12526,772.1475
12527,688.74554
12528,742.30475
12529,735.79645
12530,173.85837
12531,850.3711
12532,299.3186
12533,716.91315
12534,681.41235
12535,693.10254
12536,731.2437
12537,399.6823
12538,173.31494
12539,723.7492
12540,730.10175
12541,386.98505
12542,704.54205
12543,699.5771
12544,707.6773
12545,730.1749
12546,400.55347
12547,235.97505
12548,786.6785
12549,753.7193
12550,699.16394
12551,720.7795
12552,731.41156
12553,704.5502
12554,678.4556
12555,725.7197
12556,705.32086
12557,728.4175
12558,703.87836
12559,751.68823
12560,746.87305
12561,754.06775
12562,727.4477
12563,720.68
12564,704.0519
12565,695.91724
12566,401.11093
12567,718.10657
12568,399.32132
12569,720.9449
12570,688.6967
12571,674.19867
12572,700.7613
12573,175.97403
12574,723.87976
12575,403.1158
12576,696.6564
12577,755.7818
12578,709.54736
12579,680.3032
12580,721.23114
12581,405.53842
12582,740.4184
12583,719.5062
12584,755.4113
12585,681.33075
12586,704.5489
12587,173.0977
12588,291.13913
12589,758.5802
12590,370.10895
12591,454.8581
12592,723.5495
12593,700.07556
12594,291.65887
12595,727.7126
12596,253.79713
12597,706.92474
12598,399.84058
12599,400.11487
12600,396.78717
12601,681.84094
12602,297.80832
12603,684.9834
12604,299.37347
12605,747.27954
12606,684.0081
12607,673.2051
12608,745.0229
12609,299.09384
12610,781.5179
12611,239.00377
12612,708.1548
12613,403.5499
12614,725.95996
12615,701.61237
12616,731.1853
12617,402.71054
12618,749.5389
12619,678.1641
12620,740.7283
12621,296.21133
12622,733.9265
12623,402.28214
12624,680.1335
12625,738.5642
12626,753.9483
12627,405.6304
12628,840.74084
12629,684.7665
12630,687.4475
12631,746.78613
12632,570.588
12633,302.06506
12634,686.44006
12635,731.9847
12636,700.7809
12637,749.9979
12638,567.0757
12639,714.8048
12640,787.8277
12641,237.87505
12642,841.9228
12643,722.4562
12644,401.11148
12645,682.4898
12646,850.78357
12647,739.1609
12648,681.3059
12649,698.92755
12650,711.6012
12651,681.868
12652,262.83978
12653,307.1347
12654,335.14246
12655,728.8885
12656,750.7379
12657,719.11475
12658,740.3702
12659,453.0094
12660,776.3271
12661,681.2127
12662,698.4267
12663,743.47784
12664,692.90717
12665,301.26163
12666,400.6054
12667,742.6803
12668,705.6779
12669,705.4338
12670,676.76385
12671,739.8673
12672,715.81616
12673,748.5582
12674,685.5508
12675,298.87085
12676,705.3494
12677,712.0729
12678,403.04776
12679,257.41003
12680,498.11224
12681,694.7742
12682,761.2195
12683,731.2223
12684,297.41867
12685,297.54428
12686,397.15454
12687,693.1214
12688,745.6831
12689,725.8326
12690,298.48495
12691,774.5228
12692,700.6205
12693,673.8472
12694,677.7011
12695,737.12305
12696,706.17236
12697,299.58386
12698,837.9169
12699,400.66193
12700,402.75836
12701,299.88657
12702,748.74866
12703,488.21512
12704,678.72284
12705,682.9769
12706,719.99817
12707,293.34055
12708,699.0942
12709,704.13617
12710,793.71545
12711,400.49548
12712,680.6494
12713,683.1443
12714,673.2164
12715,723.6901
12716,712.0453
12717,697.071
12718,691.58234
12719,724.80493
12720,402.52136
12721,704.7094
12722,701.98535
12723,707.9201
12724,679.83636
12725,846.8678
12726,740.68494
12727,151.02951
12728,721.50854
12729,738.66815
12730,693.51294
12731,180.12083
12732,717.5472
12733,402.2886
12734,706.00446
12735,709.9745
12736,702.8605
12737,403.38205
12738,729.9185
12739,691.37335
12740,714.1724
12741,719.56134
12742,755.86365
12743,734.53064
12744,783.20465
12745,763.4404
12746,401.82614
12747,293.4896
12748,682.3229
12749,706.0494
12750,689.97815
12751,683.2954
12752,731.8467
12753,712.7521
12754,676.8383
12755,293.25183
12756,237.14671
12757,755.3028
12758,703.846
12759,704.8943
12760,736.63684
12761,739.30945
12762,744.67084
12763,721.14746
12764,735.58435
12765,745.87897
12766,684.9723
12767,723.3
12768,742.62524
12769,680.01056
12770,716.84125
12771,681.59283
12772,717.77893
12773,781.2804
12774,719.7558
12775,735.8773
12776,737.94226
12777,741.7573
12778,704.8065
12779,723.8093
12780,691.36194
12781,713.11884
12782,686.2887
12783,744.31824
12784,840.6012
12785,709.0078
12786,713.6822
12787,708.9647
12788,707.613
12789,709.1312
12790,847.5251
12791,693.0935
12792,744.1954
12793,704.1524
12794,681.30945
12795,740.22217
12796,735.7192
12797,398.37396
12798,727.667
12799,736.0249
12800,676.0551
12801,239.96225
12802,683.0615
12803,694.53613
12804,725.724
12805,683.57324
12806,695.60815
12807,230.08711
12808,702.2345
12809,698.3267
12810,683.72864
12811,773.3127
12812,709.9801
12813,753.6341
12814,306.92392
12815,842.82745
12816,294.852
12817,706.71155
12818,702.14844
12819,690.06976
12820,724.427
12821,842.1304
12822,676.667
12823,684.47125
12824,684.08453
12825,716.2552
12826,562.9752
12827,676.9747
12828,696.7276
12829,231.14847
12830,402.99365
12831,710.6839
12832,402.02695
12833,408.60147
12834,296.22992
12835,752.47327
12836,727.99207
12837,677.2047
12838,296.66534
12839,712.98834
12840,686.06177
12841,846.69
12842,686.20575
12843,682.51697
12844,705.837
12845,684.8061
12846,720.83704
12847,675.79443
12848,700.99286
12849,716.43353
12850,720.68225
12851,683.9658
12852,845.5978
12853,297.90164
12854,775.92834
12855,306.89743
12856,760.5428
12857,747.6761
12858,752.3598
12859,715.10736
12860,393.44946
12861,721.22406
12862,706.06696
12863,727.61145
12864,751.71436
12865,692.5883
12866,174.27318
12867,299.55707
12868,763.0631
12869,845.0376
12870,744.0265
12871,752.8437
12872,398.90616
12873,688.373
12874,760.71564
12875,688.6466
12876,703.3527
12877,846.45386
12878,798.8089
12879,568.8497
12880,392.35486
12881,691.6541
12882,748.69507
12883,686.6501
12884,721.4435
12885,702.8477
12886,697.5272
12887,719.3121
12888,724.7025
12889,678.12274
12890,732.5711
12891,687.9202
12892,564.45135
12893,728.107
12894,175.6288
12895,761.6288
12896,292.9072
12897,399.58313
12898,454.35703
12899,720.57025
12900,678.88007
12901,687.87787
12902,417.22598
12903,176.57626
12904,737.0149
12905,704.1967
12906,297.24078
12907,722.8873
12908,748.00653
12909,704.90924
12910,700.0773
12911,717.38446
12912,714.6287
12913,443.10403
12914,718.07794
12915,728.0508
12916,296.5222
12917,765.961
12918,713.45374
12919,696.14465
12920,685.22473
12921,740.842
12922,315.4865
12923,460.25873
12924,718.2381
12925,400.39526
12926,398.24673
12927,724.3877
12928,724.82196
12929,845.8636
12930,693.54126
12931,767.7774
12932,706.1102
12933,299.3862
12934,400.40805
12935,724.8159
12936,295.64267
12937,691.29083
12938,717.52264
12939,850.791
12940,381.70126
12941,681.5917
12942,846.05133
12943,197.37885
12944,848.79645
12945,722.04553
12946,543.6505
12947,749.6174
12948,733.7407
12949,668.4867
12950,707.45654
12951,702.8975
12952,698.0465
12953,742.9911
12954,712.5668
12955,702.626
12956,745.0404
12957,483.51697
12958,679.2945
12959,686.96075
12960,296.66193
12961,714.9998
12962,680.22253
12963,730.2891
12964,849.7733
12965,732.76587
12966,380.83096
12967,301.18106
12968,294.26453
12969,844.04877
12970,680.7242
12971,701.80743
12972,298.29962
12973,255.62926
12974,295.29578
12975,682.9104
12976,685.22797
12977,731.2015
12978,681.7934
12979,710.95294
12980,406.75858
12981,708.2517
12982,394.5094
12983,687.601
12984,735.19275
12985,718.37317
12986,729.44934
12987,740.1488
12988,688.25146
12989,710.80634
12990,770.0362
12991,747.8761
12992,749.80334
12993,392.9682
12994,754.2621
12995,695.3643
12996,683.87054
12997,721.0726
12998,691.4662
12999,700.5145
13000,404.0474
13001,708.89233
13002,397.94922
13003,295.86127
13004,370.09937
13005,405.28
13006,403.39444
13007,679.318
13008,745.8968
13009,684.668
13010,695.0279
13011,688.267
13012,720.4924
13013,837.27686
13014,393.26117
13015,689.33545
13016,710.0638
13017,301.28394
13018,175.90811
13019,729.6912
13020,312.96072
13021,683.6486
13022,752.6546
13023,701.5033
13024,745.5441
13025,512.17664
13026,695.8871
13027,705.9839
13028,705.42004
13029,706.7708
13030,401.6332
13031,747.19763
13032,235.94745
13033,728.96875
13034,699.0574
13035,723.8572
13036,696.7076
13037,296.14795
13038,250.66573
13039,297.53717
13040,401.4189
13041,238.60284
13042,725.27844
13043,686.623
13044,299.37347
13045,705.0006
13046,728.6604
13047,839.4939
13048,692.50806
13049,703.313
13050,183.886
13051,710.57935
13052,631.70905
13053,710.9833
13054,706.86273
13055,748.02106
13056,771.4841
13057,301.1517
13058,737.4044
13059,697.846
13060,689.7278
13061,686.55945
13062,710.1444
13063,175.6288
13064,747.2892
13065,541.8529
13066,848.30524
13067,726.70184
13068,735.11395
13069,287.31952
13070,707.9681
13071,720.38635
13072,785.895
13073,852.3048
13074,405.00595
13075,749.41266
13076,699.44763
13077,723.13043
13078,741.0222
13079,307.31033
13080,735.6777
13081,773.5249
13082,679.0651
13083,702.1538
13084,729.67017
13085,764.9905
13086,667.3783
13087,706.53564
13088,687.5528
13089,736.4264
13090,850.40906
13091,734.7033
13092,685.2914
13093,699.9605
13094,848.98816
13095,393.2459
13096,697.6222
13097,300.87756
13098,736.8988
13099,178.00494
13100,734.202
13101,848.9715
13102,735.8774
13103,848.50726
13104,701.7778
13105,678.1111
13106,700.14417
13107,688.00836
13108,682.47675
13109,706.3681
13110,739.37946
13111,747.51434
13112,847.22345
13113,682.84314
13114,701.82294
13115,695.9547
13116,405.7213
13117,698.02496
13118,179.9903
13119,712.81366
13120,698.22235
13121,748.2572
13122,753.0567
13123,677.33215
13124,708.3496
13125,740.20844
13126,397.3644
13127,714.25006
13128,717.2703
13129,708.25903
13130,723.7214
13131,687.22784
13132,683.0828
13133,734.4934
13134,685.111
13135,688.82764
13136,743.2614
13137,726.04095
13138,684.26013
13139,704.4611
13140,677.7325
13141,777.6888
13142,724.372
13143,386.90408
13144,703.1654
13145,764.02985
13146,755.0758
13147,723.74866
13148,679.46027
13149,409.95184
13150,754.6896
13151,565.70575
13152,704.67975
13153,704.1923
13154,680.60126
13155,732.60156
13156,743.7513
13157,680.8233
13158,716.62665
13159,682.4032
13160,775.67126
13161,236.504
13162,678.8439
13163,703.9708
13164,260.15475
13165,290.9952
13166,750.74506
13167,732.5784
13168,752.74835
13169,741.5251
13170,703.2527
13171,697.13354
13172,671.39636
13173,184.95065
13174,819.5074
13175,706.88745
13176,731.20966
13177,718.01953
13178,298.49176
13179,743.8029
13180,745.11444
13181,678.54114
13182,684.4925
13183,673.3385
13184,719.1884
13185,711.77716
13186,852.40173
13187,729.4578
13188,706.94666
13189,402.8591
13190,302.9648
13191,691.6604
13192,297.89108
13193,702.2249
13194,183.886
13195,744.9935
13196,297.85748
13197,415.33783
13198,716.3908
13199,734.351
13200,314.29004
13201,704.2788
13202,738.0511
13203,700.44183
13204,229.97162
13205,692.1302
13206,725.55
13207,735.7563
13208,679.29175
13209,563.393
13210,675.9557
13211,187.96024
13212,688.34375
13213,747.92676
13214,694.43896
13215,679.42175
13216,847.71606
13217,704.84814
13218,298.75177
13219,722.29285
13220,747.977
13221,743.34674
13222,701.7941
13223,734.7816
13224,725.84656
13225,845.8989
13226,847.1637
13227,708.4889
13228,754.4709
13229,301.0951
13230,841.63257
13231,486.43005
13232,401.8888
13233,766.46326
13234,698.7369
13235,704.0454
13236,714.1841
13237,402.34085
13238,685.4839
13239,768.14526
13240,546.49774
13241,571.28217
13242,400.91592
13243,719.25684
13244,739.7987
13245,725.12177
13246,744.92255
13247,681.6406
13248,718.3275
13249,683.9293
13250,702.3322
13251,738.81757
13252,714.7917
13253,701.3636
13254,702.85236
13255,694.9255
13256,320.03586
13257,710.7432
13258,743.1215
13259,735.38336
13260,721.83344
13261,681.2976
13262,171.13905
13263,737.1039
13264,688.1458
13265,752.6729
13266,294.67917
13267,682.1781
13268,752.045
13269,717.97876
13270,298.57193
13271,786.48413
13272,402.02054
13273,705.3207
13274,679.0677
13275,678.6141
13276,404.73224
13277,276.5065
13278,698.17883
13279,732.83984
13280,750.3248
13281,297.90164
13282,694.6799
13283,718.4827
13284,288.1161
13285,728.88776
13286,682.0014
13287,699.09174
13288,553.231
13289,710.5244
13290,296.1362
13291,756.5899
13292,735.66205
13293,191.8731
13294,707.075
13295,684.0921
13296,259.34732
13297,766.84454
13298,711.474
13299,727.448
13300,843.74567
13301,165.08444
13302,723.69336
13303,738.4107
13304,754.5839
13305,226.47754
13306,703.17426
13307,404.49518
13308,751.52594
13309,747.9415
13310,714.76263
13311,755.34094
13312,721.1036
13313,760.04443
13314,684.5724
13315,698.4906
13316,703.21954
13317,689.121
13318,691.21533
13319,774.96747
13320,705.5829
13321,401.37424
13322,701.9484
13323,205.89832
13324,701.94995
13325,709.51953
13326,712.14825
13327,734.3201
13328,686.6502
13329,730.76276
13330,680.2923
13331,393.6312
13332,680.24646
13333,404.54745
13334,845.29156
13335,296.37213
13336,849.3559
13337,697.08966
13338,667.47546
13339,717.90753
13340,704.149
13341,401.55807
13342,744.94543
13343,403.04688
13344,653.7902
13345,725.444
13346,773.259
13347,731.34564
13348,841.8756
13349,757.0461
13350,720.7796
13351,293.67526
13352,718.7848
13353,409.00568
13354,719.36475
13355,842.75275
13356,724.999
13357,405.3486
13358,684.0693
13359,844.20886
13360,748.02344
13361,703.0002
13362,679.7975
13363,503.62137
13364,702.7609
13365,732.6505
13366,292.30902
13367,849.3836
13368,731.97107
13369,681.27386
13370,681.6792
13371,783.1246
13372,295.55292
13373,708.1514
13374,678.16125
13375,704.48285
13376,717.5687
13377,744.9878
13378,839.51855
13379,700.2131
13380,295.7046
13381,682.5702
13382,702.2512
13383,751.0569
13384,301.04102
13385,695.78076
13386,760.78546
13387,706.60144
13388,400.8633
13389,691.6481
13390,744.12964
13391,402.017
13392,399.04483
13393,299.81708
13394,769.84436
13395,747.33795
13396,294.9982
13397,487.23276
13398,669.64685
13399,729.14246
13400,694.6568
13401,700.0417
13402,237.14671
13403,667.85614
13404,748.6316
13405,714.2901
13406,701.8661
13407,728.1802
13408,701.3076
13409,851.5671
13410,679.66626
13411,297.489
13412,720.78687
13413,699.2383
13414,723.6811
13415,685.5527
13416,288.29044
13417,684.4327
13418,722.03467
13419,702.5424
13420,688.07104
13421,703.47156
13422,772.6656
13423,291.23547
13424,704.4873
13425,722.2834
13426,711.0375
13427,769.0661
13428,704.1983
13429,685.1801
13430,703.2086
13431,639.0241
13432,759.93774
13433,701.0891
13434,824.32623
13435,693.01953
13436,679.4833
13437,735.1133
13438,296.7114
13439,722.0268
13440,740.4602
13441,750.9429
13442,237.64111
13443,728.71
13444,703.949
13445,746.1692
13446,678.972
13447,707.72516
13448,703.194
13449,238.83463
13450,741.63324
13451,701.743
13452,404.79575
13453,690.6918
13454,703.7312
13455,694.99005
13456,706.14154
13457,739.16034
13458,686.30365
13459,732.5669
13460,680.53613
13461,702.09155
13462,239.00377
13463,699.9516
13464,724.4726
13465,404.2565
13466,404.9534
13467,691.3908
13468,706.81744
13469,753.7887
13470,287.85034
13471,736.6609
13472,681.2949
13473,763.4335
13474,729.41626
13475,835.9555
13476,740.53064
13477,722.03986
13478,780.6449
13479,717.57654
13480,698.4524
13481,725.0602
13482,705.02625
13483,722.0595
13484,698.5173
13485,652.909
13486,702.15295
13487,399.88113
13488,765.06616
13489,722.0599
13490,703.9479
13491,847.9867
13492,297.97272
13493,400.2231
13494,172.24052
13495,846.99164
13496,699.8764
13497,735.4595
13498,718.6921
13499,320.79263
13500,751.35284
13501,285.55273
13502,755.5659
13503,839.85785
13504,300.37848
13505,753.52576
13506,184.12686
13507,398.9821
13508,718.9222
13509,233.83565
13510,247.88142
13511,291.43173
13512,302.7485
13513,374.2859
13514,763.77966
13515,699.6422
13516,807.7288
13517,697.77875
13518,686.54785
13519,403.07114
13520,740.8823
13521,751.2262
13522,694.03503
13523,724.51733
13524,372.3321
13525,747.6669
13526,292.50055
13527,407.10663
13528,753.6755
13529,724.32007
13530,398.4738
13531,733.546
13532,299.36752
13533,771.9352
13534,740.7028
13535,711.0664
13536,709.7116
13537,278.65952
13538,729.997
13539,716.7418
13540,750.8354
13541,685.6451
13542,464.498
13543,558.1917
13544,680.70746
13545,286.51227
13546,724.32166
13547,678.0837
13548,805.7592
13549,297.324
13550,404.78632
13551,772.42395
13552,687.27234
13553,300.57083
13554,405.5569
13555,296.80035
13556,709.06476
13557,704.58997
13558,711.839
13559,407.27063
13560,288.545
13561,751.50824
13562,705.589
13563,717.30725
13564,721.41284
13565,405.61807
13566,296.54156
13567,711.75366
13568,732.8946
13569,701.82495
13570,700.64655
13571,749.542
13572,666.24554
13573,690.51685
13574,723.16156
13575,301.99548
13576,733.1215
13577,704.02936
13578,682.2316
13579,757.80426
13580,693.0328
13581,747.697
13582,693.41003
13583,645.3111
13584,699.9605
13585,391.7674
13586,237.77678
13587,708.0883
13588,402.91895
13589,304.332
13590,752.11536
13591,847.1466
13592,716.0299
13593,308.83682
13594,704.01184
13595,712.57605
13596,705.2225
13597,302.79803
13598,396.25812
13599,705.93726
13600,724.3504
13601,766.814
13602,685.43304
13603,691.1449
13604,709.0048
13605,386.19583
13606,503.6519
13607,183.886
13608,687.4482
13609,725.16223
13610,704.614
13611,714.6351
13612,738.74146
13613,704.4763
13614,694.1995
13615,401.50244
13616,296.49057
13617,391.6186
13618,711.72723
13619,254.39537
13620,847.44324
13621,718.93176
13622,401.6185
13623,668.14136
13624,301.11783
13625,298.0107
13626,402.75174
13627,688.2685
13628,723.8362
13629,715.8422
13630,749.79865
13631,842.0711
13632,254.7299
13633,700.4034
13634,705.8191
13635,740.38837
13636,681.0481
13637,741.6488
13638,403.6299
13639,396.60486
13640,842.85583
13641,739.14606
13642,409.06055
13643,730.3093
13644,683.8854
13645,703.5487
13646,699.44794
13647,386.5384
13648,678.97906
13649,297.0002
13650,738.1778
13651,678.5702
13652,695.7093
13653,737.13055
13654,679.07837
13655,701.1555
13656,675.64355
13657,296.7928
13658,740.5562
13659,741.2423
13660,734.9511
13661,699.8701
13662,400.2331
13663,683.64734
13664,703.5706
13665,682.7289
13666,746.9833
13667,772.06464
13668,678.0552
13669,693.1323
13670,756.89514
13671,681.3107
13672,713.67126
13673,721.6379
13674,665.58484
13675,405.14087
13676,693.6516
13677,679.2186
13678,792.5026
13679,782.53973
13680,730.1635
13681,686.849
13682,679.05597
13683,297.9442
13684,710.4504
13685,745.8987
13686,701.6826
13687,752.1379
13688,701.4642
13689,400.80872
13690,659.06714
13691,783.16876
13692,525.3136
13693,750.0334
13694,719.87427
13695,293.05298
13696,735.1266
13697,714.4477
13698,721.45447
13699,687.88574
13700,687.71594
13701,748.1885
13702,786.2228
13703,712.75977
13704,703.60236
13705,409.92038
13706,688.21277
13707,685.19226
13708,297.05237
13709,176.7852
13710,730.39905
13711,853.8989
13712,689.41754
13713,686.1239
13714,297.25354
13715,707.62225
13716,749.38226
13717,559.2183
13718,699.3115
13719,703.594
13720,719.6493
13721,401.22507
13722,232.88733
13723,743.69507
13724,678.57104
13725,744.8733
13726,298.91284
13727,709.1146
13728,700.57794
13729,716.0921
13730,407.6019
13731,250.97618
13732,782.7582
13733,732.0066
13734,844.1971
13735,679.02106
13736,741.4879
13737,700.6144
13738,699.98694
13739,705.5401
13740,548.4949
13741,728.1911
13742,295.486
13743,698.7171
13744,701.39844
13745,737.4634
13746,665.88153
13747,840.0079
13748,749.332
13749,724.7298
13750,295.07532
13751,495.30032
13752,662.57526
13753,707.1365
13754,701.1186
13755,846.6631
13756,700.50543
13757,401.14447
13758,400.89548
13759,745.2248
13760,696.51874
13761,717.4779
13762,724.74023
13763,699.57684
13764,396.61536
13765,688.3474
13766,237.72516
13767,295.70868
13768,690.4267
13769,703.9831
13770,700.3311
13771,710.20483
13772,852.7259
13773,697.3285
13774,333.2281
13775,295.65686
13776,751.5007
13777,704.98914
13778,685.35443
13779,737.117
13780,399.85486
13781,782.91595
13782,705.4779
13783,686.2261
13784,399.24878
13785,716.25586
13786,743.24036
13787,684.02637
13788,676.9395
13789,705.3106
13790,527.3384
13791,682.78705
13792,722.0209
13793,848.2132
13794,730.3203
13795,289.95813
13796,739.49493
13797,710.469
13798,729.4955
13799,713.5054
13800,747.97815
13801,807.89996
13802,697.5158
13803,729.66785
13804,705.88446
13805,810.1955
13806,746.0065
13807,399.5151
13808,698.1125
13809,701.2039
13810,726.29694
13811,674.8858
13812,482.12592
13813,715.9657
13814,846.0523
13815,409.97025
13816,696.6048
13817,752.9349
13818,525.2223
13819,725.40295
13820,717.9979
13821,403.80286
13822,711.4969
13823,703.6979
13824,296.537
13825,280.01242
13826,678.01025
13827,733.2503
13828,734.5074
13829,680.0369
13830,689.9296
13831,745.3991
13832,852.1354
13833,727.3524
13834,687.3989
13835,740.758
13836,694.3631
13837,749.73785
13838,305.6123
13839,853.3248
13840,682.61914
13841,845.6083
13842,395.07205
13843,712.8861
13844,750.9408
13845,738.24316
13846,706.47943
13847,709.05054
13848,734.6093
13849,757.4941
13850,727.5321
13851,848.9794
13852,766.13654
13853,446.1046
13854,388.40912
13855,406.9403
13856,541.9485
13857,740.1831
13858,709.51245
13859,754.2915
13860,290.00824
13861,700.9784
13862,850.115
13863,720.7667
13864,718.2353
13865,732.28723
13866,727.56415
13867,681.7375
13868,782.1191
13869,708.1674
13870,687.9806
13871,291.1824
13872,292.5581
13873,721.5488
13874,297.47632
13875,716.35034
13876,735.664
13877,704.28955
13878,850.18677
13879,708.59686
13880,640.81104
13881,400.15182
13882,748.9785
13883,141.12074
13884,412.7681
13885,697.1796
13886,298.91284
13887,775.79785
13888,680.5205
13889,703.6154
13890,453.88135
13891,705.23627
13892,759.74316
13893,403.00916
13894,712.36926
13895,849.40186
13896,683.57025
13897,548.1844
13898,746.64465
13899,403.51624
13900,720.3812
13901,753.69855
13902,712.15125
13903,686.37775
13904,733.5682
13905,700.7427
13906,734.36066
13907,848.33435
13908,845.1538
13909,549.00275
13910,731.21423
13911,762.40485
13912,405.50278
13913,313.1022
13914,403.90015
13915,681.5548
13916,706.8275
13917,778.9576
13918,710.5548
13919,703.14703
13920,690.99615
13921,744.66406
13922,752.9202
13923,688.2017
13924,759.6204
13925,748.3038
13926,764.18884
13927,684.36066
13928,776.7207
13929,301.9598
13930,721.514
13931,306.40253
13932,680.2122
13933,404.5398
13934,680.53015
13935,295.80826
13936,681.35
13937,737.19324
13938,708.5491
13939,705.1803
13940,708.084
13941,712.93036
13942,744.01404
13943,691.82294
13944,675.4093
13945,696.47736
13946,722.53986
13947,669.40686
13948,709.4871
13949,684.5026
13950,709.4953
13951,377.64844
13952,407.95667
13953,734.3689
13954,698.8909
13955,752.02124
13956,298.69272
13957,298.2507
13958,844.96124
13959,729.93604
13960,677.3944
13961,730.48376
13962,702.12756
13963,740.7604
13964,402.88406
13965,677.1256
13966,679.29926
13967,705.889
13968,748.5337
13969,730.38916
13970,672.14215
13971,726.0755
13972,178.96474
13973,714.2612
13974,721.8255
13975,848.093
13976,682.235
13977,709.78613
13978,509.59937
13979,740.3845
13980,723.58295
13981,749.4954
13982,696.97723
13983,699.7469
13984,678.66156
13985,299.61542
13986,748.3668
13987,292.58054
13988,297.33548
13989,766.2858
13990,288.72968
13991,691.6769
13992,732.4334
13993,703.97156
13994,737.18317
13995,729.8816
13996,707.2985
13997,739.39124
13998,701.84216
13999,718.76166
14000,735.1773
14001,569.6825
14002,698.6421
14003,714.6452
14004,699.0835
14005,702.0332
14006,732.0803
14007,732.26416
14008,757.2511
14009,714.6103
14010,706.983
14011,748.20825
14012,685.9272
14013,721.12256
14014,297.1395
14015,854.33215
14016,751.351
14017,395.66473
14018,715.14825
14019,725.1619
14020,782.37616
14021,693.2502
14022,847.2845
14023,178.90202
14024,711.854
14025,691.1298
14026,825.3851
14027,751.0788
14028,713.9065
14029,686.33435
14030,751.41223
14031,747.75555
14032,680.76056
14033,192.72446
14034,296.58426
14035,720.5134
14036,681.34393
14037,681.2369
14038,697.4491
14039,745.70465
14040,330.80267
14041,721.49774
14042,842.2704
14043,683.13824
14044,701.2088
14045,308.36713
14046,234.18463
14047,693.46796
14048,704.45416
14049,294.61142
14050,538.1616
14051,746.8134
14052,242.27469
14053,741.24207
14054,403.7379
14055,786.2299
14056,730.13275
14057,702.47
14058,679.72363
14059,716.3865
14060,680.5839
14061,719.05853
14062,401.98587
14063,679.22577
14064,846.7142
14065,679.5787
14066,704.43317
14067,684.52264
14068,683.5417
14069,694.1673
14070,781.38965
14071,723.0702
14072,727.5524
14073,374.091
14074,742.4313
14075,722.399
14076,721.41174
14077,299.70392
14078,746.81256
14079,678.69366
14080,672.4263
14081,703.7168
14082,716.03925
14083,732.56586
14084,680.4017
14085,688.2015
14086,698.08887
14087,235.21707
14088,713.10486
14089,751.03143
14090,707.70966
14091,690.9252
14092,683.5827
14093,401.3197
14094,173.01866
14095,704.75323
14096,678.9901
14097,724.5261
14098,387.80048
14099,424.09558
14100,745.2891
14101,699.5757
14102,732.7768
14103,745.6141
14104,695.72125
14105,706.21216
14106,709.884
14107,696.4794
14108,647.2894
14109,682.59674
14110,297.58386
14111,749.7808
14112,298.3837
14113,749.0575
14114,703.85455
14115,689.0813
14116,717.9134
14117,679.7425
14118,695.9936
14119,709.0528
14120,685.94165
14121,707.7711
14122,750.73254
14123,743.0808
14124,222.07129
14125,700.50214
14126,726.33264
14127,710.71436
14128,699.8539
14129,698.3507
14130,739.14166
14131,760.10834
14132,691.56085
14133,705.1271
14134,402.72733
14135,748.2977
14136,686.4388
14137,726.8911
14138,287.64868
14139,721.75116
14140,225.60986
14141,755.5714
14142,698.3023
14143,253.45743
14144,745.7616
14145,680.1533
14146,671.0125
14147,728.47925
14148,682.13116
14149,700.85284
14150,378.91553
14151,667.5975
14152,842.01984
14153,730.4291
14154,848.1482
14155,391.4861
14156,734.41437
14157,677.21204
14158,396.91663
14159,397.08298
14160,386.1096
14161,697.2039
14162,406.50735
14163,841.45154
14164,740.7016
14165,526.07837
14166,672.29724
14167,696.4024
14168,738.53375
14169,706.1624
14170,680.46643
14171,192.4123
14172,753.1601
14173,295.6349
14174,707.3679
14175,752.20856
14176,406.39484
14177,850.2466
14178,693.4878
14179,702.7447
14180,184.0251
14181,732.4895
14182,681.32715
14183,850.9158
14184,767.69025
14185,680.8469
14186,725.0641
14187,678.80023
14188,681.85425
14189,746.50586
14190,750.9894
14191,393.68747
14192,297.0305
14193,704.96313
14194,725.0106
14195,689.7596
14196,526.4747
14197,678.7725
14198,683.9504
14199,765.74524
14200,716.1689
14201,234.18463
14202,686.257
14203,297.5851
14204,775.8635
14205,842.8568
14206,765.0059
14207,723.5742
14208,766.5396
14209,687.88416
14210,733.473
14211,837.4185
14212,682.1624
14213,186.73232
14214,708.60223
14215,704.5768
14216,236.58565
14217,731.01105
14218,673.84985
14219,769.94666
14220,716.6449
14221,709.2229
14222,848.00305
14223,705.84125
14224,741.0783
14225,686.0571
14226,703.48267
14227,292.04126
14228,703.3496
14229,698.1741
14230,754.40845
14231,698.0797
14232,717.7674
14233,679.9645
14234,708.73413
14235,235.21707
14236,694.4567
14237,753.9529
14238,750.4055
14239,295.24872
14240,720.27405
14241,732.097
14242,397.10217
14243,751.7893
14244,714.0943
14245,402.53128
14246,717.69464
14247,743.56195
14248,729.15027
14249,660.67615
14250,299.2082
14251,681.2754
14252,405.59088
14253,846.25574
14254,685.8195
14255,397.61017
14256,234.93501
14257,400.0918
14258,678.1115
14259,693.3737
14260,681.84625
14261,396.4496
14262,722.4826
14263,746.8237
14264,401.0148
14265,698.7871
14266,702.1637
14267,684.1718
14268,403.1106
14269,727.5297
14270,699.7686
14271,705.3528
14272,701.2882
14273,755.33215
14274,724.9978
14275,850.5373
14276,739.78033
14277,744.3856
14278,298.60016
14279,408.0382
14280,405.53085
14281,674.8705
14282,400.3046
14283,697.273
14284,749.28467
14285,720.9175
14286,680.80255
14287,698.60486
14288,704.1708
14289,696.3606
14290,445.5175
14291,399.8507
14292,703.278
14293,750.2899
14294,401.61075
14295,713.13885
14296,178.96474
14297,849.55176
14298,692.8033
14299,718.6768
14300,702.70386
14301,709.11316
14302,699.41815
14303,713.71716
14304,687.48083
14305,740.6971
14306,682.1785
14307,732.7974
14308,752.91815
14309,744.84753
14310,849.59515
14311,845.0984
14312,743.3068
14313,848.91406
14314,726.4683
14315,741.8566
14316,849.83624
14317,698.0061
14318,682.997
14319,768.7114
14320,158.85056
14321,728.84845
14322,722.7467
14323,698.5041
14324,690.20233
14325,679.94684
14326,667.7903
14327,689.6081
14328,758.0682
14329,714.81244
14330,735.37646
14331,394.69092
14332,779.8632
14333,777.6036
14334,722.5234
14335,721.20917
14336,292.8551
14337,513.3162
14338,804.0181
14339,730.88727
14340,705.0589
14341,407.41138
14342,704.38116
14343,720.6347
14344,744.98676
14345,391.59784
14346,665.5893
14347,672.04974
14348,744.9124
14349,719.8594
14350,706.05457
14351,738.4261
14352,753.8957
14353,702.5137
14354,294.2314
14355,693.1771
14356,703.4766
14357,681.9697
14358,299.2805
14359,681.1081
14360,746.64435
14361,749.35693
14362,721.10516
14363,226.46414
14364,300.7279
14365,402.39377
14366,703.8845
14367,747.91815
14368,702.4839
14369,702.09784
14370,734.4522
14371,298.86505
14372,700.4861
14373,714.12085
14374,759.7242
14375,711.4702
14376,295.89023
14377,394.63623
14378,780.68695
14379,701.5745
14380,408.72897
14381,838.3041
14382,722.0734
14383,693.10724
14384,737.26196
14385,685.9716
14386,294.7064
14387,684.5459
14388,706.76337
14389,399.92535
14390,690.03796
14391,734.29553
14392,294.9345
14393,707.3428
14394,685.4336
14395,727.7804
14396,682.2121
14397,750.5649
14398,709.8397
14399,718.1031
14400,151.02951
14401,722.99115
14402,769.33215
14403,403.18698
14404,701.0323
14405,744.6541
14406,772.76825
14407,389.5151
14408,727.99274
14409,565.3436
14410,685.50366
14411,704.4756
14412,710.45886
14413,711.6294
14414,296.38315
14415,683.9334
14416,790.45605
14417,765.52655
14418,543.153
14419,727.0991
14420,406.73575
14421,705.57544
14422,711.7871
14423,302.246
14424,836.8039
14425,403.60693
14426,771.8122
14427,748.6603
14428,403.47562
14429,406.5357
14430,701.9822
14431,684.11676
14432,400.01636
14433,700.25586
14434,298.854
14435,750.8006
14436,706.3734
14437,403.55704
14438,698.63104
14439,395.80743
14440,678.10504
14441,750.205
14442,406.13162
14443,404.99527
14444,702.708
14445,770.5494
14446,725.6253
14447,409.14664
14448,683.86035
14449,678.75507
14450,726.5974
14451,300.9629
14452,704.7511
14453,703.58765
14454,297.45642
14455,717.904
14456,401.76285
14457,698.32935
14458,750.57196
14459,751.87396
14460,396.78738
14461,840.73193
14462,682.3795
14463,695.5763
14464,307.21744
14465,751.88275
14466,700.6423
14467,295.65903
14468,753.1963
14469,750.0621
14470,725.3157
14471,234.18463
14472,193.3951
14473,298.48114
14474,363.11646
14475,725.4652
14476,719.03345
14477,694.4397
14478,509.6201
14479,781.5509
14480,705.5473
14481,673.4392
14482,649.681
14483,700.16254
14484,695.4675
14485,711.26416
14486,294.765
14487,704.2456
14488,747.6969
14489,393.8297
14490,724.35046
14491,390.2496
14492,749.7993
14493,694.45404
14494,297.8339
14495,708.2438
14496,741.52
14497,734.31116
14498,701.53326
14499,294.37183
14500,729.71375
14501,689.9715
14502,752.0118
14503,400.8862
14504,705.8607
14505,710.24927
14506,298.1343
14507,402.6282
14508,682.6268
14509,394.67532
14510,175.65451
14511,533.5882
14512,397.31662
14513,396.01123
14514,303.6117
14515,803.264
14516,680.11566
14517,761.9675
14518,706.5324
14519,701.6614
14520,679.0998
14521,704.7912
14522,677.74567
14523,777.33203
14524,775.7098
14525,219.98164
14526,739.9297
14527,732.07404
14528,698.231
14529,715.0142
14530,733.8421
14531,695.97156
14532,754.9394
14533,742.85046
14534,710.828
14535,700.33606
14536,727.2166
14537,151.02951
14538,403.3926
14539,719.4666
14540,745.8422
14541,735.43085
14542,407.16425
14543,400.79178
14544,705.9495
14545,661.2028
14546,702.8861
14547,718.41144
14548,848.25977
14549,703.67737
14550,710.93835
14551,703.89404
14552,399.33582
14553,276.83194
14554,290.0133
14555,303.42438
14556,699.02295
14557,731.2374
14558,686.44025
14559,673.28265
14560,688.2503
14561,756.5531
14562,402.44943
14563,399.89462
14564,697.53796
14565,682.9376
14566,705.02313
14567,680.3992
14568,298.54678
14569,735.6164
14570,769.21185
14571,780.3049
14572,313.71375
14573,701.68475
14574,732.23083
14575,397.13034
14576,314.22372
14577,705.4161
14578,699.1241
14579,300.1591
14580,717.5393
14581,714.8591
14582,733.0117
14583,704.6635
14584,848.2913
14585,678.59174
14586,705.1616
14587,693.3796
14588,391.83636
14589,680.3086
14590,717.81976
14591,838.5146
14592,462.67264
14593,402.69244
14594,567.9546
14595,396.70444
14596,680.1197
14597,740.76935
14598,678.78864
14599,400.73105
14600,292.49075
14601,728.0464
14602,851.68036
14603,713.3443
14604,764.4085
14605,688.82104
14606,738.7893
14607,293.16074
14608,705.4524
14609,772.8427
14610,277.0311
14611,293.39502
14612,732.20404
14613,744.19855
14614,667.87885
14615,296.81558
14616,403.1826
14617,731.7412
14618,685.017
14619,676.2279
14620,705.4
14621,702.3347
14622,705.59735
14623,841.88855
14624,505.16742
14625,680.13873
14626,293.6828
14627,733.7398
14628,178.96474
14629,714.4059
14630,280.81046
14631,234.18463
14632,697.14124
14633,395.5474
14634,703.2706
14635,702.7
14636,719.5904
14637,703.203
14638,691.88385
14639,751.1171
14640,712.8072
14641,673.3125
14642,705.7282
14643,703.44543
14644,690.7217
14645,697.94604
14646,704.2717
14647,294.38205
14648,288.9939
14649,395.01685
14650,685.57874
14651,724.234
14652,693.45886
14653,838.5987
14654,684.0126
14655,179.58765
14656,711.6098
14657,706.4689
14658,826.922
14659,557.74054
14660,717.9556
14661,690.2539
14662,699.8675
14663,720.71
14664,375.32596
14665,783.2742
14666,292.16003
14667,392.581
14668,773.4874
14669,537.0978
14670,704.63104
14671,698.2723
14672,682.73663
14673,847.29755
14674,755.0054
14675,292.12762
14676,712.7675
14677,693.8904
14678,738.5707
14679,846.11017
14680,714.22577
14681,712.23944
14682,728.4199
14683,294.62323
14684,744.5004
14685,702.87427
14686,852.94885
14687,702.4545
14688,847.09546
14689,682.0438
14690,405.66718
14691,699.136
14692,682.05066
14693,724.6216
14694,807.47845
14695,708.503
14696,740.1741
14697,726.16296
14698,748.93555
14699,169.00076
14700,713.6261
14701,705.4638
14702,188.53705
14703,711.4268
14704,738.40063
14705,681.681
14706,736.3038
14707,757.3311
14708,839.5739
14709,737.8016
14710,752.5599
14711,735.9399
14712,676.2248
14713,197.30118
14714,298.82346
14715,703.40717
14716,710.0868
14717,731.5845
14718,676.036
14719,766.72015
14720,405.28873
14721,720.5696
14722,704.75073
14723,295.40363
14724,845.942
14725,297.98874
14726,748.6086
14727,771.65027
14728,657.5886
14729,685.93445
14730,703.3416
14731,718.4882
14732,684.25275
14733,742.8818
14734,692.96356
14735,743.19446
14736,692.16565
14737,684.8583
14738,724.3124
14739,249.41559
14740,749.95404
14741,299.75937
14742,404.2362
14743,723.70166
14744,691.2942
14745,402.3802
14746,716.0144
14747,300.17673
14748,709.4523
14749,702.30945
14750,729.8943
14751,715.06506
14752,702.5623
14753,297.59644
14754,706.0895
14755,726.7797
14756,402.8915
14757,679.8482
14758,737.3422
14759,737.66394
14760,726.795
14761,296.01392
14762,777.58386
14763,699.161
14764,719.02905
14765,684.9102
14766,735.13824
14767,385.34244
14768,396.79404
14769,692.2837
14770,715.88904
14771,702.1547
14772,710.96844
14773,238.15047
14774,295.30923
14775,175.90811
14776,400.3395
14777,240.16011
14778,752.7132
14779,750.95135
14780,676.7877
14781,732.38727
14782,723.6391
14783,541.38025
14784,568.6391
14785,709.8675
14786,702.05365
14787,297.54395
14788,678.589
14789,682.43915
14790,692.965
14791,543.68274
14792,681.35406
14793,207.25584
14794,698.47125
14795,686.9268
14796,678.27637
14797,678.4101
14798,733.5906
14799,730.50684
14800,720.8614
14801,842.6728
14802,699.64233
14803,844.2475
14804,729.19214
14805,297.3402
14806,510.22784
14807,305.58417
14808,703.7584
14809,300.6252
14810,676.14526
14811,678.0361
14812,776.1411
14813,844.4509
14814,696.78406
14815,705.27484
14816,750.5185
14817,709.7991
14818,396.29175
14819,716.0005
14820,392.7781
14821,677.2139
14822,849.0771
14823,717.8973
14824,702.5024
14825,704.1313
14826,762.4609
14827,743.75305
14828,696.1355
14829,401.26736
14830,697.5099
14831,192.40453
14832,699.6152
14833,722.8869
14834,748.2725
14835,714.93774
14836,684.71606
14837,697.47375
14838,743.0359
14839,689.12286
14840,344.77075
14841,403.68887
14842,723.9956
14843,681.2494
14844,423.11636
14845,680.1833
14846,233.21486
14847,683.94525
14848,690.2213
14849,754.04236
14850,700.292
14851,404.35507
14852,724.6832
14853,233.87685
14854,694.2286
14855,829.0806
14856,687.24585
14857,710.9715
14858,720.17993
14859,404.31442
14860,706.7013
14861,719.0248
14862,683.81805
14863,742.30835
14864,727.5006
14865,748.168
14866,700.746
14867,755.40436
14868,704.9671
14869,390.80447
14870,298.3102
14871,404.28632
14872,720.5619
14873,704.53864
14874,724.91376
14875,739.4372
14876,695.96625
14877,740.41895
14878,681.0687
14879,723.1939
14880,705.61084
14881,401.94662
14882,718.06555
14883,751.695
14884,734.47833
14885,326.42398
14886,677.30865
14887,742.87256
14888,298.4928
14889,705.893
14890,327.8792
14891,849.8084
14892,730.1725
14893,675.14825
14894,847.6282
14895,709.42267
14896,667.06555
14897,707.86554
14898,722.3583
14899,755.86816
14900,744.2903
14901,701.5778
14902,752.04047
14903,710.6896
14904,392.93146
14905,252.07346
14906,403.80435
14907,708.5204
14908,253.96207
14909,681.95465
14910,748.0952
14911,386.4683
14912,680.3277
14913,701.2675
14914,695.0062
14915,690.1646
14916,286.0372
14917,722.72
14918,689.1964
14919,716.38837
14920,527.68396
14921,403.87048
14922,634.9278
14923,675.94543
14924,301.1341
14925,740.4448
14926,301.4673
14927,699.95276
14928,726.5287
14929,405.9792
14930,752.5752
14931,738.7261
14932,680.02374
14933,716.32056
14934,728.5468
14935,753.01154
14936,719.73334
14937,675.6659
14938,230.63086
14939,751.7137
14940,740.251
14941,563.22577
14942,709.10583
14943,679.8933
14944,707.32275
14945,719.0809
14946,706.4852
14947,294.73566
14948,331.34802
14949,715.17236
14950,681.0337
14951,687.92017
14952,840.2413
14953,252.89113
14954,713.45715
14955,720.9282
14956,726.4756
14957,750.43384
14958,296.80276
14959,680.10944
14960,438.30106
14961,679.0822
14962,685.0982
14963,693.12964
14964,687.1307
14965,296.52396
14966,236.7465
14967,402.7039
14968,726.74426
14969,292.988
14970,753.4059
14971,250.97618
14972,740.22015
14973,727.5404
14974,705.479
14975,743.7771
14976,751.13715
14977,712.5684
14978,711.8858
14979,739.92554
14980,850.7607
14981,715.5726
14982,736.43396
14983,754.1542
14984,766.1602
14985,303.08206
14986,699.8979
14987,750.89636
14988,779.607
14989,835.4317
14990,403.29413
14991,714.412
14992,169.66705
14993,396.31595
14994,753.87244
14995,767.1508
14996,247.93193
14997,688.8432
14998,744.7115
14999,527.76215
15000,735.6429
15001,715.1874
15002,297.13968
15003,681.51105
15004,680.47107
15005,725.2092
15006,807.6108
15007,703.2212
15008,679.773
15009,704.8311
15010,741.4132
15011,555.6014
15012,752.66034
15013,680.8692
15014,678.0389
15015,752.8011
15016,553.38153
15017,300.13126
15018,266.26614
15019,834.69183
15020,712.90326
15021,720.83887
15022,692.126
15023,704.4961
15024,705.2302
15025,401.4014
15026,295.41724
15027,745.2007
15028,294.98605
15029,444.9845
15030,256.02206
15031,720.66425
15032,702.3649
15033,733.9867
15034,401.54053
15035,698.18427
15036,709.61127
15037,714.3202
15038,673.8334
15039,743.61774
15040,691.5736
15041,292.70737
15042,729.9439
15043,749.3373
15044,741.9323
15045,849.2368
15046,302.05548
15047,711.11707
15048,708.1207
15049,296.36572
15050,685.56976
15051,720.99634
15052,292.12363
15053,403.6275
15054,711.80035
15055,705.79065
15056,682.2113
15057,708.7089
15058,299.8223
15059,680.05145
15060,701.47845
15061,395.3005
15062,675.6117
15063,717.0778
15064,297.9534
15065,704.00604
15066,540.3601
15067,843.7364
15068,700.6684
15069,696.69116
15070,400.48865
15071,295.57874
15072,484.6665
15073,713.5178
15074,730.45593
15075,297.5043
15076,398.22116
15077,685.6377
15078,721.25977
15079,683.04535
15080,319.69678
15081,288.88345
15082,772.91284
15083,705.82367
15084,729.8885
15085,777.82904
15086,725.35004
15087,401.5794
15088,710.0468
15089,731.3323
15090,753.6313
15091,681.651
15092,733.8474
15093,742.24884
15094,763.7608
15095,754.26666
15096,690.52606
15097,287.44022
15098,717.98694
15099,697.4919
15100,839.66187
15101,700.1726
15102,697.4276
15103,669.54584
15104,441.07684
15105,290.56223
15106,448.60587
15107,236.55807
15108,716.19666
15109,404.6551
15110,711.83746
15111,526.5933
15112,731.2075
15113,696.3134
15114,680.7018
15115,298.54285
15116,368.5108
15117,183.27354
15118,705.1155
15119,706.3316
15120,401.5828
15121,846.08167
15122,686.8502
15123,761.3013
15124,255.91907
15125,235.81575
15126,397.01303
15127,295.85178
15128,702.58466
15129,296.6506
15130,720.24274
15131,713.6863
15132,297.476
15133,703.1872
15134,294.87686
15135,703.8133
15136,400.44693
15137,676.9288
15138,729.35596
15139,752.2402
15140,532.3712
15141,703.9433
15142,682.9142
15143,850.07733
15144,293.45123
15145,692.2998
15146,702.4715
15147,707.76514
15148,745.871
15149,683.1826
15150,705.1853
15151,752.3847
15152,694.39264
15153,710.2824
15154,719.10864
15155,727.2718
15156,719.85767
15157,710.0575
15158,694.7137
15159,749.32477
15160,733.7975
15161,707.5535
15162,739.5986
15163,726.9627
15164,700.25183
15165,742.56415
15166,754.7619
15167,513.1585
15168,746.7158
15169,728.5808
15170,704.4633
15171,298.73886
15172,741.0367
15173,712.6461
15174,394.34628
15175,669.1838
15176,404.30096
15177,681.1037
15178,753.30426
15179,739.0175
15180,698.4478
15181,776.31116
15182,723.16815
15183,714.2216
15184,717.52057
15185,727.4979
15186,736.97784
15187,723.3455
15188,295.44687
15189,726.88226
15190,294.47452
15191,684.3555
15192,725.0209
15193,292.91397
15194,399.74112
15195,730.8601
15196,743.4257
15197,401.67795
15198,722.58954
15199,173.05722
15200,738.1832
15201,189.67847
15202,703.7885
15203,716.9002
15204,702.8883
15205,677.5411
15206,736.47754
15207,852.382
15208,397.32547
15209,723.42145
15210,720.44794
15211,736.335
15212,297.68256
15213,235.64996
15214,336.95306
15215,702.4327
15216,695.3204
15217,304.67535
15218,651.1689
15219,704.65845
15220,749.38666
15221,725.89764
15222,189.77814
15223,762.1072
15224,730.31903
15225,299.01215
15226,685.1543
15227,406.9544
15228,566.3898
15229,702.26904
15230,408.70987
15231,396.89795
15232,407.84335
15233,695.50696
15234,746.915
15235,725.8732
15236,685.4911
15237,685.5502
15238,745.87384
15239,293.485
15240,402.1952
15241,678.9178
15242,707.655
15243,401.46198
15244,307.5272
15245,719.24005
15246,677.6669
15247,296.59424
15248,305.29388
15249,726.80707
15250,701.8377
15251,705.463
15252,713.11975
15253,755.29626
15254,710.49493
15255,734.61896
15256,707.1749
15257,406.03918
15258,406.59042
15259,847.43823
15260,399.15985
15261,400.9154
15262,709.3035
15263,298.03696
15264,296.49997
15265,632.0635
15266,399.0679
15267,182.36073
15268,712.2872
15269,404.33194
15270,720.30035
15271,740.534
15272,297.27594
15273,718.23596
15274,726.9521
15275,705.2839
15276,677.68463
15277,296.97897
15278,846.85486
15279,293.84897
15280,524.2503
15281,705.97754
15282,683.29114
15283,701.2712
15284,715.7356
15285,681.34143
15286,753.5656
15287,850.1833
15288,405.27072
15289,175.6288
15290,748.67175
15291,680.47437
15292,845.71405
15293,749.4584
15294,403.6605
15295,299.52994
15296,703.52875
15297,851.4352
15298,336.42728
15299,176.49857
15300,300.5485
15301,703.1706
15302,699.7037
15303,739.021
15304,681.4084
15305,296.0491
15306,685.99506
15307,194.9642
15308,510.67584
15309,689.5475
15310,263.00632
15311,706.14417
15312,298.97592
15313,726.86365
15314,405.5113
15315,680.5092
15316,756.90204
15317,747.8558
15318,747.2529
15319,693.1702
15320,714.2373
15321,165.44023
15322,680.9434
15323,703.5505
15324,683.172
15325,670.33527
15326,680.24066
15327,399.64423
15328,699.59863
15329,294.8221
15330,705.9475
15331,696.35095
15332,682.124
15333,723.8067
15334,407.27173
15335,679.6156
15336,759.2945
15337,684.23456
15338,684.96844
15339,721.4788
15340,708.45734
15341,693.1255
15342,694.57715
15343,746.60046
15344,684.41754
15345,400.85403
15346,703.8764
15347,407.8049
15348,715.05365
15349,704.9475
15350,748.35364
15351,838.33746
15352,679.96826
15353,715.0106
15354,690.9322
15355,677.9481
15356,850.3207
15357,740.09125
15358,723.8763
15359,298.83966
15360,698.5622
15361,406.93216
15362,720.10297
15363,733.0382
15364,745.51746
15365,704.82227
15366,683.7017
15367,676.7676
15368,700.25214
15369,681.37665
15370,676.31494
15371,398.42685
15372,849.7337
15373,735.12665
15374,733.87933
15375,721.5341
15376,760.4458
15377,809.403
15378,532.05365
15379,731.2712
15380,685.38696
15381,773.3104
15382,832.257
15383,745.154
15384,690.855
15385,281.36298
15386,738.114
15387,739.227
15388,297.43478
15389,682.2107
15390,317.31168
15391,719.8079
15392,681.9707
15393,701.66174
15394,310.15143
15395,722.4487
15396,367.91498
15397,752.2759
15398,295.88007
15399,734.4446
15400,699.70245
15401,705.40576
15402,736.42865
15403,404.23404
15404,746.5715
15405,716.28546
15406,750.3689
15407,775.89233
15408,679.9232
15409,729.6015
15410,743.7084
15411,691.26843
15412,843.88684
15413,800.6961
15414,298.5292
15415,659.95825
15416,685.3429
15417,301.4498
15418,710.72107
15419,708.4156
15420,689.84393
15421,682.93225
15422,745.74994
15423,679.26996
15424,539.5709
15425,696.0828
15426,731.7148
15427,258.8675
15428,705.25586
15429,394.13052
15430,678.2725
15431,744.1599
15432,711.8634
15433,750.8841
15434,709.8343
15435,717.6997
15436,777.9027
15437,678.22614
15438,541.9747
15439,403.25464
15440,710.3233
15441,738.28107
15442,848.9065
15443,735.562
15444,399.27292
15445,715.1805
15446,844.2627
15447,298.08893
15448,696.4158
15449,717.5954
15450,298.75177
15451,677.8871
15452,685.23737
15453,400.5764
15454,702.82025
15455,302.64313
15456,679.7349
15457,300.37927
15458,297.88812
15459,736.88873
15460,757.3543
15461,729.5079
15462,691.32166
15463,741.08276
15464,722.74274
15465,553.8525
15466,721.05493
15467,685.0224
15468,750.3943
15469,698.784
15470,736.0909
15471,684.15967
15472,851.8315
15473,725.4192
15474,404.17282
15475,704.67535
15476,713.11505
15477,719.18463
15478,764.1815
15479,705.56305
15480,674.2402
15481,677.2855
15482,805.3598
15483,735.4419
15484,763.9376
15485,734.3925
15486,711.85974
15487,750.0736
15488,715.1958
15489,752.2075
15490,704.30145
15491,739.14935
15492,737.1445
15493,668.8681
15494,726.84174
15495,399.26282
15496,701.63293
15497,735.5377
15498,725.4541
15499,847.687
15500,694.74133
15501,183.93115
15502,726.96356
15503,707.378
15504,677.126
15505,755.6538
15506,480.97714
15507,405.63943
15508,748.8233
15509,727.70264
15510,777.57117
15511,672.9729
15512,684.3866
15513,738.6669
15514,702.5407
15515,696.11743
15516,710.1221
15517,660.52655
15518,749.4815
15519,303.0166
15520,702.99097
15521,686.2819
15522,235.21707
15523,226.39998
15524,404.84064
15525,741.73285
15526,399.0015
15527,293.91473
15528,728.3045
15529,778.94165
15530,756.266
15531,397.55643
15532,848.7176
15533,696.0907
15534,296.06076
15535,696.33636
15536,695.7462
15537,167.37843
15538,732.67
15539,702.61835
15540,694.8699
15541,703.64
15542,742.23004
15543,766.51263
15544,724.9776
15545,756.32806
15546,682.47217
15547,296.03445
15548,282.88507
15549,844.71826
15550,728.2611
15551,756.91656
15552,400.43445
15553,696.3299
15554,385.1744
15555,295.75003
15556,300.6768
15557,402.35318
15558,402.8087
15559,702.45013
15560,707.1927
15561,787.5406
15562,735.4578
15563,699.8842
15564,750.21747
15565,683.95026
15566,404.3933
15567,702.133
15568,490.926
15569,680.2053
15570,700.3031
15571,690.8358
15572,684.7765
15573,710.72955
15574,696.45654
15575,659.7219
15576,749.5319
15577,248.31996
15578,398.53806
15579,735.1294
15580,396.9736
15581,679.65216
15582,703.1025
15583,757.5429
15584,298.77982
15585,843.0975
15586,403.77206
15587,701.8499
15588,719.48535
15589,710.4342
15590,401.8136
15591,730.9978
15592,706.37366
15593,713.4155
15594,298.97903
15595,686.679
15596,299.8049
15597,720.1761
15598,704.47296
15599,234.18463
15600,753.7544
15601,710.9285
15602,169.77058
15603,695.16095
15604,705.2306
15605,730.58746
15606,698.8455
15607,723.6967
15608,683.9346
15609,703.3562
15610,684.8003
15611,770.2935
15612,748.33856
15613,681.2045
15614,692.9907
15615,855.06067
15616,747.61145
15617,682.0822
15618,708.3387
15619,692.83704
15620,725.8577
15621,730.5821
15622,704.69324
15623,294.21375
15624,294.9345
15625,714.814
15626,688.66785
15627,702.24646
15628,700.25793
15629,748.2565
15630,715.0059
15631,720.42413
15632,399.19086
15633,850.50433
15634,704.84564
15635,737.5308
15636,713.71533
15637,775.8962
15638,401.79593
15639,747.0765
15640,689.7326
15641,699.56647
15642,769.248
15643,295.10712
15644,735.026
15645,753.6198
15646,297.16516
15647,740.2297
15648,680.2011
15649,411.85962
15650,666.15173
15651,746.4398
15652,721.5226
15653,747.702
15654,300.69577
15655,187.51843
15656,721.6887
15657,699.0539
15658,680.45496
15659,404.37033
15660,396.5306
15661,567.3668
15662,737.2226
15663,339.9747
15664,704.6431
15665,271.77255
15666,839.32306
15667,834.7927
15668,714.88763
15669,300.46756
15670,716.3975
15671,723.90955
15672,737.9487
15673,769.8745
15674,743.7713
15675,680.5237
15676,746.1303
15677,724.21466
15678,299.13007
15679,702.33075
15680,682.625
15681,735.37683
15682,728.3109
15683,726.56555
15684,751.2234
15685,720.2048
15686,748.63226
15687,701.9812
15688,728.4887
15689,402.85156
15690,845.29944
15691,844.75433
15692,676.3539
15693,695.7893
15694,308.286
15695,738.617
15696,296.25372
15697,734.6308
15698,733.5969
15699,300.76877
15700,307.57092
15701,691.9849
15702,680.66974
15703,408.22867
15704,718.20447
15705,686.72266
15706,718.9975
15707,692.9956
15708,710.1048
15709,731.8727
15710,689.2908
15711,699.66614
15712,703.1935
15713,850.7995
15714,693.02094
15715,740.1203
15716,724.0397
15717,296.15784
15718,729.4347
15719,731.5239
15720,737.3599
15721,683.6887
15722,682.1357
15723,171.13905
15724,744.7979
15725,749.89575
15726,301.0292
15727,730.0438
15728,677.30096
15729,297.33548
15730,388.1342
15731,825.55133
15732,706.0531
15733,716.2981
15734,677.26404
15735,702.6602
15736,753.15356
15737,702.94116
15738,755.56226
15739,729.44604
15740,683.8658
15741,401.8017
15742,718.4381
15743,240.14758
15744,756.1817
15745,728.0845
15746,679.0795
15747,400.9765
15748,841.0312
15749,679.1349
15750,291.82043
15751,710.4125
15752,732.2991
15753,750.0554
15754,728.9004
15755,733.0534
15756,690.07117
15757,702.6683
15758,235.88927
15759,709.8267
15760,723.8932
15761,748.31573
15762,719.2376
15763,717.17664
15764,723.78436
15765,722.35657
15766,403.7193
15767,407.30643
15768,564.9231
15769,727.0769
15770,699.6762
15771,297.93417
15772,678.9907
15773,404.23322
15774,711.1739
15775,296.7813
15776,680.79083
15777,230.62057
15778,657.6112
15779,792.88794
15780,708.0058
15781,754.55444
15782,717.3578
15783,733.4521
15784,397.38547
15785,757.7752
15786,405.376
15787,704.8441
15788,703.3425
15789,699.4759
15790,717.3047
15791,684.5234
15792,721.36847
15793,756.27563
15794,740.59247
15795,299.024
15796,730.7928
15797,685.32324
15798,749.1124
15799,849.4455
15800,316.76224
15801,749.1566
15802,402.09412
15803,703.8477
15804,402.13324
15805,719.44684
15806,298.61096
15807,752.26825
15808,752.566
15809,705.3769
15810,403.7791
15811,746.3164
15812,682.0358
15813,771.15656
15814,704.5586
15815,206.40485
15816,724.95526
15817,678.86444
15818,696.831
15819,734.574
15820,171.15837
15821,504.44843
15822,411.17728
15823,396.55994
15824,704.433
15825,752.2099
15826,673.77893
15827,397.99295
15828,295.6163
15829,744.9202
15830,733.51526
15831,689.1366
15832,701.62585
15833,699.9972
15834,844.73364
15835,237.14671
15836,740.69275
15837,404.37314
15838,292.89258
15839,732.43256
15840,737.9414
15841,718.4867
15842,680.8381
15843,736.9997
15844,735.7662
15845,697.1934
15846,723.97235
15847,174.27318
15848,732.8224
15849,405.49722
15850,681.16486
15851,691.2768
15852,705.01196
15853,772.0177
15854,697.2507
15855,687.5311
15856,215.70001
15857,697.4997
15858,289.62128
15859,773.8513
15860,298.3728
15861,726.15784
15862,726.8618
15863,402.97043
15864,728.3847
15865,752.9497
15866,752.0284
15867,410.26437
15868,723.7141
15869,717.0265
15870,745.8088
15871,175.90811
15872,293.9847
15873,723.32513
15874,680.0509
15875,706.3893
15876,703.7655
15877,700.3917
15878,728.5358
15879,296.62512
15880,680.5585
15881,296.9155
15882,704.02924
15883,702.7844
15884,718.7468
15885,747.1714
15886,746.6043
15887,726.37604
15888,849.63574
15889,279.14896
15890,696.8667
15891,836.54144
15892,404.3132
15893,701.77716
15894,224.00407
15895,725.6258
15896,280.99368
15897,503.6519
15898,751.6111
15899,738.85724
15900,296.72305
15901,715.5614
15902,702.5971
15903,693.771
15904,849.9155
15905,711.5835
15906,176.57626
15907,408.69492
15908,725.0209
15909,719.4479
15910,701.9895
15911,707.94977
15912,677.53357
15913,729.7894
15914,706.9017
15915,707.0601
15916,707.6053
15917,401.2401
15918,697.3208
15919,394.8756
15920,689.8116
15921,688.8399
15922,678.919
15923,173.31494
15924,725.6884
15925,401.8777
15926,727.0908
15927,747.93933
15928,682.6842
15929,675.346
15930,662.7285
15931,706.1024
15932,404.87848
15933,843.1458
15934,747.0085
15935,722.0062
15936,687.1104
15937,300.78775
15938,716.04987
15939,682.17816
15940,692.86707
15941,746.0805
15942,704.7425
15943,698.09454
15944,706.4794
15945,732.3924
15946,408.09406
15947,679.7607
15948,508.94556
15949,725.73834
15950,750.0119
15951,542.4875
15952,411.34027
15953,312.79453
15954,705.6464
15955,400.41672
15956,305.71533
15957,834.2219
15958,187.71646
15959,701.87134
15960,677.0508
15961,404.7548
15962,701.743
15963,701.7325
15964,783.75604
15965,705.05884
15966,751.5293
15967,324.80145
15968,689.70874
15969,741.2618
15970,739.123
15971,690.49506
15972,712.4168
15973,727.7214
15974,291.21417
15975,696.7239
15976,398.71478
15977,301.10254
15978,747.4784
15979,725.5844
15980,717.12164
15981,723.64435
15982,695.643
15983,678.91656
15984,850.746
15985,725.32227
15986,251.77216
15987,690.8956
15988,724.46454
15989,680.5966
15990,714.7536
15991,729.075
15992,753.8644
15993,708.42706
15994,716.7668
15995,505.2996
15996,399.42224
15997,318.00037
15998,752.6659
15999,705.00195
16000,708.4354
16001,720.375
16002,715.22504
16003,723.1006
16004,403.99274
16005,295.66077
16006,710.61163
16007,400.3712
16008,735.56824
16009,678.86804
16010,291.8967
16011,513.7442
16012,549.84216
16013,737.9144
16014,731.5013
16015,679.72437
16016,840.5198
16017,681.49414
16018,544.5711
16019,405.2703
16020,326.1295
16021,560.47784
16022,689.9594
16023,836.70465
16024,677.3945
16025,685.84595
16026,702.9769
16027,525.6889
16028,838.37714
16029,848.231
16030,767.0154
16031,775.3732
16032,739.57904
16033,390.48196
16034,697.0609
16035,715.83984
16036,834.7679
16037,705.2668
16038,719.02325
16039,698.992
16040,680.86664
16041,678.4517
16042,724.75616
16043,543.2184
16044,847.1752
16045,774.04004
16046,724.3119
16047,837.80414
16048,686.02606
16049,684.58606
16050,848.4838
16051,400.82236
16052,679.521
16053,232.40237
16054,732.5049
16055,720.2068
16056,725.76135
16057,294.3878
16058,732.4686
16059,688.8221
16060,303.23444
16061,777.4174
16062,369.9444
16063,702.9044
16064,713.466
16065,679.932
16066,685.04834
16067,686.91986
16068,706.748
16069,689.38574
16070,713.8792
16071,539.8614
16072,181.52461
16073,701.6915
16074,735.9253
16075,294.769
16076,742.741
16077,848.9332
16078,781.5176
16079,707.2459
16080,406.53082
16081,774.4056
16082,386.2907
16083,392.8514
16084,719.1867
16085,677.3875
16086,750.666
16087,274.5287
16088,749.05316
16089,697.00073
16090,708.1741
16091,850.04065
16092,704.0429
16093,766.78516
16094,757.2793
16095,398.85587
16096,293.14157
16097,395.47806
16098,393.55176
16099,686.9057
16100,675.79565
16101,704.29785
16102,300.37927
16103,706.05505
16104,652.7263
16105,680.2853
16106,711.90326
16107,705.5686
16108,304.69406
16109,686.268
16110,710.0304
16111,395.69534
16112,786.7203
16113,725.73755
16114,705.84906
16115,628.85443
16116,702.565
16117,828.3536
16118,305.79214
16119,770.8747
16120,833.5708
16121,709.7885
16122,698.2945
16123,687.8433
16124,670.5737
16125,720.418
16126,717.6392
16127,677.0489
16128,750.5239
16129,691.7058
16130,697.91595
16131,779.16486
16132,737.0934
16133,403.4703
16134,846.8909
16135,394.5329
16136,720.093
16137,704.82086
16138,751.7242
16139,184.0251
16140,728.9124
16141,752.6071
16142,851.03577
16143,399.36502
16144,297.43738
16145,701.5539
16146,178.52399
16147,705.7519
16148,750.46075
16149,680.98334
16150,341.3683
16151,304.34048
16152,220.4707
16153,699.5805
16154,727.6513
16155,698.7451
16156,718.34924
16157,679.71924
16158,748.12085
16159,773.5415
16160,719.4895
16161,812.7405
16162,400.28894
16163,845.2599
16164,724.4957
16165,711.83575
16166,300.05563
16167,742.56506
16168,489.16327
16169,699.96735
16170,679.8759
16171,292.4141
16172,686.2138
16173,589.58435
16174,681.9146
16175,405.36115
16176,398.35962
16177,299.43524
16178,732.73535
16179,746.9005
16180,702.8296
16181,559.6727
16182,689.9551
16183,682.5486
16184,765.0032
16185,704.4928
16186,847.62115
16187,685.4172
16188,742.3617
16189,703.3969
16190,766.74414
16191,298.1452
16192,403.02396
16193,711.955
16194,853.14655
16195,486.75037
16196,733.47797
16197,738.0385
16198,727.2349
16199,303.95795
16200,698.79956
16201,682.9816
16202,847.61664
16203,721.3753
16204,742.50726
16205,682.5876
16206,756.6694
16207,692.50195
16208,394.76556
16209,850.33295
16210,704.3309
16211,733.0593
16212,711.0247
16213,722.7215
16214,714.5607
16215,715.1248
16216,748.33575
16217,694.52576
16218,732.62915
16219,262.5608
16220,708.6598
16221,756.8433
16222,709.67145
16223,743.3132
16224,773.6654
16225,488.9081
16226,720.9871
16227,708.0553
16228,335.85284
16229,393.60864
16230,524.25757
16231,846.6606
16232,774.515
16233,179.55519
16234,297.04517
16235,384.90842
16236,740.7227
16237,407.13818
16238,700.52405
16239,725.39685
16240,737.2307
16241,729.8898
16242,702.97595
16243,727.8281
16244,676.7041
16245,702.3006
16246,747.17554
16247,687.1232
16248,735.02716
16249,404.73398
16250,398.4479
16251,778.601
16252,741.2569
16253,850.1793
16254,703.6945
16255,182.36073
16256,297.27457
16257,732.7457
16258,699.6345
16259,733.8696
16260,722.0358
16261,680.09686
16262,691.74445
16263,673.289
16264,686.98596
16265,690.0643
16266,299.19595
16267,457.3056
16268,714.11584
16269,733.05817
16270,730.87555
16271,742.5234
16272,697.40137
16273,266.52695
16274,403.8921
16275,731.4334
16276,703.5883
16277,295.8696
16278,752.50696
16279,754.0924
16280,401.19812
16281,702.8235
16282,716.82635
16283,726.5819
16284,705.38617
16285,852.83575
16286,679.75366
16287,708.2422
16288,760.11725
16289,706.3531
16290,688.42004
16291,718.9406
16292,752.06213
16293,703.21136
16294,296.16995
16295,298.7888
16296,684.55707
16297,299.74722
16298,723.4559
16299,684.7456
16300,724.5042
16301,396.23206
16302,404.3288
16303,841.7523
16304,698.93164
16305,702.34045
16306,851.35925
16307,297.87515
16308,689.28357
16309,676.9429
16310,634.52155
16311,685.5381
16312,771.0085
16313,677.66956
16314,704.5483
16315,756.3419
16316,718.51636
16317,729.86847
16318,683.2062
16319,728.67505
16320,737.30414
16321,402.63205
16322,729.61145
16323,751.706
16324,844.4205
16325,693.9176
16326,533.27936
16327,404.76724
16328,708.17725
16329,299.6186
16330,725.51654
16331,726.0077
16332,680.59424
16333,743.87775
16334,400.23117
16335,846.818
16336,730.3665
16337,744.7579
16338,295.84723
16339,404.1488
16340,401.60007
16341,681.5694
16342,744.3598
16343,406.23715
16344,727.1919
16345,676.84644
16346,741.9683
16347,297.4534
16348,716.57416
16349,751.72955
16350,681.08844
16351,689.0566
16352,702.2135
16353,708.7505
16354,508.788
16355,726.7705
16356,731.6521
16357,681.9223
16358,764.9669
16359,257.66077
16360,688.5299
16361,294.61142
16362,691.14624
16363,721.18884
16364,844.52814
16365,672.5299
16366,738.27765
16367,178.96474
16368,722.57996
16369,745.36456
16370,758.8359
16371,727.4639
16372,768.0861
16373,719.4134
16374,733.9466
16375,701.2521
16376,724.8403
16377,745.4503
16378,510.11017
16379,702.82855
16380,839.4797
16381,714.2014
16382,715.3091
16383,703.8418
16384,751.72156
16385,751.34235
16386,682.1122
16387,706.7585
16388,745.22546
16389,296.4857
16390,678.42706
16391,733.18066
16392,387.50964
16393,690.6202
16394,298.39963
16395,699.39813
16396,714.9422
16397,324.40237
16398,681.05273
16399,851.26227
16400,721.0756
16401,706.6952
16402,742.0062
16403,702.1902
16404,678.636
16405,227.2105
16406,720.7115
16407,717.17615
16408,751.78436
16409,680.2006
16410,842.4967
16411,294.57886
16412,405.63455
16413,683.38403
16414,403.56345
16415,734.8704
16416,297.89975
16417,745.7836
16418,688.0208
16419,694.91656
16420,679.7055
16421,681.65265
16422,678.6872
16423,295.83713
16424,403.42722
16425,681.73834
16426,850.06177
16427,729.5586
16428,315.00635
16429,299.20224
16430,730.0179
16431,293.81125
16432,746.9246
16433,713.29083
16434,719.0894
16435,402.78876
16436,718.99133
16437,743.4015
16438,295.05643
16439,402.43365
16440,707.0042
16441,678.4202
16442,708.80914
16443,504.46857
16444,693.0519
16445,745.9367
16446,706.304
16447,540.4169
16448,802.8484
16449,773.4481
16450,838.48395
16451,752.8497
16452,706.46344
16453,752.07074
16454,702.5957
16455,663.7195
16456,732.43054
16457,404.73376
16458,680.6585
16459,753.1245
16460,735.4004
16461,713.649
16462,737.90265
16463,731.18604
16464,849.3677
16465,709.34985
16466,720.60986
16467,681.16394
16468,394.97742
16469,719.753
16470,707.2631
16471,721.79694
16472,705.71875
16473,735.0376
16474,781.18713
16475,734.61774
16476,700.3683
16477,683.7925
16478,416.08307
16479,852.5194
16480,722.4981
16481,700.1467
16482,700.5555
16483,187.67012
16484,397.87088
16485,849.97015
16486,296.8056
16487,707.53485
16488,277.72256
16489,525.7761
16490,394.43323
16491,708.68445
16492,705.71594
16493,684.3838
16494,669.23865
16495,675.5819
16496,400.8899
16497,678.6608
16498,299.4826
16499,295.29578
16500,693.53577
16501,666.03436
16502,671.647
16503,688.8884
16504,696.0411
16505,733.02563
16506,140.52893
16507,687.7054
16508,728.5134
16509,688.4861
16510,716.61145
16511,684.9791
16512,706.8576
16513,740.45465
16514,743.7586
16515,307.40118
16516,696.6065
16517,706.2639
16518,394.73773
16519,699.6328
16520,702.8599
16521,678.6915
16522,570.4282
16523,316.7068
16524,736.051
16525,287.79776
16526,748.3973
16527,679.2755
16528,741.3942
16529,689.5352
16530,717.56396
16531,214.5323
16532,723.1524
16533,700.1444
16534,722.28894
16535,684.6159
16536,700.03906
16537,268.27896
16538,250.95555
16539,694.20264
16540,692.9233
16541,692.06305
16542,773.45465
16543,685.79816
16544,850.7407
16545,795.6364
16546,706.2811
16547,393.83664
16548,849.12103
16549,709.4116
16550,296.46097
16551,723.0377
16552,686.85474
16553,756.7287
16554,681.4574
16555,719.40314
16556,709.6777
16557,848.4316
16558,679.7686
16559,707.89264
16560,720.6122
16561,484.60883
16562,684.3903
16563,682.32605
16564,709.0345
16565,685.66583
16566,684.8693
16567,681.03107
16568,734.0462
16569,293.34415
16570,703.7137
16571,706.6354
16572,249.12724
16573,728.7334
16574,848.0746
16575,680.44244
16576,843.7717
16577,729.90924
16578,706.4507
16579,718.62585
16580,691.73816
16581,733.9171
16582,398.7112
16583,301.18634
16584,670.43524
16585,841.43134
16586,409.45694
16587,302.2413
16588,678.6485
16589,715.9054
16590,696.136
16591,400.01175
16592,748.83673
16593,752.1888
16594,749.80176
16595,679.53516
16596,720.91705
16597,751.77496
16598,717.9392
16599,181.38799
16600,674.6607
16601,389.57446
16602,678.0183
16603,723.39026
16604,476.4417
16605,403.35214
16606,685.0481
16607,748.19293
16608,704.4496
16609,681.0234
16610,726.75903
16611,691.58704
16612,678.6458
16613,706.3029
16614,395.2794
16615,699.91986
16616,704.6797
16617,709.3492
16618,689.02423
16619,705.7479
16620,719.44495
16621,695.8495
16622,785.34863
16623,395.29712
16624,721.80164
16625,301.0292
16626,712.656
16627,297.82993
16628,723.81616
16629,674.6901
16630,704.1834
16631,686.89746
16632,290.6669
16633,749.4753
16634,848.8417
16635,712.13293
16636,670.86237
16637,732.36835
16638,403.88794
16639,748.6963
16640,680.75824
16641,682.06836
16642,686.01825
16643,711.66284
16644,724.9671
16645,701.7374
16646,714.2457
16647,396.02277
16648,399.9507
16649,721.4278
16650,394.91483
16651,297.02637
16652,704.94574
16653,682.4468
16654,678.9312
16655,845.84717
16656,302.57285
16657,724.60046
16658,542.26526
16659,749.4269
16660,738.2063
16661,706.4009
16662,663.8509
16663,370.67462
16664,384.94183
16665,743.04614
16666,756.587
16667,684.482
16668,669.5287
16669,711.6499
16670,712.40076
16671,711.8917
16672,709.3889
16673,676.8671
16674,684.2389
16675,702.60364
16676,830.294
16677,293.81342
16678,299.16412
16679,483.80185
16680,700.8988
16681,753.85736
16682,753.00195
16683,292.46286
16684,838.6957
16685,726.0758
16686,808.04376
16687,724.0865
16688,683.0259
16689,179.55519
16690,776.28754
16691,720.95386
16692,723.3482
16693,676.6993
16694,720.4632
16695,738.9556
16696,403.6895
16697,715.55945
16698,723.318
16699,746.59296
16700,506.1581
16701,306.04834
16702,747.06396
16703,297.0179
16704,691.67303
16705,697.73413
16706,690.1468
16707,747.8762
16708,755.331
16709,748.6924
16710,741.64594
16711,735.1218
16712,723.8226
16713,711.6684
16714,698.4839
16715,667.4995
16716,747.92896
16717,726.50964
16718,710.7392
16719,682.45087
16720,399.20486
16721,709.8396
16722,730.2653
16723,297.8368
16724,747.69006
16725,400.21997
16726,762.91736
16727,734.3906
16728,702.63116
16729,306.03928
16730,294.1897
16731,682.38525
16732,750.1268
16733,717.0536
16734,292.3989
16735,744.0475
16736,719.2473
16737,851.8531
16738,737.32855
16739,801.9761
16740,704.59717
16741,404.2537
16742,751.58734
16743,704.7907
16744,688.6227
16745,176.18008
16746,685.964
16747,290.2903
16748,678.04724
16749,767.6248
16750,695.8476
16751,722.2991
16752,181.38799
16753,681.8765
16754,844.8683
16755,672.59467
16756,504.14273
16757,738.4448
16758,311.67612
16759,680.754
16760,738.3559
16761,818.37146
16762,673.2072
16763,681.3201
16764,703.6456
16765,404.0213
16766,731.09393
16767,302.00485
16768,736.3939
16769,754.45233
16770,298.59805
16771,722.5112
16772,295.7352
16773,705.17175
16774,713.70514
16775,293.7726
16776,688.97314
16777,681.73126
16778,405.00543
16779,705.38403
16780,295.56732
16781,293.33194
16782,728.0645
16783,400.66205
16784,700.26227
16785,681.8682
16786,687.4905
16787,749.9689
16788,538.84015
16789,175.6288
16790,238.7576
16791,257.74255
16792,679.6258
16793,710.8605
16794,684.77185
16795,527.2846
16796,721.3728
16797,314.11807
16798,774.4274
16799,709.38324
16800,711.1207
16801,414.2917
16802,702.9771
16803,396.2168
16804,712.71326
16805,730.37787
16806,787.38727
16807,294.74255
16808,271.8683
16809,722.27966
16810,679.6122
16811,719.2672
16812,749.31964
16813,297.50232
16814,733.5761
16815,701.99036
16816,679.0166
16817,640.00836
16818,297.21973
16819,142.1208
16820,675.4786
16821,848.07916
16822,736.1768
16823,769.3368
16824,753.9731
16825,700.3448
16826,679.5069
16827,717.83655
16828,701.2721
16829,679.54193
16830,682.5081
16831,717.69434
16832,748.3941
16833,281.57773
16834,701.1075
16835,720.9868
16836,728.92816
16837,546.32153
16838,309.28195
16839,294.59467
16840,837.2083
16841,822.26807
16842,703.424
16843,704.117
16844,715.179
16845,680.11316
16846,705.0163
16847,189.3471
16848,677.16376
16849,694.96466
16850,752.4323
16851,707.6989
16852,667.09106
16853,721.3767
16854,697.6525
16855,711.8373
16856,770.094
16857,715.1777
16858,692.30035
16859,371.48566
16860,742.7343
16861,301.8947
16862,164.30621
16863,732.81274
16864,709.5882
16865,682.7544
16866,723.1346
16867,711.35547
16868,702.5998
16869,765.79865
16870,676.8857
16871,733.23914
16872,708.7187
16873,729.7334
16874,755.24414
16875,727.72296
16876,677.5605
16877,236.8479
16878,678.99805
16879,401.15567
16880,300.21396
16881,668.3486
16882,736.06055
16883,680.5592
16884,703.1983
16885,701.27856
16886,397.8439
16887,385.25275
16888,406.468
16889,703.2974
16890,297.9087
16891,189.06514
16892,685.15344
16893,770.0441
16894,715.96344
16895,238.38658
16896,737.3109
16897,677.8318
16898,692.75684
16899,696.4508
16900,683.4168
16901,692.8549
16902,189.67847
16903,749.51746
16904,679.86005
16905,725.4717
16906,722.4342
16907,780.409
16908,846.5707
16909,297.75656
16910,746.82855
16911,770.13
16912,500.90002
16913,723.4042
16914,684.91974
16915,388.9168
16916,707.7067
16917,706.64954
16918,707.00885
16919,696.8835
16920,695.34235
16921,703.64813
16922,747.9847
16923,725.8511
16924,744.3038
16925,703.5183
16926,393.6421
16927,718.89655
16928,296.65973
16929,234.96143
16930,756.66425
16931,564.7617
16932,715.24884
16933,668.2846
16934,711.9463
16935,686.40344
16936,682.91833
16937,680.27527
16938,447.59088
16939,853.2634
16940,681.1719
16941,846.0229
16942,681.0361
16943,677.434
16944,308.5789
16945,733.97986
16946,722.5708
16947,463.61978
16948,753.6202
16949,680.6092
16950,704.51514
16951,307.21088
16952,706.1753
16953,684.65216
16954,848.4734
16955,294.6613
16956,806.50793
16957,379.92065
16958,848.3635
16959,401.12872
16960,406.32153
16961,299.14716
16962,726.2538
16963,674.5675
16964,671.3641
16965,683.2245
16966,735.82806
16967,848.184
16968,753.6053
16969,734.7418
16970,694.0111
16971,743.5844
16972,721.3561
16973,310.88904
16974,712.441
16975,767.7795
16976,714.3582
16977,754.553
16978,728.057
16979,687.1236
16980,397.0716
16981,297.6709
16982,306.7063
16983,741.12537
16984,735.95166
16985,711.3141
16986,732.28986
16987,751.52783
16988,706.7885
16989,293.09827
16990,723.1583
16991,683.3536
16992,778.6958
16993,750.8642
16994,401.84058
16995,724.4587
16996,799.598
16997,712.49274
16998,841.62915
16999,707.9824
17000,705.5869
17001,703.5884
17002,301.71722
17003,719.61505
17004,748.2821
17005,849.0233
17006,670.06
17007,753.9862
17008,521.8898
17009,703.58246
17010,753.0186
17011,520.4978
17012,704.1086
17013,697.2423
17014,732.7669
17015,717.88275
17016,712.1977
17017,403.63995
17018,746.63025
17019,696.957
17020,740.0547
17021,716.17255
17022,694.7942
17023,749.7791
17024,683.34094
17025,296.16782
17026,844.4603
17027,720.9875
17028,663.281
17029,727.5041
17030,681.91956
17031,710.37134
17032,700.85345
17033,711.292
17034,707.03815
17035,684.4172
17036,745.2015
17037,747.7202
17038,720.723
17039,749.53345
17040,396.9889
17041,842.0246
17042,401.67932
17043,648.28687
17044,739.12555
17045,508.81702
17046,721.23474
17047,298.40488
17048,709.7036
17049,737.5504
17050,658.13135
17051,707.3556
17052,720.3054
17053,680.9303
17054,683.4751
17055,300.79495
17056,298.00284
17057,299.024
17058,692.3102
17059,403.88156
17060,722.22925
17061,716.6341
17062,780.93805
17063,729.9366
17064,682.4754
17065,708.04517
17066,366.9355
17067,404.5531
17068,698.91644
17069,715.6785
17070,701.47894
17071,446.69498
17072,679.1083
17073,713.7823
17074,714.17303
17075,703.3974
17076,721.8665
17077,730.6094
17078,703.1579
17079,703.7694
17080,701.8245
17081,398.6009
17082,706.2834
17083,734.1835
17084,400.91504
17085,698.4598
17086,725.5876
17087,401.67664
17088,210.52275
17089,379.46442
17090,712.64465
17091,223.94432
17092,702.1842
17093,731.5273
17094,299.49753
17095,780.69104
17096,405.27682
17097,738.54126
17098,712.9786
17099,704.19226
17100,735.7752
17101,674.7479
17102,396.74463
17103,296.67694
17104,681.0736
17105,703.3018
17106,721.95386
17107,398.44333
17108,727.22345
17109,721.2068
17110,746.93164
17111,736.9449
17112,769.75854
17113,719.75037
17114,785.9024
17115,697.1101
17116,796.41956
17117,715.6667
17118,751.2569
17119,399.36517
17120,723.6269
17121,739.72906
17122,737.83527
17123,703.2851
17124,401.75717
17125,702.0503
17126,720.6173
17127,718.17444
17128,234.66347
17129,703.17487
17130,696.8699
17131,678.315
17132,722.04297
17133,705.86005
17134,843.8154
17135,736.6295
17136,746.25256
17137,697.79407
17138,237.14671
17139,404.67953
17140,735.10834
17141,685.2603
17142,725.67676
17143,700.45056
17144,720.3128
17145,702.35925
17146,843.9755
17147,745.91895
17148,405.11697
17149,686.82623
17150,394.78284
17151,741.7546
17152,696.0924
17153,681.02515
17154,669.64935
17155,684.30237
17156,773.87134
17157,714.5717
17158,680.55634
17159,719.70917
17160,292.6979
17161,769.4694
17162,679.30096
17163,546.529
17164,688.1651
17165,728.65955
17166,679.1631
17167,760.7125
17168,838.42285
17169,300.31635
17170,404.1115
17171,723.05334
17172,666.7717
17173,701.76447
17174,712.76385
17175,753.406
17176,728.29193
17177,487.86356
17178,180.94301
17179,694.08344
17180,298.18457
17181,708.9838
17182,401.94885
17183,299.66193
17184,180.12389
17185,780.41644
17186,704.2091
17187,727.0774
17188,301.04453
17189,732.68427
17190,699.85956
17191,290.91956
17192,714.1712
17193,713.0302
17194,719.563
17195,739.14557
17196,716.675
17197,722.27625
17198,696.1952
17199,704.4752
17200,729.4747
17201,836.1407
17202,728.0937
17203,723.2561
17204,752.2021
17205,260.15475
17206,686.8493
17207,699.7488
17208,738.4154
17209,769.28577
17210,701.21765
17211,743.66675
17212,184.73997
17213,716.8702
17214,291.23148
17215,731.7048
17216,686.41284
17217,668.0866
17218,717.73035
17219,702.08325
17220,705.10486
17221,550.84845
17222,404.9996
17223,675.2891
17224,746.0406
17225,750.9281
17226,295.23105
17227,716.5081
17228,303.17612
17229,757.9905
17230,847.6375
17231,725.742
17232,725.0419
17233,684.9771
17234,177.96707
17235,752.3944
17236,743.1712
17237,720.59766
17238,724.1038
17239,765.44934
17240,706.5728
17241,783.85004
17242,851.96857
17243,233.87685
17244,499.44717
17245,678.398
17246,723.87213
17247,688.9018
17248,721.7286
17249,768.43616
17250,751.2737
17251,845.9623
17252,676.7167
17253,682.5936
17254,757.38354
17255,257.31097
17256,683.389
17257,811.35187
17258,697.17487
17259,838.2301
17260,843.80994
17261,297.84042
17262,854.10016
17263,741.5201
17264,243.71335
17265,684.5436
17266,759.5342
17267,679.3743
17268,744.24243
17269,710.55005
17270,702.0175
17271,301.8947
17272,828.06134
17273,405.19547
17274,402.39645
17275,732.3881
17276,679.4288
17277,710.7875
17278,721.09406
17279,302.02655
17280,744.7641
17281,400.91064
17282,298.40488
17283,705.41736
17284,694.4793
17285,293.81204
17286,725.91797
17287,401.58466
17288,702.8592
17289,732.82416
17290,677.04614
17291,741.6644
17292,693.07947
17293,504.28525
17294,746.4276
17295,740.5826
17296,705.579
17297,705.88586
17298,720.47394
17299,457.95096
17300,402.59317
17301,399.58826
17302,308.32727
17303,838.5235
17304,700.42505
17305,755.5132
17306,694.9394
17307,712.07214
17308,377.8022
17309,850.24335
17310,668.2656
17311,723.4591
17312,680.22046
17313,741.6586
17314,758.17413
17315,726.6422
17316,707.3013
17317,753.1195
17318,673.5529
17319,718.6754
17320,701.54456
17321,845.84155
17322,298.86487
17323,680.87976
17324,297.6766
17325,744.9713
17326,395.59973
17327,182.36073
17328,677.67224
17329,297.6406
17330,718.5368
17331,749.2641
17332,300.33853
17333,670.0722
17334,692.3052
17335,405.01245
17336,716.7427
17337,759.3761
17338,402.92438
17339,849.1197
17340,358.0292
17341,735.06555
17342,686.58887
17343,694.1355
17344,846.1908
17345,845.4691
17346,302.49762
17347,849.7576
17348,301.13898
17349,393.88544
17350,749.55286
17351,400.85394
17352,728.627
17353,700.61566
17354,683.5566
17355,702.5612
17356,743.9489
17357,704.45154
17358,840.92944
17359,714.46014
17360,712.5463
17361,735.13446
17362,289.95813
17363,705.8139
17364,840.63824
17365,714.68994
17366,315.59552
17367,702.0712
17368,312.52274
17369,677.7292
17370,404.57364
17371,689.2988
17372,679.2072
17373,681.09174
17374,740.66907
17375,710.7467
17376,715.1226
17377,713.28455
17378,720.5951
17379,718.1191
17380,746.82587
17381,678.645
17382,706.51434
17383,713.57446
17384,723.9372
17385,846.00214
17386,717.95746
17387,703.8712
17388,733.79144
17389,746.26733
17390,404.62686
17391,746.6553
17392,681.51404
17393,739.8485
17394,677.6331
17395,725.9816
17396,687.68756
17397,846.58276
17398,398.73743
17399,853.93066
17400,745.9725
17401,712.167
17402,702.8728
17403,691.0364
17404,732.0856
17405,731.3559
17406,684.8965
17407,249.05626
17408,705.857
17409,701.04443
17410,701.37445
17411,708.3926
17412,702.8795
17413,751.6112
17414,706.4518
17415,709.96686
17416,403.51636
17417,680.69025
17418,736.4132
17419,184.44354
17420,703.5176
17421,297.8616
17422,406.4628
17423,742.8573
17424,696.1402
17425,746.3412
17426,750.94226
17427,721.5809
17428,296.2673
17429,296.47177
17430,286.06732
17431,759.89307
17432,721.957
17433,399.5345
17434,394.7857
17435,751.5677
17436,681.21326
17437,734.0071
17438,845.00555
17439,708.6317
17440,691.1307
17441,289.20822
17442,402.80902
17443,706.051
17444,740.0539
17445,679.03296
17446,716.4197
17447,297.98874
17448,299.5419
17449,296.58426
17450,306.0773
17451,396.79825
17452,826.2222
17453,381.88782
17454,509.07474
17455,683.06104
17456,665.10767
17457,678.5972
17458,713.48895
17459,711.9734
17460,727.845
17461,513.43945
17462,686.2115
17463,299.11075
17464,845.2866
17465,718.931
17466,772.4263
17467,731.90216
17468,689.656
17469,786.78815
17470,710.5809
17471,842.77954
17472,398.70636
17473,298.34006
17474,741.84406
17475,702.0666
17476,746.1234
17477,703.7141
17478,702.7413
17479,710.8713
17480,673.798
17481,724.7849
17482,744.4671
17483,743.97675
17484,403.37558
17485,678.56696
17486,698.07196
17487,721.7469
17488,735.64264
17489,721.81854
17490,779.1678
17491,699.259
17492,701.87555
17493,729.22296
17494,754.99207
17495,752.72253
17496,692.9836
17497,720.91345
17498,720.5568
17499,700.32635
17500,394.80206
17501,301.40405
17502,712.921
17503,252.89113
17504,827.94604
17505,700.24567
17506,750.5731
17507,723.9
17508,698.98285
17509,719.6982
17510,678.1874
17511,746.2164
17512,698.9882
17513,746.99835
17514,401.9441
17515,590.1033
17516,712.69104
17517,703.6183
17518,705.8964
17519,294.67917
17520,233.58453
17521,367.51797
17522,705.58716
17523,704.9152
17524,680.53534
17525,295.49057
17526,776.587
17527,728.838
17528,180.0442
17529,298.81967
17530,707.96967
17531,679.39325
17532,665.63574
17533,751.6943
17534,683.8175
17535,711.85187
17536,726.0232
17537,690.07074
17538,709.405
17539,780.662
17540,403.8921
17541,758.25305
17542,704.4604
17543,231.14464
17544,627.70557
17545,834.31635
17546,722.46954
17547,726.8515
17548,849.57434
17549,753.6813
17550,696.8373
17551,255.35493
17552,698.07245
17553,714.71436
17554,727.23486
17555,678.3989
17556,619.1153
17557,751.3844
17558,706.41547
17559,694.96497
17560,665.4894
17561,746.75226
17562,300.30228
17563,683.2759
17564,765.7012
17565,713.1494
17566,851.0246
17567,718.8643
17568,718.39124
17569,683.737
17570,747.391
17571,402.55347
17572,787.8084
17573,395.75864
17574,737.5768
17575,701.2582
17576,712.69916
17577,709.77246
17578,843.9029
17579,723.76
17580,704.4892
17581,717.66406
17582,400.0017
17583,711.724
17584,296.75623
17585,296.6809
17586,757.1581
17587,681.91376
17588,538.31335
17589,724.43384
17590,790.4874
17591,723.0472
17592,720.6194
17593,680.5019
17594,715.63525
17595,738.922
17596,697.2577
17597,744.92145
17598,726.33844
17599,741.90247
17600,734.2229
17601,734.67993
17602,720.41406
17603,704.24457
17604,738.35815
17605,714.72473
17606,680.03156
17607,718.3893
17608,297.3187
17609,302.39557
17610,238.83463
17611,704.5455
17612,719.58264
17613,684.62256
17614,712.5632
17615,690.6155
17616,295.6915
17617,843.3732
17618,717.6203
17619,705.9048
17620,846.57935
17621,752.5002
17622,270.83627
17623,683.7827
17624,718.5814
17625,239.36992
17626,730.7717
17627,744.8481
17628,720.1221
17629,393.99576
17630,705.1432
17631,288.58148
17632,722.0986
17633,304.01404
17634,699.03314
17635,183.54912
17636,689.2897
17637,708.688
17638,724.0704
17639,683.6861
17640,684.29474
17641,708.0332
17642,736.0967
17643,302.0527
17644,297.31717
17645,737.8135
17646,747.5518
17647,715.878
17648,714.57007
17649,712.6066
17650,705.80505
17651,749.9137
17652,846.96857
17653,403.79758
17654,522.683
17655,720.0845
17656,717.14966
17657,193.36989
17658,702.8022
17659,684.2074
17660,724.75
17661,404.26694
17662,751.14984
17663,485.70532
17664,715.8258
17665,300.95087
17666,684.76483
17667,698.3897
17668,741.75836
17669,845.92236
17670,681.34045
17671,720.1502
17672,736.83264
17673,298.5755
17674,701.1071
17675,733.68243
17676,715.8282
17677,693.2265
17678,702.6359
17679,704.3088
17680,701.3192
17681,708.3363
17682,713.32227
17683,687.40826
17684,727.88293
17685,686.38403
17686,400.65875
17687,765.63617
17688,386.22882
17689,739.78687
17690,713.15265
17691,696.58673
17692,186.73232
17693,734.94415
17694,749.14484
17695,725.2128
17696,778.94385
17697,295.23468
17698,810.49066
17699,365.23813
17700,735.96246
17701,848.32623
17702,704.5909
17703,672.1367
17704,683.2764
17705,412.89865
17706,396.43222
17707,713.67786
17708,684.76117
17709,707.0228
17710,376.02902
17711,678.9302
17712,734.4257
17713,174.21773
17714,711.8425
17715,404.173
17716,739.2756
17717,701.8596
17718,740.8725
17719,744.2833
17720,774.86597
17721,415.71274
17722,458.43616
17723,729.0159
17724,403.82587
17725,839.7163
17726,705.08374
17727,399.29977
17728,696.49176
17729,724.7013
17730,750.7408
17731,298.03342
17732,707.00793
17733,690.12885
17734,718.4789
17735,684.4222
17736,706.6917
17737,733.3987
17738,764.71716
17739,189.31215
17740,400.09402
17741,845.1573
17742,728.87146
17743,760.04034
17744,692.8342
17745,732.5622
17746,739.0017
17747,299.30722
17748,741.8351
17749,720.66174
17750,679.15967
17751,848.15204
17752,690.48895
17753,703.6947
17754,707.1572
17755,752.3632
17756,702.558
17757,690.0357
17758,180.69858
17759,721.00885
17760,699.7788
17761,311.87167
17762,677.3287
17763,714.71075
17764,744.01074
17765,779.05505
17766,713.8192
17767,682.9099
17768,741.92694
17769,706.23706
17770,716.6414
17771,720.57965
17772,724.5576
17773,402.57703
17774,717.72266
17775,714.9823
17776,742.0207
17777,676.3274
17778,719.14465
17779,563.1737
17780,297.8525
17781,845.7496
17782,548.60187
17783,298.39337
17784,714.50446
17785,683.4834
17786,692.62213
17787,403.4943
17788,713.10333
17789,703.8243
17790,681.4453
17791,301.70364
17792,703.52
17793,835.3187
17794,775.3366
17795,703.3683
17796,728.4682
17797,733.58844
17798,736.3091
17799,682.96924
17800,749.9437
17801,707.18195
17802,399.70514
17803,718.9459
17804,743.0331
17805,704.37836
17806,295.57874
17807,404.8842
17808,402.3019
17809,700.0462
17810,674.46826
17811,678.43823
17812,698.33014
17813,734.95526
17814,684.55774
17815,416.3616
17816,702.97614
17817,297.02634
17818,726.2076
17819,704.44336
17820,677.69464
17821,295.25497
17822,846.8592
17823,742.44763
17824,837.51215
17825,322.81482
17826,723.6813
17827,710.3293
17828,399.03372
17829,400.6455
17830,711.6951
17831,687.607
17832,747.0236
17833,747.2547
17834,754.947
17835,720.4784
17836,717.81177
17837,739.82056
17838,693.3317
17839,701.5923
17840,237.53125
17841,724.9275
17842,401.37308
17843,748.00836
17844,743.49927
17845,743.10114
17846,751.1288
17847,481.13492
17848,693.85425
17849,701.43164
17850,405.8168
17851,718.3175
17852,267.7048
17853,722.3222
17854,696.8973
17855,751.2783
17856,276.49048
17857,734.30585
17858,778.39136
17859,688.6697
17860,681.8905
17861,698.7868
17862,237.4581
17863,180.10898
17864,297.11108
17865,736.891
17866,180.10898
17867,766.0312
17868,506.34143
17869,747.3663
17870,747.1689
17871,741.1883
17872,401.7342
17873,734.23584
17874,697.58636
17875,724.4626
17876,716.88165
17877,676.9303
17878,676.4492
17879,716.46686
17880,851.6721
17881,307.82983
17882,726.5205
17883,704.15607
17884,732.16187
17885,407.35202
17886,714.92896
17887,747.91974
17888,299.2082
17889,394.0207
17890,369.66293
17891,751.90564
17892,704.1877
17893,703.98254
17894,545.69073
17895,458.23663
17896,734.00116
17897,704.7966
17898,850.5266
17899,704.55475
17900,667.6394
17901,716.64166
17902,755.3973
17903,406.07654
17904,693.3227
17905,385.3097
17906,460.477
17907,712.94666
17908,721.0624
17909,715.5394
17910,749.93665
17911,688.8868
17912,699.63727
17913,681.4564
17914,683.2522
17915,393.82388
17916,301.56708
17917,707.638
17918,731.857
17919,766.44434
17920,677.28125
17921,463.04248
17922,704.6392
17923,209.27028
17924,298.3102
17925,686.17523
17926,695.89154
17927,482.54858
17928,691.99615
17929,404.44232
17930,725.8429
17931,719.5287
17932,402.87482
17933,666.2662
17934,715.0621
17935,297.42078
17936,755.657
17937,707.6663
17938,843.1256
17939,307.03925
17940,301.30872
17941,719.4178
17942,296.85635
17943,295.46725
17944,705.0585
17945,712.8202
17946,400.42105
17947,689.41095
17948,696.9003
17949,700.9084
17950,706.86926
17951,707.5718
17952,698.4953
17953,757.9676
17954,777.8004
17955,702.22485
17956,296.2956
17957,678.28894
17958,564.5844
17959,710.08966
17960,713.05316
17961,711.46796
17962,730.89905
17963,706.9007
17964,745.8823
17965,295.7221
17966,716.4232
17967,748.9966
17968,297.69424
17969,677.8323
17970,706.07166
17971,711.2371
17972,716.88965
17973,752.7363
17974,720.2299
17975,848.7545
17976,399.20804
17977,753.6736
17978,751.211
17979,849.9235
17980,297.2396
17981,712.07275
17982,783.1615
17983,705.8446
17984,698.05524
17985,704.8753
17986,751.50214
17987,727.387
17988,215.90958
17989,724.60205
17990,697.5037
17991,674.37286
17992,161.76874
17993,723.1648
17994,367.41016
17995,702.76294
17996,722.80383
17997,721.54517
17998,704.034
17999,710.7419
18000,408.61578
18001,681.78406
18002,695.8412
18003,402.87003
18004,732.72906
18005,845.53406
18006,679.81714
18007,679.65356
18008,848.4122
18009,294.09586
18010,319.91373
18011,701.0182
18012,847.0847
18013,714.48016
18014,689.5699
18015,728.2496
18016,691.2741
18017,405.52396
18018,672.96747
18019,708.99176
18020,746.993
18021,736.4779
18022,728.131
18023,701.0494
18024,306.2367
18025,720.0628
18026,747.43634
18027,732.17786
18028,723.2167
18029,704.7483
18030,404.4001
18031,697.8042
18032,276.53067
18033,729.43207
18034,252.4107
18035,731.0855
18036,848.2491
18037,743.5125
18038,687.84875
18039,697.7729
18040,675.48236
18041,296.0924
18042,298.19592
18043,708.8976
18044,691.17224
18045,726.87646
18046,746.28705
18047,204.11476
18048,300.06897
18049,685.2926
18050,673.21265
18051,715.7784
18052,704.3303
18053,400.1155
18054,301.09735
18055,713.4592
18056,773.1138
18057,401.18674
18058,748.0137
18059,298.76428
18060,678.828
18061,744.3481
18062,501.5437
18063,705.7847
18064,738.7813
18065,743.1348
18066,679.3179
18067,397.87103
18068,760.9867
18069,746.91797
18070,713.6755
18071,740.2221
18072,699.0141
18073,767.8886
18074,772.36664
18075,396.0847
18076,731.8107
18077,699.3949
18078,756.5369
18079,700.88916
18080,401.65634
18081,685.7733
18082,397.07343
18083,684.2605
18084,701.3655
18085,741.1469
18086,707.1857
18087,726.40717
18088,742.3887
18089,772.15985
18090,702.0503
18091,684.27435
18092,710.77124
18093,710.7102
18094,706.6556
18095,738.5215
18096,733.16327
18097,700.6521
18098,182.36073
18099,402.90115
18100,729.0794
18101,703.59186
18102,728.82837
18103,704.3471
18104,677.5139
18105,717.6699
18106,695.081
18107,716.30444
18108,395.84866
18109,680.4023
18110,305.05908
18111,399.13766
18112,714.534
18113,674.1155
18114,369.13507
18115,763.0978
18116,382.3279
18117,400.53644
18118,719.3755
18119,408.22873
18120,724.4427
18121,694.8351
18122,716.8262
18123,680.70575
18124,754.1725
18125,715.75525
18126,732.02924
18127,303.08847
18128,590.60956
18129,749.26044
18130,726.1405
18131,761.5173
18132,773.04266
18133,723.5826
18134,190.44717
18135,676.3933
18136,745.72815
18137,746.03394
18138,773.35004
18139,709.20935
18140,404.60373
18141,695.547
18142,296.78284
18143,175.82059
18144,753.068
18145,298.5957
18146,510.49323
18147,767.4825
18148,677.492
18149,681.5905
18150,397.04224
18151,735.1894
18152,703.87476
18153,730.0944
18154,677.8889
18155,703.1902
18156,295.90823
18157,703.98615
18158,291.05408
18159,252.19714
18160,848.4894
18161,754.312
18162,715.85004
18163,751.20654
18164,746.5781
18165,395.40292
18166,740.1703
18167,763.14844
18168,700.5357
18169,307.36758
18170,242.95647
18171,720.79565
18172,721.8807
18173,730.99445
18174,677.6702
18175,753.9314
18176,677.0538
18177,733.1218
18178,678.159
18179,297.97604
18180,679.8829
18181,508.2722
18182,706.08575
18183,742.6088
18184,708.0456
18185,722.9787
18186,742.9262
18187,679.805
18188,698.17206
18189,779.83984
18190,724.42694
18191,717.2775
18192,737.40027
18193,748.32825
18194,844.2849
18195,698.36304
18196,700.628
18197,846.4322
18198,702.43304
18199,395.9256
18200,735.309
18201,302.6858
18202,705.44867
18203,679.54865
18204,398.19153
18205,751.842
18206,704.3682
18207,414.12305
18208,411.68814
18209,392.03204
18210,561.54553
18211,692.3139
18212,703.1551
18213,715.29736
18214,675.64716
18215,720.8254
18216,694.82983
18217,162.74612
18218,682.3253
18219,362.68854
18220,702.601
18221,746.8774
18222,744.109
18223,849.1731
18224,403.67627
18225,731.5666
18226,302.6858
18227,714.6007
18228,745.8778
18229,719.6996
18230,295.42703
18231,686.6221
18232,718.7934
18233,733.62274
18234,531.85455
18235,695.2185
18236,694.0265
18237,398.5461
18238,703.5672
18239,720.4492
18240,715.2729
18241,722.2443
18242,679.862
18243,711.8832
18244,842.49585
18245,433.55875
18246,704.2277
18247,681.38116
18248,753.28
18249,396.85486
18250,715.39453
18251,723.87683
18252,753.1445
18253,741.92206
18254,749.02966
18255,699.9281
18256,696.5317
18257,703.197
18258,710.82556
18259,728.44574
18260,686.22675
18261,737.07886
18262,762.153
18263,716.3593
18264,678.1066
18265,300.837
18266,401.51404
18267,695.9848
18268,406.3506
18269,699.4378
18270,400.92554
18271,292.15598
18272,700.49176
18273,709.631
18274,710.234
18275,505.36813
18276,657.4258
18277,733.95496
18278,702.1067
18279,432.43405
18280,682.17535
18281,714.8473
18282,669.75995
18283,719.9283
18284,742.8385
18285,399.4149
18286,680.5645
18287,715.2563
18288,744.72174
18289,717.2907
18290,723.46216
18291,404.13654
18292,750.61566
18293,712.2007
18294,701.9702
18295,763.4137
18296,730.30554
18297,679.822
18298,527.64655
18299,180.65166
18300,732.842
18301,731.655
18302,305.69745
18303,295.9316
18304,672.8921
18305,706.27203
18306,740.934
18307,544.4511
18308,725.5492
18309,847.2936
18310,761.78467
18311,748.43896
18312,374.39566
18313,717.0091
18314,740.04517
18315,408.72568
18316,697.0292
18317,291.79553
18318,150.00037
18319,390.83954
18320,299.68262
18321,749.27893
18322,406.91736
18323,670.3085
18324,717.9123
18325,724.8229
18326,677.4714
18327,405.04645
18328,697.0713
18329,678.4559
18330,301.0292
18331,687.97723
18332,718.16077
18333,851.19855
18334,750.10986
18335,739.6164
18336,762.22876
18337,700.1935
18338,735.9206
18339,682.29584
18340,679.5239
18341,705.2695
18342,406.221
18343,735.4886
18344,709.7869
18345,701.3594
18346,399.31564
18347,542.82544
18348,724.64594
18349,704.7323
18350,284.073
18351,683.91974
18352,746.9101
18353,754.96155
18354,166.81569
18355,727.4734
18356,704.11273
18357,725.70526
18358,708.6476
18359,699.55945
18360,389.02014
18361,714.3016
18362,396.57025
18363,680.9377
18364,848.8209
18365,563.0995
18366,742.499
18367,763.8793
18368,402.6606
18369,712.4176
18370,718.96783
18371,843.7541
18372,715.33167
18373,686.67004
18374,711.86615
18375,280.18158
18376,711.4851
18377,705.42834
18378,269.04602
18379,692.9514
18380,747.8949
18381,741.3077
18382,703.2873
18383,840.81824
18384,719.6565
18385,724.30853
18386,747.00867
18387,296.9121
18388,404.56757
18389,677.71857
18390,752.5412
18391,710.8954
18392,289.41187
18393,735.8066
18394,396.1128
18395,708.2373
18396,739.1027
18397,721.9018
18398,152.45866
18399,681.7674
18400,712.3847
18401,703.38
18402,844.8557
18403,772.7821
18404,710.36804
18405,686.8198
18406,748.47876
18407,393.15015
18408,394.9778
18409,692.9808
18410,677.9395
18411,715.92285
18412,735.3664
18413,705.8917
18414,686.1375
18415,297.74875
18416,593.59937
18417,405.0428
18418,400.0216
18419,299.83908
18420,732.751
18421,730.69507
18422,709.2066
18423,718.5256
18424,417.91513
18425,709.1829
18426,297.39423
18427,504.31876
18428,750.6435
18429,697.91296
18430,685.3526
18431,580.4656
18432,683.54016
18433,740.5258
18434,706.8723
18435,184.95065
18436,402.1797
18437,736.2159
18438,750.5666
18439,698.5178
18440,233.88329
18441,724.2477
18442,744.66656
18443,396.7576
18444,697.4547
18445,693.0151
18446,484.57767
18447,293.57
18448,701.1347
18449,694.22833
18450,707.77264
18451,706.4098
18452,740.8448
18453,757.68567
18454,162.1757
18455,700.95215
18456,719.70435
18457,717.24023
18458,714.0429
18459,736.5016
18460,685.24976
18461,686.22577
18462,690.15027
18463,708.90137
18464,402.19235
18465,705.4179
18466,727.71606
18467,760.2741
18468,711.5157
18469,401.84818
18470,700.1901
18471,837.5584
18472,695.4176
18473,677.0538
18474,706.68115
18475,761.3194
18476,552.65106
18477,683.9086
18478,697.6196
18479,687.77637
18480,266.32623
18481,741.9586
18482,394.96136
18483,683.7071
18484,699.3666
18485,398.88272
18486,702.1877
18487,702.39044
18488,673.0417
18489,381.97153
18490,396.6619
18491,766.5827
18492,405.49545
18493,182.56166
18494,445.65982
18495,375.83176
18496,694.87
18497,727.4696
18498,775.3889
18499,686.619
18500,746.72833
18501,686.1956
18502,721.78094
18503,779.45184
18504,848.8739
18505,725.4082
18506,714.71643
18507,764.32794
18508,404.1431
18509,839.13855
18510,147.4829
18511,401.8324
18512,299.9303
18513,705.2921
18514,674.3926
18515,719.8152
18516,688.54736
18517,766.0364
18518,742.6265
18519,738.3228
18520,509.98663
18521,718.32904
18522,710.1178
18523,682.96747
18524,397.309
18525,773.6844
18526,401.40518
18527,711.85596
18528,703.17426
18529,685.2075
18530,401.19034
18531,300.55646
18532,701.26794
18533,704.73865
18534,679.19415
18535,716.2511
18536,296.15784
18537,680.2534
18538,717.63824
18539,401.01614
18540,698.8788
18541,752.6132
18542,732.3976
18543,296.11566
18544,565.413
18545,751.8156
18546,298.44858
18547,836.1508
18548,402.19284
18549,848.6508
18550,738.4007
18551,851.0019
18552,403.5303
18553,710.72314
18554,401.02338
18555,701.11676
18556,679.9304
18557,726.81537
18558,236.87079
18559,710.7588
18560,679.97205
18561,707.93286
18562,753.4878
18563,402.3745
18564,720.5385
18565,701.2979
18566,679.1478
18567,852.4188
18568,703.71375
18569,703.0515
18570,732.2151
18571,677.7823
18572,683.47235
18573,688.2591
18574,725.209
18575,272.61096
18576,725.54944
18577,727.7902
18578,447.31525
18579,753.6571
18580,409.98367
18581,721.13916
18582,730.8836
18583,676.17834
18584,400.93625
18585,751.0032
18586,401.72278
18587,702.8122
18588,679.19135
18589,302.1686
18590,720.025
18591,392.52368
18592,848.44617
18593,675.9627
18594,726.3837
18595,749.3507
18596,682.431
18597,701.79126
18598,747.79004
18599,716.39453
18600,757.63184
18601,757.47864
18602,683.2928
18603,385.4893
18604,755.34265
18605,697.99335
18606,696.2486
18607,715.4786
18608,718.4375
18609,704.1734
18610,527.5856
18611,723.9211
18612,304.1533
18613,678.27814
18614,402.94955
18615,810.43243
18616,710.1117
18617,697.5753
18618,781.5372
18619,748.7516
18620,715.3778
18621,687.27875
18622,702.41205
18623,566.6367
18624,396.73306
18625,731.3671
18626,824.0546
18627,842.9273
18628,690.7707
18629,708.9597
18630,720.81757
18631,711.5806
18632,717.1122
18633,686.6275
18634,845.82654
18635,705.8406
18636,754.4174
18637,706.6786
18638,397.96155
18639,840.80566
18640,692.4807
18641,688.7422
18642,733.81525
18643,723.74506
18644,733.72363
18645,239.41898
18646,751.2457
18647,728.93365
18648,686.7566
18649,698.62317
18650,307.34305
18651,564.23303
18652,414.21838
18653,850.8042
18654,298.02368
18655,736.49896
18656,724.11395
18657,720.00824
18658,716.26935
18659,635.02985
18660,709.6415
18661,731.905
18662,731.9072
18663,725.55884
18664,219.56793
18665,397.83795
18666,402.4923
18667,680.8675
18668,402.41608
18669,748.01074
18670,850.1319
18671,749.81036
18672,701.5175
18673,726.67365
18674,741.55884
18675,717.9358
18676,702.21344
18677,725.1151
18678,715.1062
18679,736.42426
18680,702.5332
18681,737.9756
18682,743.08185
18683,746.62634
18684,753.3744
18685,180.20628
18686,679.7861
18687,697.0906
18688,690.6397
18689,304.1114
18690,701.5035
18691,398.28888
18692,747.2513
18693,394.6847
18694,702.85046
18695,713.1686
18696,717.78217
18697,742.0385
18698,722.62683
18699,774.70197
18700,689.48663
18701,686.4166
18702,733.89935
18703,848.4005
18704,681.87317
18705,704.02606
18706,669.6564
18707,684.3683
18708,680.8586
18709,709.4163
18710,723.6663
18711,699.4686
18712,405.08124
18713,681.4113
18714,703.9145
18715,755.41345
18716,708.1998
18717,720.10846
18718,729.2922
18719,717.4955
18720,407.55554
18721,682.4613
18722,286.9335
18723,726.85535
18724,295.41248
18725,733.9774
18726,749.0358
18727,704.93207
18728,705.7921
18729,746.3802
18730,680.5664
18731,395.81665
18732,709.00366
18733,732.6413
18734,736.78625
18735,701.6164
18736,399.1016
18737,163.55394
18738,714.6
18739,768.9171
18740,805.1295
18741,713.4406
18742,522.2985
18743,716.768
18744,848.2794
18745,426.2429
18746,760.0194
18747,689.2529
18748,735.26917
18749,735.2246
18750,399.69974
18751,727.3484
18752,404.96988
18753,709.23834
18754,679.06665
18755,676.1432
18756,734.7425
18757,690.04126
18758,298.91284
18759,679.9066
18760,700.1262
18761,753.2801
18762,712.88885
18763,691.55115
18764,715.27277
18765,324.05176
18766,301.0292
18767,687.9398
18768,719.65643
18769,716.7091
18770,300.00168
18771,849.24445
18772,707.0607
18773,701.75653
18774,709.29865
18775,578.22156
18776,682.2883
18777,704.29376
18778,752.2289
18779,762.3342
18780,709.04895
18781,732.8889
18782,847.3196
18783,686.90796
18784,294.558
18785,225.43176
18786,711.33167
18787,740.32227
18788,677.4009
18789,727.50183
18790,234.66347
18791,749.7805
18792,395.91345
18793,686.6469
18794,400.47113
18795,731.63116
18796,849.8814
18797,701.68555
18798,660.4886
18799,726.901
18800,755.0544
18801,298.05634
18802,711.03564
18803,686.27484
18804,773.5626
18805,846.816
18806,392.89713
18807,713.3762
18808,404.67627
18809,746.5657
18810,714.962
18811,760.9813
18812,740.1195
18813,678.8797
18814,711.7255
18815,713.1485
18816,732.18915
18817,677.6618
18818,706.57935
18819,295.88705
18820,684.5634
18821,708.16113
18822,719.8987
18823,682.28564
18824,677.87585
18825,722.1374
18826,727.4644
18827,723.641
18828,720.8683
18829,719.8102
18830,720.3269
18831,697.1311
18832,677.79553
18833,680.3204
18834,405.00653
18835,703.19824
18836,256.25964
18837,389.53354
18838,702.0402
18839,723.4131
18840,734.67145
18841,734.582
18842,727.74194
18843,400.99933
18844,846.7388
18845,722.8508
18846,678.53046
18847,686.88824
18848,461.28928
18849,841.72406
18850,845.9785
18851,166.93889
18852,703.8678
18853,193.5485
18854,737.0789
18855,727.22363
18856,683.4376
18857,682.4168
18858,705.0538
18859,680.7573
18860,743.6949
18861,725.88184
18862,175.82059
18863,298.87402
18864,401.27502
18865,730.7035
18866,768.5471
18867,296.11472
18868,767.12524
18869,295.2318
18870,242.44308
18871,848.3415
18872,845.99304
18873,306.02158
18874,735.45386
18875,699.47327
18876,720.08215
18877,733.1687
18878,402.25247
18879,185.50197
18880,301.39645
18881,724.6071
18882,681.72516
18883,702.1365
18884,677.32513
18885,704.2548
18886,724.3143
18887,305.29156
18888,726.5593
18889,724.5088
18890,737.31104
18891,697.9195
18892,400.45645
18893,725.7687
18894,732.1635
18895,713.30896
18896,737.9962
18897,712.12115
18898,724.66583
18899,676.1043
18900,702.19666
18901,668.03827
18902,501.46158
18903,399.52444
18904,706.7387
18905,399.14554
18906,398.23557
18907,400.14838
18908,687.02747
18909,716.9063
18910,679.07947
18911,712.8185
18912,717.6093
18913,706.59937
18914,707.5209
18915,759.54553
18916,738.8065
18917,763.8875
18918,683.1704
18919,724.35736
18920,685.5177
18921,696.51373
18922,733.28784
18923,679.7789
18924,191.89966
18925,846.1044
18926,723.41797
18927,690.7357
18928,715.52924
18929,740.0968
18930,729.1544
18931,702.7183
18932,715.31226
18933,683.00006
18934,726.0292
18935,731.2189
18936,405.62073
18937,301.79025
18938,298.46164
18939,699.8302
18940,727.71875
18941,678.70056
18942,399.92148
18943,296.53534
18944,570.8677
18945,173.01866
18946,845.52924
18947,460.7039
18948,706.44543
18949,297.42126
18950,525.04553
18951,739.50684
18952,785.25366
18953,403.4661
18954,683.6978
18955,848.3397
18956,716.8956
18957,700.56165
18958,691.1322
18959,730.0377
18960,681.51666
18961,722.0286
18962,752.0099
18963,306.39468
18964,686.9733
18965,714.3122
18966,700.43207
18967,678.50586
18968,737.7843
18969,724.76495
18970,715.7715
18971,297.65436
18972,722.1329
18973,703.6518
18974,732.77246
18975,721.5757
18976,678.6829
18977,727.57166
18978,769.0909
18979,734.97296
18980,733.27844
18981,714.5594
18982,836.9907
18983,746.95245
18984,735.4324
18985,701.8012
18986,823.5955
18987,699.0405
18988,845.0646
18989,245.73969
18990,755.50446
18991,745.22235
18992,751.0532
18993,785.0468
18994,702.057
18995,706.53937
18996,680.791
18997,682.3175
18998,723.4988
18999,525.5816
19000,704.1102
19001,705.56836
19002,717.60345
19003,747.8952
19004,702.68286
19005,731.58374
19006,684.52454
19007,367.75494
19008,279.4108
19009,727.3719
19010,717.32556
19011,708.2016
19012,681.5938
19013,721.54095
19014,711.75525
19015,406.761
19016,842.98334
19017,401.15173
19018,711.1004
19019,296.4033
19020,711.8551
19021,721.4433
19022,803.0646
19023,682.22076
19024,750.71124
19025,401.0894
19026,662.91223
19027,677.2939
19028,682.1612
19029,721.36053
19030,764.1638
19031,716.8806
19032,402.02673
19033,392.0709
19034,705.9588
19035,293.5797
19036,301.2032
19037,721.5286
19038,300.93716
19039,705.415
19040,299.91638
19041,677.1042
19042,702.3279
19043,299.19595
19044,401.47488
19045,729.8901
19046,727.22833
19047,705.1938
19048,708.01807
19049,851.5852
19050,711.2946
19051,676.8663
19052,738.365
19053,707.82465
19054,286.8645
19055,298.73886
19056,684.5493
19057,401.36444
19058,749.2132
19059,714.1816
19060,719.0468
19061,755.7114
19062,700.5837
19063,705.0517
19064,752.0929
19065,403.68158
19066,705.84906
19067,721.0439
19068,690.5007
19069,752.24176
19070,714.00543
19071,709.07855
19072,749.6981
19073,788.4029
19074,403.51065
19075,750.30725
19076,701.50854
19077,682.30566
19078,632.7377
19079,692.75726
19080,735.8919
19081,680.42975
19082,849.08997
19083,751.3376
19084,681.5952
19085,697.05035
19086,747.4803
19087,747.9429
19088,704.9787
19089,736.45996
19090,751.876
19091,849.0647
19092,749.5803
19093,294.9135
19094,296.53384
19095,280.53397
19096,714.7339
19097,674.9089
19098,670.87256
19099,750.4867
19100,673.8848
19101,700.1054
19102,292.57535
19103,727.8109
19104,687.38837
19105,734.2835
19106,715.0237
19107,717.005
19108,306.96967
19109,757.5885
19110,751.3884
19111,706.023
19112,319.472
19113,736.3886
19114,744.4229
19115,391.31116
19116,689.3467
19117,713.80676
19118,703.1993
19119,699.21344
19120,706.26245
19121,701.7429
19122,763.8557
19123,460.77173
19124,677.39734
19125,707.7138
19126,705.9114
19127,691.16583
19128,404.1408
19129,842.1662
19130,747.6518
19131,316.80008
19132,725.45844
19133,704.0803
19134,712.5151
19135,272.47562
19136,717.30524
19137,397.551
19138,718.4251
19139,717.75934
19140,182.36073
19141,754.67737
19142,301.79025
19143,718.4825
19144,848.2442
19145,740.77496
19146,672.1209
19147,700.72174
19148,707.9549
19149,295.5182
19150,256.3619
19151,678.73706
19152,710.2568
19153,782.17004
19154,379.0294
19155,719.3959
19156,676.56165
19157,847.3205
19158,723.79767
19159,401.90005
19160,693.1382
19161,714.5222
19162,396.90985
19163,743.8998
19164,755.6057
19165,714.0052
19166,752.04553
19167,174.79477
19168,722.03827
19169,748.5743
19170,170.29831
19171,378.67783
19172,738.5226
19173,680.30835
19174,415.79477
19175,774.78796
19176,296.82623
19177,704.1231
19178,716.0854
19179,713.69604
19180,385.7919
19181,403.3731
19182,675.8946
19183,677.05536
19184,299.4724
19185,297.87512
19186,694.4266
19187,574.5734
19188,296.60614
19189,744.2557
19190,721.0574
19191,740.5113
19192,708.8892
19193,713.7448
19194,406.9844
19195,744.76044
19196,735.52405
19197,739.53046
19198,336.7091
19199,703.0438
19200,737.20825
19201,298.4171
19202,847.3451
19203,306.2831
19204,688.90686
19205,710.0301
19206,679.9523
19207,203.83794
19208,296.27197
19209,701.83685
19210,664.7038
19211,757.1936
19212,711.5181
19213,692.2431
19214,726.99133
19215,705.04407
19216,729.72925
19217,702.5789
19218,297.93622
19219,296.84875
19220,696.0592
19221,403.15918
19222,681.17487
19223,754.49304
19224,766.05646
19225,312.81424
19226,730.1103
19227,841.4374
19228,297.25662
19229,679.95624
19230,403.19107
19231,359.01993
19232,744.5297
19233,699.5976
19234,709.91156
19235,714.8947
19236,400.02725
19237,712.52124
19238,691.1363
19239,847.0335
19240,714.802
19241,829.5198
19242,690.517
19243,736.7508
19244,507.643
19245,328.0305
19246,729.01483
19247,841.93726
19248,704.0872
19249,700.09424
19250,733.39777
19251,681.7865
19252,702.0711
19253,685.59424
19254,237.40974
19255,731.86224
19256,682.75616
19257,742.2425
19258,725.892
19259,710.5491
19260,755.69696
19261,706.45337
19262,294.6214
19263,758.5064
19264,703.0011
19265,698.57056
19266,701.5079
19267,744.23267
19268,707.70154
19269,706.97125
19270,719.9445
19271,736.6399
19272,691.2749
19273,837.88245
19274,715.21594
19275,502.3651
19276,376.4843
19277,407.47824
19278,719.4875
19279,709.1376
19280,742.8395
19281,297.05057
19282,248.07182
19283,523.6772
19284,698.10034
19285,835.0515
19286,713.7513
19287,679.294
19288,678.9253
19289,399.95688
19290,757.70624
19291,764.6663
19292,680.74304
19293,482.29727
19294,700.35095
19295,677.0415
19296,701.2464
19297,746.55255
19298,296.20096
19299,721.9777
19300,690.425
19301,701.7225
19302,712.3188
19303,747.593
19304,729.9541
19305,691.81885
19306,752.70593
19307,292.89642
19308,424.23257
19309,751.2494
19310,754.78314
19311,703.74396
19312,706.6638
19313,736.2252
19314,848.52936
19315,726.8558
19316,364.80524
19317,724.4946
19318,833.5546
19319,721.4208
19320,696.87915
19321,402.30566
19322,274.84204
19323,310.6681
19324,530.65845
19325,843.44226
19326,397.62598
19327,301.1826
19328,394.5294
19329,737.01135
19330,701.4954
19331,687.8968
19332,687.1655
19333,725.85004
19334,717.55054
19335,743.15234
19336,296.24042
19337,695.6648
19338,705.8484
19339,733.9812
19340,222.17625
19341,708.8351
19342,704.19336
19343,296.78073
19344,668.11414
19345,729.11774
19346,687.591
19347,736.0159
19348,732.3185
19349,700.7086
19350,848.97394
19351,675.36237
19352,297.35428
19353,747.0189
19354,297.92056
19355,401.68982
19356,677.64954
19357,845.044
19358,695.8542
19359,728.5713
19360,704.50024
19361,305.2037
19362,721.9616
19363,399.76608
19364,744.77936
19365,703.3065
19366,725.69366
19367,680.161
19368,522.4818
19369,684.30316
19370,742.3745
19371,295.1704
19372,732.8996
19373,747.4114
19374,399.53033
19375,849.51843
19376,723.1778
19377,685.7864
19378,758.7077
19379,716.37976
19380,716.3724
19381,710.89716
19382,780.8844
19383,734.856
19384,395.05392
19385,684.282
19386,298.24777
19387,681.3939
19388,783.3482
19389,696.936
19390,681.6902
19391,292.257
19392,742.235
19393,708.5991
19394,677.65765
19395,678.85
19396,752.8129
19397,719.4919
19398,846.6456
19399,679.6055
19400,507.66714
19401,140.77704
19402,404.04935
19403,296.7945
19404,702.1341
19405,374.25156
19406,719.69135
19407,752.81824
19408,739.6706
19409,296.9189
19410,685.09796
19411,406.05685
19412,699.3181
19413,742.14996
19414,720.44977
19415,677.6744
19416,706.7169
19417,317.07892
19418,714.46796
19419,691.9294
19420,769.60016
19421,398.48822
19422,756.50073
19423,746.06476
19424,295.1487
19425,292.2299
19426,843.89465
19427,678.25604
19428,682.48224
19429,714.71985
19430,626.8549
19431,747.7712
19432,712.2398
19433,725.228
19434,291.19733
19435,701.86597
19436,709.0164
19437,718.0229
19438,203.08165
19439,714.4889
19440,691.1368
19441,404.3073
19442,702.8378
19443,242.24915
19444,275.33398
19445,178.96474
19446,299.81473
19447,401.96628
19448,305.10327
19449,300.4065
19450,582.63184
19451,679.57117
19452,747.23395
19453,695.5303
19454,400.1436
19455,751.3794
19456,769.0522
19457,547.5183
19458,715.4623
19459,748.2203
19460,742.5951
19461,702.40967
19462,690.37805
19463,180.53244
19464,724.96936
19465,710.6102
19466,297.04468
19467,853.6842
19468,582.0893
19469,715.49176
19470,697.5388
19471,297.12952
19472,728.65314
19473,715.77985
19474,704.4926
19475,759.7645
19476,727.4743
19477,751.26373
19478,834.4943
19479,719.8728
19480,751.01556
19481,690.6816
19482,299.35175
19483,504.0279
19484,403.72803
19485,743.6207
19486,683.73004
19487,752.0281
19488,671.584
19489,398.74948
19490,704.6428
19491,749.5435
19492,696.6279
19493,740.5473
19494,701.70544
19495,401.8677
19496,398.32532
19497,293.18823
19498,705.3016
19499,686.88934
19500,297.58386
19501,724.6961
19502,235.3918
19503,702.2216
19504,703.721
19505,295.18695
19506,679.9631
19507,299.18417
19508,296.39758
19509,747.31323
19510,709.24146
19511,712.72845
19512,694.69617
19513,688.502
19514,709.86945
19515,736.75446
19516,695.2268
19517,750.8482
19518,748.0963
19519,705.07056
19520,297.74377
19521,302.5816
19522,751.2652
19523,681.0465
19524,679.0961
19525,710.3585
19526,397.0205
19527,717.37177
19528,708.63544
19529,718.12726
19530,295.50732
19531,308.00894
19532,705.4638
19533,701.79785
19534,677.42004
19535,685.02
19536,843.05945
19537,696.687
19538,692.7138
19539,705.54626
19540,295.57874
19541,749.2743
19542,402.716
19543,676.59503
19544,701.48413
19545,397.3663
19546,711.8062
19547,780.20874
19548,393.51852
19549,683.56885
19550,733.26385
19551,708.53827
19552,729.66547
19553,696.3257
19554,687.03357
19555,299.59113
19556,761.50867
19557,847.3185
19558,678.3673
19559,715.87067
19560,820.16895
19561,729.4651
19562,720.9427
19563,178.11638
19564,855.453
19565,395.02335
19566,766.3234
19567,716.31226
19568,737.24554
19569,701.74884
19570,319.82986
19571,713.2308
19572,225.21075
19573,253.05948
19574,712.64325
19575,401.15417
19576,297.88992
19577,725.5492
19578,703.23865
19579,687.26025
19580,725.3619
19581,462.26562
19582,682.87634
19583,756.013
19584,406.0397
19585,753.0613
19586,301.29877
19587,344.98682
19588,687.98596
19589,707.78375
19590,734.3644
19591,702.44696
19592,406.29645
19593,774.7962
19594,715.9228
19595,787.4837
19596,732.11957
19597,565.4713
19598,769.3356
19599,734.0792
19600,681.73737
19601,393.42993
19602,398.8948
19603,719.49207
19604,711.28
19605,683.1888
19606,749.2366
19607,676.65454
19608,715.1956
19609,731.2265
19610,310.04007
19611,715.1097
19612,720.6424
19613,404.38705
19614,706.96655
19615,736.597
19616,400.32306
19617,773.0724
19618,741.92206
19619,676.9065
19620,735.57513
19621,398.94955
19622,739.2946
19623,721.3483
19624,692.57495
19625,749.1944
19626,671.22015
19627,682.43494
19628,404.0448
19629,691.3828
19630,690.9294
19631,700.64453
19632,301.25864
19633,295.55292
19634,758.4341
19635,724.2493
19636,697.06915
19637,406.56528
19638,709.953
19639,726.0455
19640,676.97125
19641,757.3717
19642,709.7027
19643,686.5008
19644,704.2671
19645,387.874
19646,387.6989
19647,683.9067
19648,699.5602
19649,742.239
19650,710.3815
19651,679.83246
19652,301.25864
19653,681.1622
19654,719.6588
19655,733.0753
19656,390.4005
19657,293.23547
19658,685.6278
19659,682.1575
19660,702.44135
19661,753.0402
19662,696.5317
19663,705.25134
19664,709.6098
19665,302.46484
19666,699.5996
19667,683.9061
19668,720.88464
19669,706.2811
19670,723.7703
19671,398.36584
19672,294.20126
19673,713.2015
19674,533.41077
19675,404.88068
19676,711.6884
19677,682.9303
19678,402.92664
19679,683.60333
19680,296.1587
19681,727.94006
19682,850.6132
19683,301.29453
19684,773.68195
19685,705.4013
19686,162.78435
19687,293.7059
19688,751.3861
19689,687.69916
19690,704.62427
19691,271.66446
19692,710.17676
19693,701.54675
19694,686.5348
19695,766.5939
19696,291.72223
19697,692.0682
19698,854.1207
19699,300.0328
19700,704.8429
19701,703.48126
19702,298.40488
19703,677.9555
19704,677.50464
19705,750.52155
19706,401.51093
19707,751.4057
19708,704.454
19709,400.84613
19710,746.5658
19711,663.3494
19712,704.5234
19713,749.89496
19714,743.8628
19715,730.75867
19716,843.10095
19717,769.14575
19718,678.2547
19719,757.32404
19720,565.1413
19721,687.9835
19722,750.57605
19723,745.6145
19724,743.1661
19725,703.50714
19726,708.938
19727,689.3564
19728,849.4257
19729,721.3436
19730,779.36584
19731,737.99396
19732,726.4
19733,716.97107
19734,398.7763
19735,710.5998
19736,233.3406
19737,846.4533
19738,523.3469
19739,306.0855
19740,746.90076
19741,679.2043
19742,698.8872
19743,731.43555
19744,307.29453
19745,806.417
19746,719.2866
19747,705.4654
19748,728.5201
19749,705.515
19750,712.2484
19751,749.4502
19752,849.6241
19753,732.51685
19754,749.06744
19755,711.58417
19756,779.0277
19757,681.18396
19758,718.668
19759,743.7886
19760,849.4907
19761,687.04456
19762,742.2543
19763,404.74417
19764,782.4805
19765,679.3938
19766,291.7616
19767,397.73386
19768,545.49927
19769,732.19434
19770,401.82895
19771,746.4998
19772,745.7735
19773,703.86224
19774,729.9866
19775,706.1047
19776,668.2181
19777,680.9596
19778,726.80365
19779,721.2068
19780,717.5633
19781,691.54535
19782,729.44916
19783,714.4551
19784,400.41403
19785,701.01953
19786,702.3295
19787,297.4547
19788,680.69635
19789,298.87085
19790,399.78003
19791,691.6563
19792,405.9383
19793,697.37415
19794,292.9502
19795,685.956
19796,682.77704
19797,243.8707
19798,295.56183
19799,727.05835
19800,406.7598
19801,403.76544
19802,725.4741
19803,673.9517
19804,392.4173
19805,391.20453
19806,714.3916
19807,734.7589
19808,675.46277
19809,680.8598
19810,682.62445
19811,305.53442
19812,697.4049
19813,394.36157
19814,303.70633
19815,756.37604
19816,727.26794
19817,685.7928
19818,735.6827
19819,679.67145
19820,733.29895
19821,704.7762
19822,727.07434
19823,683.14777
19824,733.5229
19825,753.8571
19826,385.38132
19827,683.2479
19828,392.77057
19829,182.86504
19830,298.2841
19831,678.0552
19832,303.9074
19833,269.04602
19834,440.46896
19835,257.7702
19836,704.90076
19837,687.7754
19838,847.5492
19839,730.195
19840,237.14671
19841,724.4338
19842,720.2246
19843,676.58246
19844,670.1471
19845,753.0118
19846,403.54654
19847,723.35956
19848,660.9202
19849,367.74915
19850,722.4104
19851,403.6811
19852,730.2698
19853,405.94742
19854,714.3297
19855,749.17786
19856,591.04504
19857,785.6511
19858,718.6058
19859,290.73303
19860,703.94336
19861,723.15784
19862,407.6331
19863,326.5012
19864,715.0974
19865,710.13605
19866,675.86334
19867,744.3738
19868,674.82056
19869,517.7926
19870,366.86246
19871,696.48804
19872,766.13104
19873,224.06496
19874,751.2254
19875,720.7799
19876,719.3875
19877,722.69556
19878,395.64783
19879,702.73773
19880,745.25836
19881,848.2656
19882,458.85355
19883,672.8745
19884,676.7546
19885,731.6725
19886,710.11414
19887,710.284
19888,697.3208
19889,687.773
19890,400.70322
19891,401.06558
19892,735.8116
19893,738.6702
19894,708.23987
19895,706.02966
19896,743.43463
19897,710.4507
19898,718.0648
19899,716.2444
19900,398.51822
19901,765.96185
19902,745.8126
19903,738.42706
19904,737.2384
19905,296.10333
19906,701.41284
19907,706.50336
19908,679.0277
19909,697.92377
19910,445.37976
19911,698.4998
19912,752.63275
19913,849.7855
19914,712.674
19915,300.16162
19916,288.92487
19917,682.29913
19918,739.9771
19919,849.6628
19920,733.3176
19921,692.59955
19922,842.76404
19923,702.302
19924,412.39355
19925,703.9369
19926,723.26105
19927,387.2252
19928,826.43866
19929,709.1654
19930,741.5299
19931,399.05017
19932,680.9989
19933,403.81647
19934,751.41974
19935,739.8581
19936,734.4882
19937,702.25525
19938,735.2397
19939,683.21375
19940,692.7294
19941,725.14124
19942,399.22174
19943,284.35175
19944,686.8354
19945,751.23737
19946,147.15034
19947,780.3362
19948,724.58246
19949,735.573
19950,673.63824
19951,727.3214
19952,409.22876
19953,243.75612
19954,750.5458
19955,402.76215
19956,407.35425
19957,711.48706
19958,178.92422
19959,690.7619
19960,712.37933
19961,850.3366
19962,218.71259
19963,294.31262
19964,681.4376
19965,847.6088
19966,393.23602
19967,738.32166
19968,732.452
19969,747.33624
19970,745.9662
19971,289.95813
19972,700.338
19973,296.68253
19974,705.396
19975,686.79236
19976,712.34174
19977,704.3765
19978,297.13968
19979,683.9482
19980,730.53894
19981,413.03903
19982,680.9111
19983,255.01682
19984,765.5478
19985,292.6436
19986,673.5341
19987,728.15173
19988,719.07635
19989,719.52045
19990,752.0245
19991,679.87103
19992,682.1439
19993,751.5072
19994,735.2098
19995,401.16376
19996,297.1919
19997,276.34793
19998,274.18256
19999,752.24927
20000,767.8246
20001,663.55865
20002,360.26727
20003,730.9598
20004,295.5478
20005,680.9603
20006,758.6568
20007,520.8536
20008,295.22058
20009,772.3847
20010,374.54633
20011,399.88736
20012,696.8635
20013,405.5356
20014,687.8428
20015,677.727
20016,694.29193
20017,396.73245
20018,716.6163
20019,561.6858
20020,311.17374
20021,680.1159
20022,769.1806
20023,721.9617
20024,681.4531
20025,737.32935
20026,714.0109
20027,402.61295
20028,736.4664
20029,776.77527
20030,407.2716
20031,289.75034
20032,719.2014
20033,678.97473
20034,753.293
20035,681.18823
20036,710.1919
20037,394.0659
20038,378.8554
20039,690.01306
20040,712.26984
20041,301.13474
20042,753.9131
20043,719.36597
20044,713.9752
20045,706.21783
20046,702.5107
20047,407.9808
20048,680.3795
20049,726.14734
20050,300.54132
20051,717.55286
20052,299.37515
20053,171.13905
20054,401.8566
20055,742.902
20056,400.75015
20057,237.76183
20058,713.6814
20059,303.37576
20060,702.18066
20061,696.99774
20062,710.7205
20063,404.5551
20064,689.8836
20065,406.36716
20066,749.1599
20067,405.64075
20068,759.0559
20069,682.19635
20070,399.01266
20071,716.17596
20072,684.805
20073,851.9856
20074,706.63983
20075,702.7424
20076,749.2545
20077,701.2228
20078,705.81915
20079,729.61444
20080,715.11206
20081,297.8576
20082,730.9864
20083,404.0506
20084,405.46024
20085,731.8282
20086,263.00632
20087,717.4986
20088,771.24854
20089,259.4998
20090,698.02454
20091,737.4975
20092,634.2641
20093,675.9024
20094,752.3608
20095,404.22147
20096,707.2633
20097,725.358
20098,678.5648
20099,847.075
20100,717.5059
20101,747.31976
20102,260.0201
20103,703.93604
20104,724.98676
20105,712.3912
20106,732.0454
20107,841.06146
20108,696.22424
20109,762.775
20110,842.01294
20111,681.2514
20112,723.5535
20113,805.46924
20114,717.34863
20115,751.2036
20116,706.04504
20117,727.8892
20118,711.3324
20119,847.3692
20120,676.96594
20121,776.9154
20122,704.2188
20123,722.95026
20124,722.66974
20125,268.5357
20126,692.21765
20127,708.7413
20128,403.5107
20129,697.1335
20130,699.8648
20131,850.83514
20132,753.7761
20133,403.53534
20134,700.17413
20135,285.68155
20136,723.3071
20137,742.63226
20138,315.2245
20139,680.7606
20140,742.96735
20141,702.7695
20142,843.70184
20143,708.3266
20144,702.75714
20145,175.6288
20146,724.96985
20147,750.0309
20148,718.8623
20149,305.793
20150,755.20654
20151,683.4194
20152,176.49857
20153,690.8944
20154,731.58496
20155,772.5378
20156,297.42526
20157,726.7603
20158,701.77075
20159,300.34366
20160,724.3329
20161,703.7951
20162,720.4906
20163,673.4644
20164,654.35034
20165,300.88126
20166,298.08295
20167,752.95044
20168,686.4173
20169,724.20496
20170,715.686
20171,397.1281
20172,406.5329
20173,757.4297
20174,843.95184
20175,703.39233
20176,295.5049
20177,297.02637
20178,848.03577
20179,742.34534
20180,716.76526
20181,755.11584
20182,457.0361
20183,723.69434
20184,712.9938
20185,704.9171
20186,254.59775
20187,703.2801
20188,402.43704
20189,401.59775
20190,682.8608
20191,673.51794
20192,683.237
20193,703.57166
20194,706.1723
20195,728.1825
20196,401.03662
20197,763.9392
20198,703.0329
20199,686.1198
20200,749.5708
20201,184.61555
20202,734.3602
20203,702.97235
20204,683.8488
20205,700.4713
20206,748.5675
20207,760.0703
20208,728.65814
20209,706.3524
20210,704.0688
20211,178.94154
20212,403.3403
20213,296.61594
20214,745.2909
20215,761.76733
20216,704.6596
20217,699.3311
20218,701.7983
20219,750.7842
20220,730.6156
20221,723.852
20222,711.0011
20223,736.5952
20224,691.8363
20225,761.34125
20226,712.3087
20227,396.9797
20228,704.767
20229,705.07196
20230,737.20337
20231,714.11365
20232,684.1319
20233,302.57764
20234,730.86304
20235,574.7011
20236,573.13745
20237,677.865
20238,739.9743
20239,681.6243
20240,720.182
20241,689.5671
20242,737.9086
20243,682.7889
20244,707.70026
20245,741.329
20246,297.58255
20247,701.9339
20248,702.4706
20249,680.27686
20250,705.42676
20251,687.68066
20252,677.9007
20253,686.8625
20254,704.5969
20255,775.4735
20256,304.85776
20257,682.53815
20258,297.42126
20259,674.6463
20260,703.9821
20261,685.21716
20262,709.9805
20263,709.55756
20264,187.87025
20265,848.1396
20266,686.1924
20267,762.928
20268,402.6591
20269,779.1425
20270,747.51636
20271,835.7001
20272,702.3867
20273,403.77643
20274,700.4891
20275,709.6721
20276,394.99313
20277,711.3868
20278,724.57214
20279,695.67694
20280,724.6812
20281,757.2389
20282,701.88226
20283,289.66928
20284,283.05313
20285,715.3588
20286,672.18677
20287,852.7882
20288,680.2025
20289,719.8612
20290,289.60513
20291,750.0898
20292,403.83286
20293,682.7469
20294,701.434
20295,745.18274
20296,776.4039
20297,766.71204
20298,706.8934
20299,685.93915
20300,679.96387
20301,729.31006
20302,741.04095
20303,718.2346
20304,296.7928
20305,702.2676
20306,297.99243
20307,753.3391
20308,706.18756
20309,398.05896
20310,711.98413
20311,709.28815
20312,847.7353
20313,690.2004
20314,726.31506
20315,181.52461
20316,697.6963
20317,402.87308
20318,731.053
20319,690.85706
20320,300.1023
20321,699.8065
20322,408.94272
20323,382.43634
20324,675.5333
20325,731.182
20326,844.21796
20327,402.03415
20328,312.7911
20329,701.8964
20330,697.54614
20331,767.29004
20332,199.9263
20333,299.58386
20334,828.9481
20335,743.78827
20336,703.0647
20337,847.20044
20338,719.3054
20339,703.34686
20340,707.34064
20341,734.8138
20342,335.36673
20343,726.05774
20344,787.11176
20345,732.50525
20346,405.6288
20347,712.314
20348,182.41202
20349,399.40384
20350,725.8738
20351,748.3706
20352,721.3764
20353,840.4274
20354,688.116
20355,710.46185
20356,303.42438
20357,259.03665
20358,181.38799
20359,299.1344
20360,394.30396
20361,725.75287
20362,747.74316
20363,388.6668
20364,846.7241
20365,181.9661
20366,715.46173
20367,718.6926
20368,739.35596
20369,737.73724
20370,709.4853
20371,731.5738
20372,703.6752
20373,731.10834
20374,301.3334
20375,726.1744
20376,726.4242
20377,712.90936
20378,720.13544
20379,659.26117
20380,723.2008
20381,721.4271
20382,737.2669
20383,729.7954
20384,544.89575
20385,665.95526
20386,400.54813
20387,682.25256
20388,756.1754
20389,724.3124
20390,404.33994
20391,687.3701
20392,400.86963
20393,404.09906
20394,714.861
20395,647.1821
20396,745.332
20397,736.30804
20398,733.18964
20399,295.64905
20400,696.3931
20401,750.6456
20402,737.8274
20403,856.1679
20404,708.1747
20405,751.5038
20406,401.52393
20407,727.5498
20408,749.56476
20409,735.93066
20410,300.53348
20411,721.5784
20412,682.229
20413,699.88116
20414,297.4948
20415,254.7512
20416,677.9221
20417,723.74146
20418,387.07526
20419,733.00995
20420,299.35352
20421,698.49567
20422,680.07214
20423,685.236
20424,676.8614
20425,844.21844
20426,705.1406
20427,530.2934
20428,681.7195
20429,291.8712
20430,683.27386
20431,163.24171
20432,695.99066
20433,403.0219
20434,751.8078
20435,755.7449
20436,754.9443
20437,733.1113
20438,405.04337
20439,748.1728
20440,720.6572
20441,779.7973
20442,297.53653
20443,703.8398
20444,298.5697
20445,727.3463
20446,712.9647
20447,765.5497
20448,712.95135
20449,719.4218
20450,680.07947
20451,390.18756
20452,741.3425
20453,760.0121
20454,705.9824
20455,742.6126
20456,771.3524
20457,709.2505
20458,742.5488
20459,754.7344
20460,518.24084
20461,284.69708
20462,711.83307
20463,391.51218
20464,747.73517
20465,756.8503
20466,167.29845
20467,695.9594
20468,679.26624
20469,701.6762
20470,699.16736
20471,728.98505
20472,734.1202
20473,682.2294
20474,699.9435
20475,663.9056
20476,726.69574
20477,770.3654
20478,681.02673
20479,695.08405
20480,686.5502
20481,720.5084
20482,704.66315
20483,672.99384
20484,747.6267
20485,720.6736
20486,680.9777
20487,736.69696
20488,751.421
20489,701.56134
20490,787.1232
20491,718.3757
20492,700.71295
20493,311.48666
20494,508.68814
20495,397.26843
20496,723.3068
20497,739.9174
20498,715.8119
20499,683.737
20500,675.28516
20501,401.389
20502,850.35767
20503,752.48486
20504,724.70404
20505,689.3931
20506,720.74036
20507,697.51996
20508,775.8749
20509,295.20212
20510,708.4589
20511,395.74725
20512,748.7402
20513,695.7074
20514,744.0303
20515,700.4846
20516,702.97424
20517,393.8222
20518,701.4903
20519,735.48645
20520,709.8477
20521,775.0916
20522,705.51587
20523,693.2192
20524,400.85907
20525,843.7939
20526,750.62555
20527,692.6308
20528,705.7914
20529,506.5853
20530,746.89197
20531,682.1177
20532,681.4165
20533,717.4147
20534,718.67993
20535,702.17285
20536,706.83514
20537,401.4014
20538,695.6992
20539,509.46973
20540,404.84985
20541,704.1511
20542,401.01086
20543,704.91223
20544,714.7521
20545,700.1473
20546,679.48364
20547,703.9264
20548,711.089
20549,833.37366
20550,296.12494
20551,742.6729
20552,770.43243
20553,708.6722
20554,400.05753
20555,306.98264
20556,729.7419
20557,741.0917
20558,747.82477
20559,721.5062
20560,733.4755
20561,404.01395
20562,676.5126
20563,725.7349
20564,700.7101
20565,719.79
20566,701.49066
20567,732.4905
20568,675.8514
20569,676.6897
20570,746.3676
20571,683.5275
20572,697.41284
20573,714.8743
20574,739.9965
20575,844.7768
20576,296.8409
20577,751.3347
20578,743.42535
20579,688.1038
20580,708.1884
20581,729.27057
20582,502.98468
20583,840.629
20584,189.41154
20585,711.87177
20586,729.3519
20587,743.7743
20588,298.49277
20589,803.4112
20590,690.72015
20591,678.4943
20592,683.38916
20593,723.3939
20594,840.1086
20595,405.59177
20596,399.14615
20597,508.65054
20598,481.45663
20599,707.6533
20600,736.65906
20601,412.1055
20602,677.5909
20603,745.1208
20604,677.56976
20605,700.1638
20606,755.39575
20607,299.19595
20608,709.44196
20609,678.95026
20610,741.0406
20611,689.32465
20612,685.62177
20613,700.1763
20614,701.02783
20615,676.8598
20616,528.97363
20617,296.7314
20618,680.3437
20619,703.696
20620,727.80884
20621,239.00377
20622,708.5407
20623,704.94684
20624,684.89105
20625,558.5196
20626,703.7198
20627,296.2495
20628,686.35706
20629,740.33545
20630,686.66534
20631,676.3755
20632,303.7615
20633,680.9809
20634,672.01215
20635,689.90295
20636,773.5187
20637,679.8742
20638,704.0359
20639,705.5953
20640,749.6733
20641,750.43665
20642,746.1604
20643,848.1502
20644,702.6076
20645,765.8075
20646,739.28174
20647,461.10443
20648,400.24185
20649,740.5963
20650,754.3737
20651,398.36465
20652,702.19507
20653,711.03937
20654,402.6028
20655,297.63815
20656,754.1924
20657,728.54504
20658,729.7291
20659,148.31245
20660,761.89
20661,720.5276
20662,735.8277
20663,687.3522
20664,689.45044
20665,677.5353
20666,402.59354
20667,672.4434
20668,678.9327
20669,759.9428
20670,709.649
20671,510.64307
20672,701.7117
20673,400.24652
20674,315.0369
20675,698.355
20676,738.40466
20677,843.2413
20678,733.78796
20679,833.99884
20680,390.91675
20681,849.57996
20682,801.5763
20683,724.02277
20684,176.9856
20685,718.33844
20686,703.1861
20687,752.8684
20688,743.47845
20689,701.7441
20690,302.634
20691,699.5285
20692,684.21924
20693,227.30151
20694,689.54944
20695,678.3457
20696,719.8201
20697,677.83997
20698,404.56854
20699,677.6693
20700,401.5937
20701,708.7023
20702,522.4784
20703,740.9575
20704,750.72644
20705,417.79517
20706,684.0175
20707,851.93365
20708,297.42526
20709,846.2793
20710,728.95874
20711,726.07056
20712,262.29688
20713,755.4605
20714,692.89124
20715,675.1013
20716,690.90656
20717,706.2002
20718,679.8106
20719,749.82404
20720,694.72644
20721,296.6923
20722,715.3681
20723,687.0767
20724,401.85455
20725,736.79846
20726,681.0822
20727,678.7302
20728,704.9276
20729,181.9144
20730,692.77686
20731,707.26624
20732,184.61438
20733,682.3597
20734,715.7332
20735,697.75903
20736,725.05664
20737,759.95294
20738,238.55974
20739,171.4267
20740,751.841
20741,299.02606
20742,746.0983
20743,727.9563
20744,726.6776
20745,844.66223
20746,565.4602
20747,393.3816
20748,250.91103
20749,410.64725
20750,677.66016
20751,681.7437
20752,722.76746
20753,404.69144
20754,702.44775
20755,399.99716
20756,733.6974
20757,739.8949
20758,732.33093
20759,397.36362
20760,716.40607
20761,673.1616
20762,677.9908
20763,299.64413
20764,312.24304
20765,677.85486
20766,679.5731
20767,698.5651
20768,716.0289
20769,735.56195
20770,298.5715
20771,295.4339
20772,403.0327
20773,294.79166
20774,305.98468
20775,503.71976
20776,426.84753
20777,704.5073
20778,705.2092
20779,484.56906
20780,701.7314
20781,693.77985
20782,398.72955
20783,723.373
20784,701.42487
20785,703.617
20786,525.01843
20787,458.318
20788,689.9962
20789,680.8572
20790,298.09564
20791,213.92572
20792,704.4301
20793,297.66858
20794,709.60236
20795,295.9833
20796,402.03015
20797,790.80334
20798,849.8963
20799,280.11813
20800,400.2246
20801,726.847
20802,301.03833
20803,689.41284
20804,706.2929
20805,294.77792
20806,702.9532
20807,700.3872
20808,400.70047
20809,738.3618
20810,684.4183
20811,766.6098
20812,394.12427
20813,398.93387
20814,307.04126
20815,754.0354
20816,746.7659
20817,741.4932
20818,267.49194
20819,701.03424
20820,750.6339
20821,749.7547
20822,680.2841
20823,757.9474
20824,303.02573
20825,693.1344
20826,719.7374
20827,704.0942
20828,689.4818
20829,398.5193
20830,852.8947
20831,742.8397
20832,703.7528
20833,685.2807
20834,396.4405
20835,714.8061
20836,304.5336
20837,691.9684
20838,772.39996
20839,844.0585
20840,685.0219
20841,402.71167
20842,708.1628
20843,755.47406
20844,724.7365
20845,839.7846
20846,706.0738
20847,686.0352
20848,703.6174
20849,746.03046
20850,396.9025
20851,846.57605
20852,175.64595
20853,294.1134
20854,762.7146
20855,684.7872
20856,680.3206
20857,728.8423
20858,702.3815
20859,692.1203
20860,734.6929
20861,722.2152
20862,178.74768
20863,401.41702
20864,703.7224
20865,754.512
20866,395.7477
20867,684.28046
20868,666.5121
20869,724.53046
20870,718.84143
20871,255.33012
20872,699.4948
20873,730.30115
20874,671.0693
20875,705.60876
20876,704.3683
20877,732.4557
20878,715.3688
20879,702.5361
20880,754.7039
20881,497.37686
20882,674.37897
20883,504.03516
20884,760.1289
20885,713.7301
20886,619.04224
20887,481.47238
20888,687.265
20889,681.8831
20890,701.8663
20891,303.5757
20892,393.58368
20893,727.4551
20894,298.11588
20895,694.09607
20896,718.1658
20897,291.29727
20898,707.83154
20899,806.3911
20900,700.6742
20901,697.4439
20902,729.1588
20903,684.62915
20904,730.9852
20905,748.556
20906,297.51495
20907,703.971
20908,715.36273
20909,743.31573
20910,398.68887
20911,713.3112
20912,754.0167
20913,307.44238
20914,674.09564
20915,399.31168
20916,299.89386
20917,742.7697
20918,705.3444
20919,848.3162
20920,679.8709
20921,404.2937
20922,749.9818
20923,702.2235
20924,764.6301
20925,752.7793
20926,296.2495
20927,730.0861
20928,696.01624
20929,718.77216
20930,767.00995
20931,300.60248
20932,755.2636
20933,850.6648
20934,746.1077
20935,235.13148
20936,483.7774
20937,708.84283
20938,400.42838
20939,726.94666
20940,254.88887
20941,297.0511
20942,709.0203
20943,721.2332
20944,677.3576
20945,175.90811
20946,682.9295
20947,298.70087
20948,741.58246
20949,781.09564
20950,717.7748
20951,700.6107
20952,687.6694
20953,729.2686
20954,748.2711
20955,688.4151
20956,702.78467
20957,403.1099
20958,733.01526
20959,755.30707
20960,695.89954
20961,728.65643
20962,724.9348
20963,397.64938
20964,712.7179
20965,680.1999
20966,661.2772
20967,400.63074
20968,732.5283
20969,174.65192
20970,713.2344
20971,402.87662
20972,747.05164
20973,706.38513
20974,752.99927
20975,715.12415
20976,402.0921
20977,757.43744
20978,747.2978
20979,717.5741
20980,697.254
20981,742.59204
20982,729.20325
20983,749.0784
20984,700.9792
20985,715.14545
20986,718.6645
20987,679.4192
20988,292.9701
20989,394.55887
20990,299.71292
20991,724.76196
20992,713.0028
20993,265.55435
20994,294.97217
20995,703.57117
20996,715.2449
20997,702.699
20998,236.8479
20999,296.43445
21000,845.7346
21001,776.8874
21002,707.6711
21003,700.9157
21004,705.8805
21005,726.4491
21006,399.5349
21007,733.7065
21008,846.7631
21009,295.66284
21010,749.89014
21011,751.1825
21012,699.6181
21013,730.8547
21014,728.16034
21015,714.9691
21016,237.81026
21017,768.03894
21018,742.104
21019,159.12593
21020,731.58813
21021,716.5119
21022,717.082
21023,399.93375
21024,769.23456
21025,702.71423
21026,295.99594
21027,845.79114
21028,299.60376
21029,221.51045
21030,750.38245
21031,779.4658
21032,685.1928
21033,697.6608
21034,711.6419
21035,767.5146
21036,712.6322
21037,845.9837
21038,685.85645
21039,703.7439
21040,705.5839
21041,732.55597
21042,397.14203
21043,678.0106
21044,847.77686
21045,752.7485
21046,690.2725
21047,756.5466
21048,755.522
21049,301.83035
21050,534.71594
21051,841.49774
21052,668.42145
21053,225.87985
21054,735.6587
21055,709.56396
21056,683.81226
21057,688.98193
21058,681.1805
21059,720.5807
21060,677.53876
21061,278.95685
21062,253.34045
21063,685.62006
21064,679.58215
21065,724.5132
21066,769.74304
21067,693.2105
21068,732.0229
21069,457.7289
21070,719.5204
21071,732.2499
21072,702.35333
21073,732.9838
21074,683.74005
21075,482.54858
21076,395.84378
21077,750.5924
21078,676.8281
21079,764.5829
21080,705.09674
21081,364.48184
21082,710.76196
21083,730.36896
21084,703.0609
21085,722.42084
21086,678.0965
21087,750.79193
21088,683.5239
21089,402.87897
21090,400.2306
21091,405.44955
21092,748.92267
21093,709.55023
21094,303.39413
21095,755.0413
21096,742.3108
21097,293.17633
21098,675.5786
21099,721.4422
21100,707.8886
21101,359.3426
21102,724.02686
21103,692.33167
21104,298.89203
21105,720.76764
21106,707.52106
21107,724.61865
21108,732.6813
21109,669.35187
21110,297.40857
21111,358.56216
21112,708.5227
21113,683.3945
21114,722.62225
21115,710.5164
21116,839.3061
21117,761.3512
21118,715.2232
21119,846.55994
21120,673.55023
21121,300.31406
21122,679.74945
21123,439.89874
21124,706.849
21125,665.1127
21126,743.8108
21127,730.0617
21128,401.37723
21129,846.9984
21130,713.1971
21131,843.596
21132,678.7219
21133,745.7268
21134,237.14671
21135,299.47015
21136,740.2269
21137,726.72345
21138,748.8763
21139,677.54785
21140,767.0719
21141,257.11234
21142,750.4928
21143,848.909
21144,748.539
21145,406.76895
21146,701.95374
21147,848.4311
21148,734.3817
21149,680.50323
21150,726.1468
21151,368.85696
21152,703.7523
21153,721.16406
21154,725.9981
21155,742.97723
21156,687.90753
21157,282.9963
21158,708.863
21159,691.72406
21160,296.35498
21161,831.9976
21162,684.6957
21163,712.17847
21164,526.32214
21165,713.0648
21166,294.6214
21167,721.9558
21168,703.64874
21169,677.72644
21170,708.2349
21171,703.5247
21172,760.1539
21173,684.16785
21174,287.7692
21175,400.30988
21176,746.58813
21177,667.9888
21178,554.54254
21179,688.7483
21180,683.10345
21181,733.96655
21182,403.64713
21183,387.89337
21184,712.2335
21185,673.2625
21186,705.8878
21187,760.59766
21188,685.86414
21189,173.04298
21190,691.9045
21191,291.84872
21192,723.0806
21193,733.6376
21194,729.65375
21195,252.42474
21196,828.1917
21197,831.13794
21198,705.3696
21199,689.54974
21200,707.19586
21201,729.6632
21202,305.0666
21203,683.7327
21204,293.00613
21205,694.30365
21206,751.8894
21207,700.3884
21208,847.93964
21209,734.3364
21210,727.0141
21211,847.38477
21212,774.8369
21213,718.41644
21214,718.9888
21215,216.18878
21216,697.7368
21217,700.85895
21218,748.2931
21219,712.0881
21220,715.1701
21221,761.94904
21222,705.7662
21223,686.1484
21224,691.0896
21225,504.03714
21226,700.8846
21227,678.7359
21228,745.1781
21229,849.8729
21230,401.72977
21231,719.07446
21232,726.8169
21233,717.34656
21234,703.93225
21235,681.036
21236,305.34937
21237,382.93808
21238,175.6288
21239,767.3984
21240,714.5332
21241,713.6989
21242,402.27524
21243,300.92596
21244,733.71893
21245,401.18082
21246,674.3291
21247,716.87604
21248,366.897
21249,751.1112
21250,405.02164
21251,776.0043
21252,707.2134
21253,687.78973
21254,665.5757
21255,715.846
21256,729.5551
21257,732.6387
21258,836.45044
21259,706.5234
21260,692.9107
21261,727.69446
21262,247.10942
21263,693.80865
21264,741.47595
21265,718.78485
21266,749.01196
21267,837.76843
21268,681.9469
21269,744.5212
21270,680.47894
21271,722.97
21272,693.7833
21273,373.40463
21274,725.2532
21275,398.1305
21276,736.8599
21277,373.6984
21278,755.41675
21279,400.4546
21280,750.20746
21281,306.2299
21282,688.28577
21283,681.9356
21284,705.08826
21285,510.97324
21286,398.18713
21287,748.3611
21288,397.58475
21289,406.7214
21290,289.4526
21291,724.1485
21292,708.4832
21293,688.0066
21294,716.5205
21295,401.9664
21296,699.86694
21297,737.4235
21298,750.22784
21299,697.06
21300,705.6679
21301,703.23145
21302,733.9666
21303,238.10907
21304,713.0076
21305,704.07526
21306,747.7688
21307,843.89417
21308,729.8276
21309,279.48007
21310,679.2475
21311,401.09177
21312,768.5696
21313,685.26215
21314,679.4333
21315,720.9267
21316,279.47327
21317,237.14671
21318,850.09595
21319,758.9435
21320,162.78435
21321,275.7037
21322,850.50433
21323,697.49493
21324,734.2471
21325,700.3641
21326,744.1437
21327,744.7804
21328,400.4548
21329,741.89655
21330,690.34424
21331,723.4795
21332,737.7444
21333,728.11163
21334,684.9763
21335,295.02234
21336,705.3592
21337,705.7613
21338,737.20593
21339,731.4327
21340,402.17233
21341,681.2129
21342,730.54596
21343,703.7171
21344,221.42604
21345,688.13605
21346,708.26746
21347,700.52374
21348,293.21173
21349,750.1542
21350,399.9611
21351,698.93445
21352,714.2813
21353,678.4718
21354,399.78638
21355,179.88689
21356,740.93726
21357,680.3526
21358,559.89355
21359,779.53284
21360,296.99515
21361,297.09555
21362,723.20447
21363,684.76886
21364,705.5887
21365,666.19366
21366,848.3243
21367,746.1882
21368,744.9724
21369,704.23083
21370,716.9174
21371,685.9462
21372,747.77045
21373,400.81033
21374,675.98096
21375,720.1682
21376,702.09155
21377,851.1678
21378,704.9299
21379,733.5754
21380,754.5167
21381,567.5717
21382,396.21487
21383,681.87006
21384,732.7277
21385,732.7356
21386,678.98456
21387,714.2862
21388,708.32166
21389,543.2708
21390,398.95782
21391,298.14825
21392,397.6134
21393,255.27606
21394,696.9248
21395,399.62683
21396,678.3052
21397,728.8462
21398,729.73883
21399,703.63745
21400,702.9537
21401,705.55457
21402,743.33606
21403,675.5723
21404,298.77982
21405,651.8737
21406,701.4635
21407,743.6587
21408,710.28455
21409,677.73755
21410,846.4089
21411,670.62244
21412,705.8961
21413,687.9649
21414,298.62772
21415,551.7745
21416,846.4667
21417,397.09485
21418,750.1238
21419,395.38354
21420,384.8946
21421,702.0023
21422,302.0169
21423,700.8316
21424,718.3719
21425,407.051
21426,847.3196
21427,719.0285
21428,701.0014
21429,720.9654
21430,299.0196
21431,693.65955
21432,733.1458
21433,231.0112
21434,730.3447
21435,734.1921
21436,705.14844
21437,704.88684
21438,685.0634
21439,704.2982
21440,844.3175
21441,679.5453
21442,726.67377
21443,404.59
21444,742.9072
21445,751.1476
21446,300.96558
21447,699.2442
21448,399.70624
21449,297.6709
21450,712.998
21451,705.76416
21452,759.56256
21453,678.04517
21454,773.46246
21455,710.92
21456,744.2316
21457,728.02936
21458,707.272
21459,704.34717
21460,703.4313
21461,727.80963
21462,294.99075
21463,683.3241
21464,730.7664
21465,708.635
21466,680.09674
21467,187.07698
21468,710.9949
21469,692.41425
21470,681.2768
21471,728.28125
21472,701.4856
21473,716.1021
21474,750.3283
21475,299.45895
21476,723.5831
21477,793.48804
21478,786.4189
21479,751.9628
21480,295.98615
21481,710.8719
21482,702.5988
21483,711.31024
21484,703.04736
21485,731.7009
21486,680.01556
21487,700.8764
21488,276.70572
21489,779.1056
21490,685.2957
21491,298.89175
21492,736.5771
21493,774.2931
21494,725.6198
21495,736.30115
21496,751.39343
21497,299.391
21498,737.77386
21499,723.5495
21500,683.12885
21501,302.57764
21502,687.63306
21503,261.62885
21504,846.2372
21505,699.33624
21506,399.8989
21507,724.5407
21508,720.1461
21509,401.96
21510,747.0702
21511,697.9266
21512,298.21634
21513,736.51184
21514,766.8114
21515,694.2813
21516,682.779
21517,700.7781
21518,728.2391
21519,400.62906
21520,850.7407
21521,252.89113
21522,719.37396
21523,707.2739
21524,734.6066
21525,751.3098
21526,731.2164
21527,297.4884
21528,299.36078
21529,702.7889
21530,748.58673
21531,300.39072
21532,723.8597
21533,740.63165
21534,710.278
21535,725.6783
21536,486.3326
21537,672.2996
21538,403.24557
21539,757.2828
21540,700.8822
21541,752.6104
21542,742.38635
21543,705.80566
21544,399.94223
21545,713.9067
21546,775.63477
21547,734.73456
21548,719.6902
21549,676.72235
21550,725.127
21551,677.5314
21552,674.49854
21553,696.6301
21554,697.95685
21555,678.1356
21556,712.18616
21557,833.2911
21558,180.65166
21559,702.95294
21560,682.1006
21561,734.3668
21562,673.51056
21563,298.73837
21564,460.64005
21565,720.9085
21566,718.0216
21567,399.50906
21568,696.66437
21569,182.36073
21570,728.1388
21571,402.02325
21572,680.03143
21573,728.201
21574,403.85352
21575,140.52893
21576,293.87506
21577,400.17328
21578,298.7353
21579,707.06635
21580,675.5134
21581,740.6014
21582,739.7281
21583,170.60379
21584,848.469
21585,720.0644
21586,399.2222
21587,230.94087
21588,292.19434
21589,704.86487
21590,747.96747
21591,700.8302
21592,290.84012
21593,212.28474
21594,748.7139
21595,380.7033
21596,838.1004
21597,688.25745
21598,686.46906
21599,838.56793
21600,700.84467
21601,391.15646
21602,719.0489
21603,701.25305
21604,745.8489
21605,722.13916
21606,698.4925
21607,724.6773
21608,745.1877
21609,762.5693
21610,748.3628
21611,142.1208
21612,784.30444
21613,745.3194
21614,693.77826
21615,704.01245
21616,690.4099
21617,719.745
21618,737.6079
21619,753.65375
21620,683.41437
21621,741.10254
21622,278.39355
21623,712.8623
21624,724.5013
21625,682.1167
21626,668.7283
21627,744.909
21628,303.39413
21629,395.33267
21630,742.568
21631,676.1857
21632,723.03845
21633,712.1479
21634,704.0392
21635,703.6908
21636,847.90326
21637,700.949
21638,717.14667
21639,704.47736
21640,404.58716
21641,405.5986
21642,557.1336
21643,680.237
21644,714.2052
21645,811.2824
21646,295.29843
21647,728.1004
21648,384.7996
21649,721.1941
21650,770.1001
21651,236.60403
21652,402.68082
21653,730.08093
21654,700.42377
21655,736.5775
21656,695.2759
21657,678.0375
21658,754.69934
21659,712.9167
21660,309.76965
21661,396.83783
21662,276.26166
21663,713.4971
21664,720.92944
21665,752.77356
21666,704.2743
21667,766.4497
21668,399.39386
21669,715.845
21670,189.28476
21671,714.0544
21672,732.129
21673,401.58142
21674,173.05722
21675,781.53094
21676,719.1112
21677,844.35364
21678,743.19684
21679,742.79803
21680,678.9586
21681,680.94806
21682,715.3572
21683,298.41486
21684,263.00632
21685,694.07104
21686,705.6196
21687,702.8682
21688,686.1872
21689,679.5631
21690,694.3252
21691,727.3027
21692,307.76053
21693,741.69507
21694,720.34424
21695,685.8215
21696,707.065
21697,809.829
21698,740.39966
21699,721.9993
21700,686.69836
21701,335.63895
21702,682.968
21703,749.59845
21704,293.5797
21705,730.5445
21706,722.6844
21707,693.0459
21708,734.2161
21709,723.5287
21710,258.48465
21711,700.6297
21712,685.8066
21713,703.736
21714,297.02637
21715,407.1279
21716,715.22064
21717,779.19336
21718,722.46265
21719,752.66
21720,743.1002
21721,682.7236
21722,296.71957
21723,720.6844
21724,689.3498
21725,733.0857
21726,681.2019
21727,746.6745
21728,364.9581
21729,680.28314
21730,299.56912
21731,844.7552
21732,706.5878
21733,714.3459
21734,293.44852
21735,752.9288
21736,850.6021
21737,686.8487
21738,709.1565
21739,728.6738
21740,405.34735
21741,624.0987
21742,678.8626
21743,703.72345
21744,703.40393
21745,703.08734
21746,300.20853
21747,716.81036
21748,175.0555
21749,702.1224
21750,849.6544
21751,403.95
21752,746.87585
21753,663.3872
21754,398.10217
21755,488.26028
21756,758.6992
21757,299.10803
21758,744.448
21759,525.5066
21760,677.6602
21761,715.6877
21762,733.2475
21763,751.7073
21764,681.89844
21765,779.7101
21766,291.05322
21767,396.2699
21768,697.38574
21769,778.04266
21770,702.30493
21771,679.0328
21772,666.3741
21773,697.1901
21774,704.95044
21775,402.444
21776,395.7312
21777,698.8779
21778,721.5325
21779,305.12015
21780,840.3506
21781,190.26892
21782,678.29126
21783,845.90045
21784,847.73584
21785,716.24817
21786,298.874
21787,776.0417
21788,730.23737
21789,734.62146
21790,173.01866
21791,724.3195
21792,404.79813
21793,293.16147
21794,752.45935
21795,690.4721
21796,720.6772
21797,845.9042
21798,688.98413
21799,682.835
21800,696.5962
21801,304.2367
21802,751.4234
21803,703.51385
21804,708.85254
21805,692.5444
21806,698.3418
21807,708.1731
21808,717.1576
21809,396.77594
21810,564.0827
21811,712.50574
21812,769.51025
21813,303.89716
21814,753.9643
21815,756.6918
21816,708.7325
21817,709.65
21818,751.12463
21819,678.97034
21820,704.998
21821,287.68723
21822,705.5123
21823,700.8961
21824,720.15155
21825,720.843
21826,682.04456
21827,752.99396
21828,688.8181
21829,636.4207
21830,749.079
21831,731.6078
21832,691.02155
21833,729.62317
21834,405.4818
21835,735.25006
21836,691.7659
21837,190.11896
21838,699.89374
21839,287.03278
21840,730.52203
21841,686.25116
21842,543.08984
21843,388.07697
21844,703.06067
21845,729.61035
21846,302.2779
21847,298.5676
21848,664.4077
21849,411.9436
21850,236.18008
21851,675.9179
21852,689.8596
21853,692.1849
21854,398.4238
21855,684.8224
21856,748.36694
21857,718.59143
21858,697.48016
21859,730.3659
21860,715.1971
21861,303.42706
21862,681.88916
21863,678.34375
21864,680.4745
21865,680.7481
21866,705.71313
21867,462.26578
21868,685.7504
21869,681.90326
21870,720.566
21871,688.5521
21872,707.2944
21873,718.52277
21874,680.0701
21875,697.15796
21876,751.9783
21877,399.39484
21878,748.22156
21879,700.02704
21880,739.12415
21881,295.69055
21882,731.55347
21883,678.66315
21884,719.0723
21885,698.2456
21886,300.1283
21887,681.41785
21888,703.49084
21889,731.01843
21890,708.4585
21891,745.68243
21892,680.3877
21893,399.8584
21894,731.6964
21895,712.7061
21896,734.5879
21897,405.8156
21898,682.5758
21899,733.6529
21900,737.06885
21901,724.30066
21902,727.06604
21903,720.66516
21904,586.70306
21905,838.77026
21906,762.81213
21907,679.58484
21908,686.33154
21909,704.8492
21910,404.3873
21911,720.1524
21912,400.2417
21913,714.54095
21914,716.92786
21915,747.95154
21916,681.6105
21917,673.14825
21918,749.24066
21919,703.68195
21920,848.18256
21921,299.05502
21922,670.9394
21923,400.09283
21924,293.1658
21925,714.7883
21926,690.3977
21927,320.86884
21928,781.4979
21929,293.78558
21930,298.43103
21931,734.1222
21932,409.51105
21933,677.8347
21934,402.02557
21935,746.60205
21936,717.0656
21937,406.2033
21938,771.16394
21939,541.3592
21940,733.20013
21941,704.001
21942,704.6105
21943,681.3021
21944,746.1535
21945,185.50197
21946,705.9415
21947,734.6976
21948,768.0928
21949,698.10864
21950,720.7246
21951,749.05096
21952,297.11002
21953,730.0214
21954,693.48627
21955,406.60895
21956,403.3911
21957,402.12625
21958,698.5916
21959,707.2453
21960,749.98096
21961,726.4203
21962,750.344
21963,298.92233
21964,718.7731
21965,677.97974
21966,734.6335
21967,299.04858
21968,746.5445
21969,707.31
21970,404.08502
21971,674.47034
21972,709.86914
21973,679.27423
21974,295.75528
21975,767.61505
21976,297.97604
21977,734.42474
21978,667.7301
21979,719.7061
21980,684.3225
21981,303.9374
21982,760.96344
21983,158.10324
21984,701.54407
21985,745.79443
21986,688.4282
21987,672.04846
21988,718.59485
21989,679.5106
21990,682.2019
21991,731.4338
21992,729.93933
21993,706.87555
21994,235.74232
21995,685.9623
21996,455.1842
21997,407.47073
21998,739.3009
21999,236.39919
22000,403.1322
22001,729.07764
22002,766.11566
22003,677.982
22004,681.98645
22005,680.381
22006,691.38934
22007,715.7917
22008,701.64886
22009,753.66974
22010,716.8011
22011,687.44916
22012,688.5992
22013,377.11157
22014,759.5421
22015,392.8627
22016,748.1212
22017,399.55496
22018,483.17303
22019,306.87094
22020,173.78825
22021,713.0662
22022,705.3821
22023,721.0747
22024,704.9235
22025,301.59555
22026,698.41956
22027,721.9522
22028,205.90344
22029,680.8178
22030,724.8692
22031,300.98648
22032,729.9798
22033,406.1772
22034,736.66455
22035,251.76083
22036,745.42786
22037,714.6499
22038,737.56396
22039,775.2464
22040,703.1797
22041,713.8328
22042,717.49316
22043,699.5718
22044,271.97974
22045,702.91785
22046,724.4687
22047,684.44696
22048,306.1139
22049,297.12164
22050,684.0865
22051,300.73322
22052,678.55225
22053,305.69745
22054,695.31036
22055,726.39813
22056,729.37427
22057,706.26495
22058,738.51794
22059,678.0759
22060,704.7807
22061,400.775
22062,768.78345
22063,849.25006
22064,463.46085
22065,697.9605
22066,706.35455
22067,699.3849
22068,736.45715
22069,397.76358
22070,723.2212
22071,682.47095
22072,679.9283
22073,557.8052
22074,743.8629
22075,527.3804
22076,734.42664
22077,757.1715
22078,683.34607
22079,717.1617
22080,848.6917
22081,731.41547
22082,852.33875
22083,709.12427
22084,673.2554
22085,846.99854
22086,682.93427
22087,751.2658
22088,687.98505
22089,708.13666
22090,696.23676
22091,683.9478
22092,703.86304
22093,700.20233
22094,763.19995
22095,811.0459
22096,401.7941
22097,846.8753
22098,780.3809
22099,697.94116
22100,719.48096
22101,294.15317
22102,704.0876
22103,707.7922
22104,681.3823
22105,707.2403
22106,682.4035
22107,301.2032
22108,403.73056
22109,740.6063
22110,740.5997
22111,403.81067
22112,740.3627
22113,304.90793
22114,732.54565
22115,778.56525
22116,679.86414
22117,710.5896
22118,506.95374
22119,688.95514
22120,298.3738
22121,721.51953
22122,752.417
22123,705.94604
22124,725.6286
22125,703.6195
22126,709.5594
22127,788.0291
22128,391.55743
22129,689.3868
22130,297.98874
22131,683.2575
22132,719.5454
22133,682.90594
22134,678.3054
22135,844.5355
22136,721.8403
22137,702.52026
22138,736.829
22139,295.43146
22140,405.76932
22141,738.21204
22142,404.2282
22143,754.0864
22144,842.3688
22145,688.72736
22146,728.92865
22147,695.52277
22148,773.5728
22149,726.8195
22150,400.55728
22151,753.73303
22152,300.54645
22153,423.5899
22154,396.46487
22155,702.601
22156,696.5355
22157,747.19586
22158,727.1251
22159,292.4176
22160,721.755
22161,772.9276
22162,748.4865
22163,720.1819
22164,397.86295
22165,405.4397
22166,448.45074
22167,769.5571
22168,723.24524
22169,729.0455
22170,724.677
22171,405.28943
22172,188.57875
22173,852.6508
22174,713.3164
22175,700.27997
22176,402.37933
22177,722.88794
22178,731.25684
22179,850.9395
22180,724.0648
22181,683.1391
22182,678.12775
22183,749.4484
22184,301.2396
22185,543.51556
22186,775.3505
22187,689.7103
22188,736.1768
22189,402.2971
22190,712.6007
22191,739.57227
22192,732.59625
22193,697.4912
22194,705.228
22195,298.97592
22196,728.51953
22197,676.2089
22198,299.18604
22199,721.27014
22200,680.9289
22201,715.2683
22202,742.77045
22203,682.21783
22204,716.33105
22205,709.2572
22206,751.88184
22207,700.02246
22208,724.6169
22209,703.6419
22210,295.58386
22211,737.18414
22212,782.67487
22213,805.0261
22214,400.83334
22215,840.22076
22216,705.9699
22217,695.923
22218,734.6943
22219,701.97363
22220,696.73334
22221,391.46103
22222,377.13943
22223,377.7058
22224,709.9816
22225,677.30023
22226,721.8952
22227,740.7504
22228,400.06665
22229,750.8679
22230,253.86798
22231,715.8339
22232,718.4117
22233,727.35
22234,401.81244
22235,725.15533
22236,706.5548
22237,236.54895
22238,700.9297
22239,746.85254
22240,691.7261
22241,700.5717
22242,404.11343
22243,703.4228
22244,569.9329
22245,709.9503
22246,709.105
22247,283.86417
22248,724.6109
22249,687.2077
22250,299.17477
22251,726.3361
22252,395.3494
22253,297.0406
22254,680.8614
22255,749.9501
22256,697.9531
22257,726.6523
22258,836.25195
22259,772.82404
22260,751.585
22261,683.6736
22262,510.55652
22263,715.4363
22264,392.10187
22265,680.34375
22266,753.01105
22267,354.02112
22268,702.167
22269,704.611
22270,786.7932
22271,728.8993
22272,700.7581
22273,295.16666
22274,752.41986
22275,840.5293
22276,395.75238
22277,726.83685
22278,727.6998
22279,728.034
22280,697.5567
22281,731.21313
22282,784.34863
22283,713.31305
22284,695.958
22285,756.95154
22286,773.29114
22287,743.08026
22288,705.548
22289,707.11945
22290,756.41754
22291,720.54114
22292,839.7081
22293,755.91315
22294,718.31616
22295,371.64075
22296,706.59186
22297,706.445
22298,687.40936
22299,718.53534
22300,697.1906
22301,705.14154
22302,848.7394
22303,679.16254
22304,707.9217
22305,731.8849
22306,400.59854
22307,310.86346
22308,786.3743
22309,297.9499
22310,705.1414
22311,707.2248
22312,697.9998
22313,718.43256
22314,749.29706
22315,171.84726
22316,689.5644
22317,395.02
22318,689.9147
22319,704.3175
22320,400.84958
22321,671.0643
22322,289.88278
22323,461.2781
22324,733.8779
22325,296.65857
22326,750.4779
22327,717.32697
22328,717.114
22329,702.8379
22330,705.6961
22331,380.8198
22332,719.1089
22333,782.6426
22334,722.21844
22335,686.8084
22336,668.1991
22337,694.6402
22338,401.93948
22339,803.06714
22340,309.10217
22341,711.57477
22342,753.4853
22343,745.11346
22344,722.19135
22345,697.81085
22346,851.4695
22347,682.32153
22348,305.74136
22349,235.09793
22350,299.5975
22351,752.41595
22352,810.46094
22353,747.64886
22354,847.57135
22355,721.4263
22356,700.1819
22357,702.7633
22358,685.2047
22359,529.26
22360,755.1933
22361,707.89575
22362,721.9039
22363,680.98175
22364,697.77466
22365,728.4817
22366,684.1358
22367,805.81146
22368,701.00214
22369,745.8907
22370,707.6264
22371,681.1028
22372,728.72253
22373,299.88943
22374,683.61316
22375,709.0897
22376,685.8823
22377,730.3257
